frequency	tag	average_word_count	average_descendant_num	immediate_texts_average_length	URL_example	hivatkozas	preserved_attribute
17487	<main class=post-main id=main>	643.7345456624921	30.49808429118774	0.0	https://budapestbeacon.com/fidesz-bastion-hodmezovasarhely-falls/?_sf_s&sf_paged=17 https://hu.budapestbeacon.com/kiemelt-cikkek/magyar-kormany-zold-utat-ad-vitatott-nemet-megszallasi-emlekmunek/ https://budapestbeacon.com/orban-government-squanders-private-retirement-savings-confiscated-in-2011/?_sf_s&sf_paged=252 https://hu.budapestbeacon.com/kiemelt-cikkek/szerintem-az-eu-folbomolhat-interju-ket-amerikai-politologussal-az-europai-uniorol-kulonos-tekintettel-magyarorszagra-es-lengyelorszagra/ https://budapestbeacon.com/ep-election-fidesz-jobbik-and-mszp-to-send-representatives-to-brussels-in-that-order/?_sf_s&sf_paged=394	default	default
7110	<div id=quotable-content>	637.0576652601969	34.57834036568214	0.0	https://hu.budapestbeacon.com/egyebhirek/egymilliot-fizethet-fidesz-mert-hazugsagot-allitott-helsinki-bizottsagrol/ https://hu.budapestbeacon.com/kiemelt-cikkek/megvan-goncz-arpad-temetesenek-pontos-idopontja/ https://hu.budapestbeacon.com/kiemelt-cikkek/horthy-miklos-admiralis-mellszobrat-vasarnap-leplezik-le/ https://hu.budapestbeacon.com/kiemelt-cikkek/csak-unios-jovahagyas-utan-hivjak-le-paksi-hitelt/?_sf_s&sf_paged=51 https://hu.budapestbeacon.com/egyebhirek/az-orszaggyules-helyett-harmadik-orban-kormany-hatarozza-meg-miniszteriumok-strukturajat-celjait-es-illetekessegi-koreit/?_sf_s&sf_paged=210	default	default
7171	<p style=@STYLE>	9.685260075303304	1.9845209873099987	3.293264537721378	https://hu.budapestbeacon.com/kiemelt-cikkek/kuncze-az-egyutt-el-fog-vinni-egy-ket-szazalekot-momentum-pedig-valasztas-utan-memento-lesz/?_sf_s&sf_paged=14 https://hu.budapestbeacon.com/kiemelt-cikkek/orban-bakuban-a-miniszterelnok-szerint-nagy-lehetoseg-elott-all-a-magyar-azeri-egyuttmukodes/ https://hu.budapestbeacon.com/kiemelt-cikkek/simicska-lajos-nem-leszek-orban-partnere-egy-uj-diktatura-epiteseben/?_sf_s&sf_paged=142 https://hu.budapestbeacon.com/kiemelt-cikkek/30-evre-titkositotta-parlament-paks-ii-dokumentumait/?_sf_s&sf_paged=135 https://hu.budapestbeacon.com/uzlet-es-gazdasag/jegybank-megvette-masodik-belvarosi-irodahazat-ezuttal-sajat-alapitvanya-reszere/?_sf_s&sf_paged=187	bekezdes	default
57648	<a href=@LINK>	2.8657889258950875	0.2951706910907577	2.807278656674993	https://budapestbeacon.com/hungary-granted-multinational-companies-308-million-in-tax-allowances-over-two-year-period/?_sf_s&sf_paged=75 https://budapestbeacon.com/number-high-level-government-officials-twice-high-socialists/ https://hu.budapestbeacon.com/uzlet-es-gazdasag/deloitte-stabilitas-versenykepesseg-kulcsa/?_sf_s&sf_paged=245 https://hu.budapestbeacon.com/civil-ugyek/eltunik-kitoloncolt-menedekkerok-nagy-resze/ https://budapestbeacon.com/minority-election-law-backfires-hundreds-elections-cancelled/?_sf_s&sf_paged=363	hivatkozas	href
236962	<p>	41.213705151036876	0.6815860770925296	35.24537267578768	https://budapestbeacon.com/figyelo-archives-scrubbed-internet/?_sf_s&sf_paged=114 https://budapestbeacon.com/szabolcs-kerek-barczy-accuses-antal-rogan-of-dishonesty-and-corruption/ https://hu.budapestbeacon.com/politika/az-orszaggyules-megszavazta-az-eu-kvotarol-nepszavazast/?_sf_s&sf_paged=40 https://budapestbeacon.com/fidesz-politicians-agribusiness-buy-60-of-state-lands-sold-at-public-auction-says-lmp/ https://budapestbeacon.com/fidesz-took-hungarian-media-market-years/	bekezdes	default
28106	<strong>	12.602077848146303	0.0789511136412154	12.198534120828294	https://hu.budapestbeacon.com/kiemelt-cikkek/alakul-a-simicska-lajostol-fuggetlen-jobboldali-mediabirodalom/?_sf_s&sf_paged=89 https://budapestbeacon.com/winner-lorinc-meszaros/?_sf_s&sf_paged=176 https://hu.budapestbeacon.com/civil-ugyek/pacifikalni-kell-tarsadalmat-ciganyoktol-kiallitas-es-podiumbeszelgetes-porrajmosrol/ https://budapestbeacon.com/viktor-orban-hungary-is-a-stable-island-in-a-seething-western-world/?_sf_s&sf_paged=138 https://hu.budapestbeacon.com/uzlet-es-gazdasag/lazar-megszunik-letelepedesi-kotveny/	felkover	default
13616	<b>	12.284077555816687	0.10744712103407755	11.70659518213866	https://budapestbeacon.com/how-hungarians-celebrate-holy-week/?_sf_s&sf_paged=399 https://budapestbeacon.com/viktor-orban-holds-impromptu-press-conference-after-european-council-defeat/?_sf_s&sf_paged=385 https://budapestbeacon.com/lazar-hungary-would-never-go-to-washington-with-a-bag-of-money/?_sf_s&sf_paged=246 https://hu.budapestbeacon.com/egyebhirek/deutsch-tamas-pert-nyert-juhasz-peterrel-szemben/ https://budapestbeacon.com/poor-families-hard-hit-by-hungarys-new-and-improved-welfare-system/?_sf_s&sf_paged=297	felkover	default
4900	<a href=@LINK target=@target>	3.896326530612245	0.2383673469387755	3.583061224489796	https://hu.budapestbeacon.com/kiemelt-cikkek/kapcsolatfelvetel-donald-trump-es-magyar-ketfarku-kutyapart-kozott/ https://hu.budapestbeacon.com/kiemelt-cikkek/teljes-kaosz-polgarmester-korul/ https://hu.budapestbeacon.com/politika/alaposan-beegette-szijjartot-bbc-musorvezetoje/ https://hu.budapestbeacon.com/kiemelt-cikkek/embertelen-korulmenyek-megvert-menekultek/ https://hu.budapestbeacon.com/egyebhirek/budapesten-verne-baloldal-fideszt/	hivatkozas	href
19280	<i>	10.479719917012448	0.009595435684647304	10.428578838174273	https://hu.budapestbeacon.com/egyebhirek/magyar-kormany-meg-sem-probalta-megszerezni-legnagyobb-zsakmanyt-amit-brexittel-nyerni-lehet-ez-tortent-kedden/ https://budapestbeacon.com/kkm-withdrew-huf-72-billion-securities-quaestor-just-collapse/ https://hu.budapestbeacon.com/egyebhirek/adossagban-elen-jarnak-meszaros-lorinc-cegei-ez-tortent-szerdan/ https://hu.budapestbeacon.com/egyebhirek/kosa-szerint-nyelvbotlas-volt-semjen-nepcsoportozasa-ez-tortent-hetfon/ https://budapestbeacon.com/norwegian-picnic-eea-and-norway-civil-grants-at-work/	dolt	default
34085	<em>	18.77283262432155	0.08376118527211383	18.340413671703097	https://budapestbeacon.com/they-might-be-migrants/?_sf_s&sf_paged=194 https://budapestbeacon.com/andras-simonyi-on-putins-visit-to-budapest-and-hungarys-failed-foreign-policy/ https://budapestbeacon.com/hungarian-ultranationlist-barna-csibi-seeks-ties-with-donetsk-seperatists/ https://budapestbeacon.com/ep-president-accuses-hungary-of-politicizing-refugee-crisis/ https://budapestbeacon.com/rtl-group-issues-official-position-paper-on-hungary-ad-tax/?_sf_s&sf_paged=354	kiemelt	default
646	<blockquote>	83.5185758513932	2.7260061919504643	0.0	https://hu.budapestbeacon.com/egyebhirek/ennyi-hulye-ven-kat-mondta-fideszes-polgarmester/ https://budapestbeacon.com/focus-on-hungary-refugees-asylum-and-migration/?_sf_s&sf_paged=217 https://budapestbeacon.com/ny-governor-invites-hungary-resolve-lex-ceu/ https://hu.budapestbeacon.com/egyebhirek/felmentettek-sukoro-ugy-fovadlottjait/ https://budapestbeacon.com/guess-just-bought-mediaworks/?_sf_s&sf_paged=153	default	default
1540	<p dir=ltr style=@STYLE>	4.581818181818182	1.6207792207792209	3.379220779220779	https://hu.budapestbeacon.com/politika/bokros-lajos-magyar-betegseg-fertozo/?_sf_s&sf_paged=239 https://hu.budapestbeacon.com/uzlet-es-gazdasag/gyengul-forint-az-elemzok-szamara-meglepo-merteku-kamatvagas-utan/?_sf_s&sf_paged=225 https://hu.budapestbeacon.com/egyebhirek/fidesz-elkordonoztatta-az-egyutt-pm-valasztasi-eredmenyvaro-bulijanak-helyszinet-madach-ter-epitesi-terulet-lett/?_sf_s&sf_paged=217 https://budapestbeacon.com/hungarian-opposition-leaders-react-to-orbans-state-of-the-union-address/?_sf_s&sf_paged=411 https://budapestbeacon.com/hungarian-government-uses-private-pension-fund-proceeds-to-plug-spending-gaps/?_sf_s&sf_paged=407	bekezdes	default
710	<p dir=ltr id=@LONG>	38.22816901408451	0.21971830985915494	36.38591549295775	https://budapestbeacon.com/hungarian-mep-george-schopfin-words/?_sf_s&sf_paged=424 https://hu.budapestbeacon.com/egyebhirek/juhasz-peter-milla-alapitoja-marad-az-egyutt-2014-pm-koalicio-tarselnoke/ https://budapestbeacon.com/hungarian-mep-george-schopfin-words/ https://hu.budapestbeacon.com/kiemelt-cikkek/fidesz-2013-sikeres-ev-volt/ https://hu.budapestbeacon.com/tarsadalom/kozgyules-megszavazta-budapesti-tomegkozlekedes-aranak-10-os-csokkenteset/	bekezdes	default
25715	<p dir=ltr>	36.06747034804589	0.358351156912308	30.69208633093525	https://hu.budapestbeacon.com/kiemelt-cikkek/m4-es-metro-tanulmany-hatekonytalansagrol-es-pazarlasrol/ https://hu.budapestbeacon.com/tarsadalom/tamas-gaspar-miklos-az-uj-politikai-ellenzek-utcai-konfliktusokbol-fog-megszuletni/?_sf_s&sf_paged=232 https://hu.budapestbeacon.com/kiemelt-cikkek/igy-nyert-fidesz-ketharmados-parlamenti-tobbseget-szavazatok-47-szazalekaval/?_sf_s&sf_paged=216 https://hu.budapestbeacon.com/egyebhirek/2010-ota-felmillio-kulfoldon-elo-kapta-meg-magyar-allampolgarsagot/ https://hu.budapestbeacon.com/egyebhirek/nav-lecsapott-2-milliardos-afa-csalast-elkoveto-bunszervezetre/	bekezdes	default
2080	<ul>	83.55	6.389423076923077	0.0	https://hu.budapestbeacon.com/egyebhirek/meg-meszaros-lorinc-cege-sem-elegedett-magyar-gazdasaggal-kezi-granatvetot-es-elfogohalot-kap-kover-hazorsege-szerdai-hirosszefoglalonk/ https://budapestbeacon.com/szigetvari-says-egyutt-is-focused-on-bringing-in-new-voters/ https://hu.budapestbeacon.com/politika/orban-viktor-helyi-valasztasok-igazoljak-hogy-magyarorszag-dolgozik/?_sf_s&sf_paged=173 https://budapestbeacon.com/how-viktor-orban-channeled-tens-of-billions-of-forints-to-lajos-simicskas-media-empire/ https://budapestbeacon.com/karacsony-unveils-still-incomplete-shadow-cabinet/	lista	default
9853	<li>	18.11113366487364	0.30965188267532734	15.893433472038973	https://budapestbeacon.com/40-percent-5th-6th-year-medical-students-plan-leave-hungary-graduation/ https://budapestbeacon.com/hungarian-far-right-new-book-peter-kreko-attila-juhasz-political-capital/ https://budapestbeacon.com/govt-squanders-16-million-on-propaganda-campaigns-in-december-and-january/?_sf_s&sf_paged=9 https://hu.budapestbeacon.com/kiemelt-cikkek/kormany-bertelsmannal-egyezkedik-merkel-latogatas-elott-rtl-klub-miatt/?_sf_s&sf_paged=145 https://budapestbeacon.com/hungarian-teachers-protest-education-reforms/?_sf_s&sf_paged=344	listaelem	default
3615	<figure aria-describedby=@attachmentNUM class=wp-caption @STYLE id=@attachmentNUM style=@STYLE>	8.199446749654218	2.4146611341632087	0.0	https://budapestbeacon.com/new-socialist-leader-wants-win-2018-elections/?_sf_s&sf_paged=195 https://budapestbeacon.com/saturday-explosion-plays-into-governments-hands-say-opposition-politicians/ https://budapestbeacon.com/hungary-considers-introducing-9th-grade-elementary-school-education/?_sf_s&sf_paged=122 https://budapestbeacon.com/unhcr-kicks-off-world-refugee-day-2016/?_sf_s&sf_paged=198 https://budapestbeacon.com/us-white-supremacist-in-budapest-for-conference-despite-govt-ban/	media_tartalom	default
3615	<figcaption class=wp-caption-text id=@attachmentNUM>	8.199446749654218	0.026556016597510373	8.161825726141078	https://budapestbeacon.com/curia-upholds-ruling-abolishing-school-segregation-kaposvar/ https://budapestbeacon.com/fidesz-poised-finalize-list-106-individual-candidates/ https://budapestbeacon.com/black-nurse-condemns-fidesz-kdnp-government-on-hirtv/?_sf_s&sf_paged=34 https://budapestbeacon.com/kosa-to-step-down-as-leader-of-fideszs-parliamentary-faction/?_sf_s&sf_paged=66 https://budapestbeacon.com/fidesz-mayors-xenophobic-facebook-post-backfires-spectacularly/?_sf_s&sf_paged=266	default	default
5777	<span style=@STYLE>	27.789510126363165	0.16842651895447464	26.76406439328371	https://hu.budapestbeacon.com/kiemelt-cikkek/gerinctelen-szuklatokoru-gyakran-buta-emberek-vezetik-az-orszagot-momentumos-lakossagi-forum-munchenben-fekete-gyor-andrassal/ https://budapestbeacon.com/former-green-authority-chief-indicted-fraud/?_sf_s&sf_paged=419 https://hu.budapestbeacon.com/kiemelt-cikkek/igy-velekednek-hataron-tuli-politikusok-gyurcsany-bejelenteserol/ https://budapestbeacon.com/jobbik-demands-end-to-settlement-bond-scheme/ https://budapestbeacon.com/hungary-to-conceal-data-on-certain-public-investments-for-30-years-citing-terror-risk/	default	default
483	<iframe allowfullscreen=allowfullscreen frameborder=@NUM height=@STYLE src=@LINK width=@STYLE>	0.016563146997929608	0.024844720496894408	0.0	https://hu.budapestbeacon.com/kiemelt-cikkek/volt-eu-biztos-szerint-csak-jobb-egyuttmukodes-eredmenyezhet-hatekonyabb-valaszokat-kihivasokra/ https://hu.budapestbeacon.com/egyebhirek/az-hogy-magyarorszag-ellen-meg-nem-inditottak-el-jogallamisagi-mechanizmust-nem-jelenti-azt-hogy-jovoben-nem-fogjak/ https://hu.budapestbeacon.com/kiemelt-cikkek/dicsoseg-a-waffen-ss-nek-dicsoseg-szalasi-ferencnek-a-kitores-napjara-emlekeztek/?_sf_s&sf_paged=61 https://hu.budapestbeacon.com/kiemelt-cikkek/strategiai-megtevesztes-az-orosz-hadviseles-szerves-resze/ https://budapestbeacon.com/former-jobbik-politician-caught-counterfeiting-dollars/	beagyazott_tartalom	src
255	<div style=@STYLE>	67.46666666666667	3.1098039215686275	37.95294117647059	https://budapestbeacon.com/clouds-on-the-horizon-for-hungarys-minority-groups/?_sf_s&sf_paged=288 https://hu.budapestbeacon.com/politika/azt-gondolom-hogy-rogan-antalnak-vege-van-folytatodott-rogan-juhasz-per/ https://hu.budapestbeacon.com/tarsadalom/ozonlenek-magyarorszagra-koszovoi-gazdasagi-menekultek/ https://hu.budapestbeacon.com/kiemelt-cikkek/nagyon-nagy-szerencse-kell-ahhoz-hogy-valaki-olimpiai-vilag-vagy-europa-bajnok-legyen-interju-szalma-laszloval/ https://hu.budapestbeacon.com/kiemelt-cikkek/visszaut-e-fidesznek-hogy-igy-kiszurt-kdnp-vel/	default	default
71	<a href=@LINK style=@STYLE target=@target>	6.436619718309859	0.0	6.436619718309859	https://budapestbeacon.com/goodfriend-shows-solidarity-beleaguered-hungarian-ngos-press-conference/?_sf_s&sf_paged=355 https://hu.budapestbeacon.com/egyebhirek/goodfriend-szolidaritast-vallalt-hanyatatott-sorsu-magyar-civil-szervezetekkel-egy-sajtotajekoztaton/?_sf_s&sf_paged=173 https://budapestbeacon.com/goodfriend-shows-solidarity-beleaguered-hungarian-ngos-press-conference/ https://budapestbeacon.com/clouds-on-the-horizon-for-hungarys-minority-groups/?_sf_s&sf_paged=288 https://hu.budapestbeacon.com/politika/helsinki-bizottsag-a-harom-csapas-altal-uldozendo-buncselekmenyek-szama-nem-csokkent-az-elmult-evekben/?_sf_s&sf_paged=120	hivatkozas	href
5587	<p class=@NUM>	34.89511365670306	2.1356720959369966	1.0048326472167532	https://hu.budapestbeacon.com/egyebhirek/horthy-miklosert-miseznek-auschwitz-felszabadulasanak-evfordulojan-ez-tortent-szerdan/ https://hu.budapestbeacon.com/kiemelt-cikkek/kesz-zoltan-csak-egy-maradhat-es-akkor-ketharmaddal-nyerhet-az-ellenzek/?_sf_s&sf_paged=20 https://hu.budapestbeacon.com/kiemelt-cikkek/az-eu-fel-tudna-lepni-magyarorszaggal-szemben-ha-meglenne-a-kello-politikai-akarat/ https://hu.budapestbeacon.com/kiemelt-cikkek/az-egyuttnek-mint-politikai-partnak-nincsen-folytatasa-interju-szabo-szabolccsal/ https://hu.budapestbeacon.com/egyebhirek/fideszes-kepviselok-irtak-ala-levai-katalinnak-ez-tortent-szerdan/	bekezdes	default
9006	<span class=@NUM>	24.83666444592494	0.8583166777703753	21.570619586942037	https://hu.budapestbeacon.com/egyebhirek/meszaros-lorincnek-fogalma-sincs-mennyi-penze-van-ez-tortent-hetfon/ https://hu.budapestbeacon.com/egyebhirek/allami-penzekkel-kitomott-szallodas-vadasztatta-semjent-svedorszagban-ez-tortent-hetfon/ https://hu.budapestbeacon.com/kiemelt-cikkek/laszlo-robert-husz-eve-az-kerdes-hogy-szereti-e-orban-viktort/?_sf_s&sf_paged=19 https://hu.budapestbeacon.com/egyebhirek/hadhazy-akos-hiaba-kereste-az-17-millio-konzultacios-ivet-ez-tortent-csutortokon/ https://hu.budapestbeacon.com/kiemelt-cikkek/setet-jeno-jo-lenne-ha-lazar-janos-tudomasul-venne-hogy-a-magyarorszagi-ciganyok-magyarok-es-egyikunknel-sem-tobb-egy-jottanyival-sem-barmennyi-vagyona-is-legyen/?_sf_s&sf_paged=4	default	default
80	<span class=Apple-converted-space>	0.025	0.0	0.025	https://budapestbeacon.com/andras-simonyi-orban-off-course-heading-wrong-track/ https://hu.budapestbeacon.com/egyebhirek/utoljara-husz-eve-volt-ilyen-keves-egyetemista-magyarorszagon-ez-tortent-szerdan/ https://budapestbeacon.com/hungarian-national-bank-receives-a-for-panic-mongering-in-wake-of-broker-scandals/?_sf_s&sf_paged=309 https://hu.budapestbeacon.com/egyebhirek/hando-tunde-obh-elnok-visszaelt-a-hatalmaval/?_sf_s&sf_paged=5 https://hu.budapestbeacon.com/kiemelt-cikkek/ma-magyarorszagon-gyakorlatilag-nincs-olyan-ugy-amibe-ne-lehetne-belenyulni-interju-szekely-gabor-egykori-biroval/?_sf_s&sf_paged=12	default	default
5525	<a href=@LINK rel=noopener target=@target>	1.6787330316742082	0.4200904977375566	1.0809049773755657	https://hu.budapestbeacon.com/kiemelt-cikkek/beer-mikos-keresztenyekre-ugyanugy-lehet-mondani-hogy-terroristak/?_sf_s&sf_paged=26 https://hu.budapestbeacon.com/egyebhirek/hadhazy-akos-hiaba-kereste-az-17-millio-konzultacios-ivet-ez-tortent-csutortokon/ https://hu.budapestbeacon.com/kiemelt-cikkek/mi-vihette-fidesz-szimpatizans-rabbit-coming-outra/?_sf_s&sf_paged=13 https://hu.budapestbeacon.com/egyebhirek/az-atv-es-ronai-egon-elhatarolodott-nagy-bando-kijelentesetol-ez-tortent-szerdan/?_sf_s&sf_paged=18 https://hu.budapestbeacon.com/egyebhirek/allami-penzekkel-kitomott-szallodas-vadasztatta-semjent-svedorszagban-ez-tortent-hetfon/	hivatkozas	href
28	<div dir=ltr>	123.5	74.0	0.0	https://hu.budapestbeacon.com/politika/magyarorszagi-ep-valasztasok-magyar-szocialista-part-mszp/ https://budapestbeacon.com/migration-aid-rescues-refugees-from-human-traffickers/ https://budapestbeacon.com/scandal-court-rules-raid-on-okotars-foundation-was-illegal/?_sf_s&sf_paged=325 https://hu.budapestbeacon.com/uzlet-es-gazdasag/business-magyarorszag-2014/ https://budapestbeacon.com/day-orban-openly-stood-hate-bigotry/?_sf_s&sf_paged=58	default	default
58	<table>	95.10344827586206	79.86206896551724	0.0	https://budapestbeacon.com/viktor-orban-at-tusnadfurdo-anything-can-happen/ https://budapestbeacon.com/table/?_sf_s&sf_paged=337 https://budapestbeacon.com/viktor-orban-at-tusnadfurdo-anything-can-happen/?_sf_s&sf_paged=377 https://budapestbeacon.com/hungarian-ep-elections-hungarian-socialist-party-mszp/?_sf_s&sf_paged=397 https://hu.budapestbeacon.com/kiemelt-cikkek/talaljak-ki-hogy-az-eu-tagallamok-koltsegvetesei-kozul-atlathatosag-szempontjabol-melyik-a-leggyengebb/?_sf_s&sf_paged=91	table_text	default
60	<tbody>	94.3	77.16666666666667	0.0	https://hu.budapestbeacon.com/kiemelt-cikkek/hungary-initiatives-foundation-koltekezesbe-kezdett-valasztasok-elott/ https://budapestbeacon.com/eeanorwegian-ngo-fund-136-hungarian-ngos-receive-e4-34-million/ https://budapestbeacon.com/table/?_sf_s&sf_paged=337 https://budapestbeacon.com/hungarian-billionaires-receive-the-most-agricultural-subsidies-in-2014/ https://budapestbeacon.com/hungary-initiatives-foundation-goes-on-spending-spree-in-lead-up-to-general-ep-elections/	default	default
824	<tr>	6.866504854368932	4.618932038834951	0.0	https://budapestbeacon.com/eeanorwegian-ngo-fund-136-hungarian-ngos-receive-e4-34-million/ https://hu.budapestbeacon.com/kiemelt-cikkek/hungary-initiatives-foundation-koltekezesbe-kezdett-valasztasok-elott/?_sf_s&sf_paged=202 https://hu.budapestbeacon.com/politika/magyarorszagi-ep-valasztasok-lehet-mas-politika-lmp/?_sf_s&sf_paged=212 https://hu.budapestbeacon.com/kiemelt-cikkek/orban-viktor-veje-tobbmilliardos-allami-es-onkormanyzati-szerzodeseket-kapott/?_sf_s&sf_paged=155 https://hu.budapestbeacon.com/uzlet-es-gazdasag/business-magyarorszag-2014/?_sf_s&sf_paged=246	sor	default
2596	<td>	2.037750385208012	0.40755007704160245	1.4167950693374423	https://budapestbeacon.com/doing-business-in-hungary-2014/ https://budapestbeacon.com/ep-elections-show-growing-number-europeans-tired-business-usual/?_sf_s&sf_paged=392 https://budapestbeacon.com/viktor-orban-at-tusnadfurdo-anything-can-happen/ https://hu.budapestbeacon.com/politika/magyarorszagi-ep-valasztasok-magyar-szocialista-part-mszp/ https://budapestbeacon.com/table/	oszlop	default
286	<h3 dir=ltr style=@STYLE>	4.223776223776224	1.3636363636363635	4.153846153846154	https://hu.budapestbeacon.com/kiemelt-cikkek/magyarorszag-repedezett-valasztasi-rendszere/?_sf_s&sf_paged=248 https://hu.budapestbeacon.com/kiemelt-cikkek/eu-projektek-miatt-lehet-tiszta-ivoviz/ https://budapestbeacon.com/new-website-tracks-corruption-in-hungary/ https://hu.budapestbeacon.com/kiemelt-cikkek/cba-tulajdonosai-benne-vannak-magyar-politikai-maffiaban/ https://hu.budapestbeacon.com/egyebhirek/magyar-nemzeti-bank-pert-indit-az-index-hu-baratoknak-osztja-penzt-az-mnb-ellenorizetlenul-cimu-cikke-miatt/?_sf_s&sf_paged=214	cimsor	default
150	<h3 dir=ltr id=@LONG style=@STYLE>	10.026666666666667	0.0	10.026666666666667	https://hu.budapestbeacon.com/kiemelt-cikkek/matolcsy-gyorgy-az-mnb-vezetoje-komoly-koltekezesbe-kezdett/?_sf_s&sf_paged=214 https://hu.budapestbeacon.com/kiemelt-cikkek/ezrek-vonultak-bekesen-roma-buszkeseg-napjan/?_sf_s&sf_paged=247 https://hu.budapestbeacon.com/kiemelt-cikkek/eu-projektek-miatt-lehet-tiszta-ivoviz/ https://hu.budapestbeacon.com/kiemelt-cikkek/kuncze-igy-mukodik-maffiaallam-2013-ban/?_sf_s&sf_paged=237 https://hu.budapestbeacon.com/kiemelt-cikkek/boldog-uj-evet/	cimsor	default
171	<iframe allowfullscreen=allowfullscreen frameborder=@NUM height=@STYLE scrolling=no src=@LINK style=@STYLE width=@STYLE>	0.06432748538011696	0.06432748538011696	0.0	https://hu.budapestbeacon.com/egyebhirek/tobb-ezer-viraggal-mondtak-halat-gereb-agnesnek-ez-tortent-hetvegen/ https://hu.budapestbeacon.com/kiemelt-cikkek/vona-orban-legyen-bator-mondjon-le-es-jojjon-valasztas/ https://hu.budapestbeacon.com/kiemelt-cikkek/mar-gruziatol-nem-tudjuk-meddig-vilagban-itt-szervezik-korrupciot/ https://hu.budapestbeacon.com/kiemelt-cikkek/az-eu-fel-tudna-lepni-magyarorszaggal-szemben-ha-meglenne-a-kello-politikai-akarat/ https://hu.budapestbeacon.com/kiemelt-cikkek/varosliget-zrt-birtokvedelmet-kert-elfajult-helyzet-ligetben/	beagyazott_tartalom	src
29	<span class=mce_SELRES_start data-mce-type=bookmark style=@STYLE>	1.0	0.0	1.0	https://budapestbeacon.com/hungary-by-now-is-no-longer-a-democracy-says-rutgers-r-daniel-kelemen/ https://budapestbeacon.com/electoral-rules-rig-results-of-hungarian-elections-warns-princetons-kim-lane-scheppele/ https://budapestbeacon.com/jobbik-would-introduce-electronic-voting-to-tackle-inequalities-of-election-system/?_sf_s&sf_paged=12 https://budapestbeacon.com/jobbik-would-introduce-electronic-voting-to-tackle-inequalities-of-election-system/ https://hu.budapestbeacon.com/kiemelt-cikkek/lattmann-tamas-fideszbol-kiabrandult-videki-jobboldaliakat-szolitana-meg/	default	default
166	<ol>	110.05421686746988	10.060240963855422	0.0	https://budapestbeacon.com/government-spokesperson-zoltan-kovacs-may-written-dissertation-twice/ https://hu.budapestbeacon.com/kiemelt-cikkek/mi-fidesz-egt-es-norveg-alap-elleni-harcanak-hattereben-1-resz/?_sf_s&sf_paged=204 https://hu.budapestbeacon.com/politika/a-kormany-keleten-magyarazkodik-a-menekultellenessege-miatt/?_sf_s&sf_paged=82 https://hu.budapestbeacon.com/kiemelt-cikkek/eremeso-rioban-osszefoglalonk-az-olimpia-penteki-versenynapjarol/ https://hu.budapestbeacon.com/uzlet-es-gazdasag/parlament-megszavazta-devizahitelek-forintositasat/	lista	default
787	<h3>	7.390088945362135	0.2782719186785261	5.715374841168996	https://hu.budapestbeacon.com/kiemelt-cikkek/zsidozo-egyesulet-ezuttal-az-egyutt-politikusait-es-aktivistait-listazza/?_sf_s&sf_paged=25 https://budapestbeacon.com/zsolt-bayer-give-order-merit-back/?_sf_s&sf_paged=178 https://budapestbeacon.com/something-rotten-antal-rogans-district/ https://budapestbeacon.com/fidesz-critics-friends-european-peoples-party/?_sf_s&sf_paged=393 https://budapestbeacon.com/imre-nagy-reburied-viktor-orbans-political-career-launched-25-years-ago-today/?_sf_s&sf_paged=389	cimsor	default
62	<p dir=ltr id=@LONG style=@STYLE>	11.96774193548387	0.3870967741935484	8.419354838709678	https://hu.budapestbeacon.com/politika/fodor-gabor-amikor-liberalisok-erosodnek-szelsosegesek-gyengulnek/ https://hu.budapestbeacon.com/egyebhirek/ujabb-volt-nav-os-vadolja-az-adohivatal-felsovezetoit-hivatal-meggyengitesevel/ https://hu.budapestbeacon.com/tarsadalom/magyar-demografiai-dilemma/ https://hu.budapestbeacon.com/egyebhirek/magyar-orszaggyulesi-valasztas-2014-1559-jelolt-indul-94-helyert-aprilis-6/?_sf_s&sf_paged=222 https://hu.budapestbeacon.com/kiemelt-cikkek/magyar-polip-posztkommunista-maffiaallam/?_sf_s&sf_paged=220	bekezdes	default
8	<span class=st>	2.25	0.0	2.25	https://budapestbeacon.com/proposed-legislation-compel-hungarian-media-outlets-employ-government-agents/ https://hu.budapestbeacon.com/tarsadalom/az-egyesult-allamok-tisztviseloje-beolvas-orbannak-es-fidesznek/?_sf_s&sf_paged=175 https://hu.budapestbeacon.com/tarsadalom/az-egyesult-allamok-tisztviseloje-beolvas-orbannak-es-fidesznek/ https://budapestbeacon.com/fidesz-propagandists-resort-to-fear-mongering-to-rally-support-for-peace-march-government/?_sf_s&sf_paged=11 https://budapestbeacon.com/fidesz-propagandists-resort-to-fear-mongering-to-rally-support-for-peace-march-government/	default	default
2909	<a href=@LINK rel=@noopener target=@target>	2.2176005500171883	0.5630800962530079	1.4836713647301478	https://hu.budapestbeacon.com/kiemelt-cikkek/tarolt-fidesz-paksi-idokozi-polgarmester-valasztason/?_sf_s&sf_paged=30 https://hu.budapestbeacon.com/egyebhirek/roman-eletszinvonal-utolerte-magyart-habony-helikopterrel-menekult-az-ujsagirok-elol-ez-tortent-hetvegen/ https://hu.budapestbeacon.com/kiemelt-cikkek/beindult-az-agora-fidelitas-nem-akart-vitazni-valasztasi-rendszerrol/?_sf_s&sf_paged=31 https://hu.budapestbeacon.com/kiemelt-cikkek/ne-akarjal-belolunk-zsidot-csinalni-mi-magyarok-vagyunk-interju-komoroczy-gezaval/ https://hu.budapestbeacon.com/kiemelt-cikkek/szarra-lopjak-ezt-az-orszagot/	hivatkozas	href
1626	<a href=@LINK title=@title>	1.6900369003690037	0.01845018450184502	1.6826568265682658	https://budapestbeacon.com/prime-suspect-in-tax-fraud-case-fled-abroad/?_sf_s&sf_paged=330 https://budapestbeacon.com/state-and-pro-govt-media-coverage-of-ep-hearings-on-hungary-highly-skewed/ https://budapestbeacon.com/rep-chris-smith-named-chairman-of-helsinki-commission/?_sf_s&sf_paged=322 https://budapestbeacon.com/hungary-abandons-the-poor-to-their-fate/?_sf_s&sf_paged=300 https://budapestbeacon.com/justice-ministers-chief-of-staff-forced-to-resign-over-leak/?_sf_s&sf_paged=356	hivatkozas	href
228	<a href=@LINK style=@STYLE>	8.394736842105264	0.18421052631578946	6.9035087719298245	https://budapestbeacon.com/recording-reveals-fidesz-organized-peace-march-on-behalf-of-civil-unity-forum-cof/?_sf_s&sf_paged=402 https://budapestbeacon.com/opposition-protests-russian-atomic-energy-deal/ https://budapestbeacon.com/veritas-director-sandor-szakaly-apologizes-for-calling-deportation-an-immigration-procedure/ https://budapestbeacon.com/new-legislation-targets-corruption/?_sf_s&sf_paged=428 https://budapestbeacon.com/janos-zuschlag-tells-all-confessions-of-a-mszp-scapegoat-or-turncoat/	hivatkozas	href
52	<h3 dir=ltr>	11.961538461538462	0.3076923076923077	11.961538461538462	https://budapestbeacon.com/figyelo-eu-funds-embezzled-in-hungary/ https://budapestbeacon.com/rewriting-the-history-of-the-hungarian-holocaust/ https://budapestbeacon.com/opposition-mps-fined-by-speaker/ https://budapestbeacon.com/hungarian-parliament-to-award-300-acre-budapest-city-park-to-developer-for-99-years/ https://budapestbeacon.com/ferenc-gyurcsany-freedom-and-democracy-are-very-much-alive-in-hungary/?_sf_s&sf_paged=403	cimsor	default
2	<a class=u-underline data-component=in-body-link data-link-name=in body link href=@LINK>	2.0	0.0	2.0	https://budapestbeacon.com/ormer-neo-nazi-leader-cancels-pro-putin-rally/?_sf_s&sf_paged=321 https://budapestbeacon.com/ormer-neo-nazi-leader-cancels-pro-putin-rally/	hivatkozas	href
56	<figure aria-describedby=@LONG class=wp-caption @STYLE id=@attachmentNUM style=@STYLE>	12.785714285714286	2.0	0.0	https://budapestbeacon.com/government-discloses-exact-number-accepted-refugees/?_sf_s&sf_paged=29 https://budapestbeacon.com/2-7-times-refugees-granted-subsidiary-protection-status-2017-last-year/?_sf_s&sf_paged=48 https://budapestbeacon.com/rubovszky-it-is-natural-for-a-catholic-school-to-accept-refugees/ https://budapestbeacon.com/rubovszky-it-is-natural-for-a-catholic-school-to-accept-refugees/?_sf_s&sf_paged=50 https://budapestbeacon.com/gabor-vona-hungary-must-remain-part-eu-nato/?_sf_s&sf_paged=34	media_tartalom	default
56	<figcaption class=wp-caption-text id=@LONG>	12.785714285714286	0.0	12.785714285714286	https://budapestbeacon.com/low-turnout-and-bad-weather-mark-1956-commemoration/?_sf_s&sf_paged=50 https://budapestbeacon.com/some-opposition-led-councils-to-act-to-force-removal-of-propaganda-ads/ https://budapestbeacon.com/foreign-affairs-ministry-summons-american-charge-daffaires-us-support-objective-journalism/ https://budapestbeacon.com/gabor-vona-jobbik-ready-govern/?_sf_s&sf_paged=24 https://budapestbeacon.com/no-matter-who-wins-the-elections-hungarys-border-fence-is-here-to-stay/	default	default
10	<div class=@NUM>	214.8	11.4	0.0	https://budapestbeacon.com/facebook-group-reports-violent-abuse-refugees-hungarian-border-police/ https://hu.budapestbeacon.com/egyebhirek/lehet-hogy-negy-polgarmesterjelolt-lesz-hodmezovasarhelyi-idokozin-ez-tortent-hetfon/?_sf_s&sf_paged=15 https://budapestbeacon.com/facebook-group-reports-violent-abuse-refugees-hungarian-border-police/?_sf_s&sf_paged=177 https://budapestbeacon.com/day-orban-openly-stood-hate-bigotry/?_sf_s&sf_paged=58 https://budapestbeacon.com/day-orban-openly-stood-hate-bigotry/	default	default
33	<u>	1.4848484848484849	0.18181818181818182	0.7575757575757576	https://hu.budapestbeacon.com/egyebhirek/magyar-allamnak-karteritest-kell-fizetnie-egy-irani-menekultnek/ https://hu.budapestbeacon.com/civil-ugyek/hajnalig-tuntetnek-az-egeszsegugyisek-az-abcug-irasa/ https://hu.budapestbeacon.com/kiemelt-cikkek/az-ellenzek-szempontjabol-legcelravezetobb-es-legtalalobb-plakatot-magyar-ketfarku-kutyapart-tette-ki/ https://hu.budapestbeacon.com/tarsadalom/budapestiek-nagy-resze-elutasitja-varosliget-fejleszteset/ https://hu.budapestbeacon.com/kiemelt-cikkek/a-klik-szerint-pukli-istvan-felrevezeti-a-kozvelemenyt/	alahuzott	default
358	<li dir=ltr>	19.916201117318437	2.0279329608938546	0.1005586592178771	https://hu.budapestbeacon.com/politika/bokros-lajos-moma-elnoke-bejelentette-hogy-indul-az-europai-parlamenti-valasztasokon/ https://hu.budapestbeacon.com/uzlet-es-gazdasag/magyarorszagot-138-bol-az-50-helyen-kereskedelmi-versenykepessegi-listan/?_sf_s&sf_paged=215 https://budapestbeacon.com/doing-business-in-hungary-2014/ https://hu.budapestbeacon.com/egyebhirek/eurostat-novekszik-szegenyseg-magyarorszagon-es-az-eu-ban/?_sf_s&sf_paged=239 https://hu.budapestbeacon.com/kiemelt-cikkek/javor-benedek-zoldhatosag/	listaelem	default
53	<main class=post-main video-description id=main>	20.49056603773585	1.0	0.0	https://budapestbeacon.com/video/oligarchs-media-corruption-hungary/ https://budapestbeacon.com/video/video-media-freedom-hungary/ https://budapestbeacon.com/video/video-media-freedom-hungary/?_sf_s&sf_paged=74 https://budapestbeacon.com/video/daniel-berg-decision-stand-ceu/ https://budapestbeacon.com/video/hungary-welcomes-putin-back-breaks-ties-netherlands/	default	default
4	<span class=il>	1.0	0.0	1.0	https://budapestbeacon.com/direkt36-members-of-viktor-orbans-inner-circle-met-with-fsb-official-in-run-up-to-2010-election/ https://budapestbeacon.com/direkt36-members-of-viktor-orbans-inner-circle-met-with-fsb-official-in-run-up-to-2010-election/?_sf_s&sf_paged=12	default	default
460	<h2>	11.55	1.6391304347826088	1.208695652173913	https://hu.budapestbeacon.com/kiemelt-cikkek/fiatalok-labukkal-szavaznak-bemutatkozott-v18/ https://hu.budapestbeacon.com/kiemelt-cikkek/nepszavazassal-buktatnak-meg-varosligeti-muzeumi-negyedet-es-a-budapesti-olimpiai-jatekokat-is/?_sf_s&sf_paged=67 https://hu.budapestbeacon.com/kiemelt-cikkek/borzaszto-mennyire-eros-videken-felelem-felszamizdat-indult-videki-media-totalis-kormanykozeliseget-ellensulyozando/?_sf_s&sf_paged=22 https://hu.budapestbeacon.com/kiemelt-cikkek/adoelkerulok-es-allami-vezetok-rokonai-is-karacsonyi-ajandekot-kaptak-az-orszaggyulestol/?_sf_s&sf_paged=74 https://hu.budapestbeacon.com/kiemelt-cikkek/megsem-lesz-szines-boru-jeloltje-ketfarkunak-az-ocsenyi-polgarmester-valasztason/	cimsor	default
190	<h3 style=@STYLE>	9.357894736842105	0.6421052631578947	6.2631578947368425	https://budapestbeacon.com/hungary-pm-viktor-orban-dropped-from-list-of-famous-oxonians/?_sf_s&sf_paged=375 https://hu.budapestbeacon.com/uzlet-es-gazdasag/az-alumetal-45-millio-dollaros-beruhazast-tervez-magyarorszagon/?_sf_s&sf_paged=203 https://budapestbeacon.com/govt-mandated-price-cuts-threaten-garbage-removal-firms-with-bankruptcy/?_sf_s&sf_paged=431 https://budapestbeacon.com/the-real-face-of-jobbik-hungarys-radical-right-wing-party/ https://budapestbeacon.com/state-energy-company-mvm-may-lose-usd-2-6-billion-on-purchase-of-e-on-gas-subsidiary/?_sf_s&sf_paged=371	cimsor	default
10	<span lang=EN-US>	24.8	0.2	24.8	https://budapestbeacon.com/orgovany-town-council-quits-fidesz-mayor-denies-misconduct/?_sf_s&sf_paged=386 https://budapestbeacon.com/hungary-mep-benedek-javor-goes-ec-paks-nuclear-deal/ https://budapestbeacon.com/kretakor-activist-assaulted-at-dk-rally-for-protesting-nomination-of-albert-pasztor/ https://budapestbeacon.com/hungary-mep-benedek-javor-goes-ec-paks-nuclear-deal/?_sf_s&sf_paged=379 https://budapestbeacon.com/orgovany-town-council-quits-fidesz-mayor-denies-misconduct/	default	default
62	<figure class=wp-caption @STYLE style=@STYLE>	12.32258064516129	2.032258064516129	0.0	https://budapestbeacon.com/hungarys-impoverished-roma-to-vote-their-pocketbooks-on-april-8th-reports-abcug/?_sf_s&sf_paged=5 https://budapestbeacon.com/hungarians-organize-on-facebook-to-help-homeless-families/ https://budapestbeacon.com/ournalists-demand-hungary-open-investigation-into-roszke/ https://budapestbeacon.com/645240-received-help-last-year-civil-society-holds-protest-picnic-parliament/?_sf_s&sf_paged=97 https://budapestbeacon.com/government-launches-full-blown-anti-eu-refugee-settlement-quota-campaign/	media_tartalom	default
62	<figcaption class=wp-caption-text>	12.32258064516129	0.0	12.32258064516129	https://budapestbeacon.com/ournalists-demand-hungary-open-investigation-into-roszke/?_sf_s&sf_paged=197 https://budapestbeacon.com/gyurcsany-spills-beans-socialist-party-corruption/?_sf_s&sf_paged=299 https://budapestbeacon.com/hungarian-government-backs-higher-education-reform/ https://budapestbeacon.com/former-szdsz-politician-appointed-commissioner-for-budapest-city-park-project/?_sf_s&sf_paged=170 https://budapestbeacon.com/behind-ec-objection-hungarys-paks-ii-deal/	default	default
66	<h3 class=@NUM>	9.121212121212121	2.1818181818181817	0.0	https://hu.budapestbeacon.com/kiemelt-cikkek/nyomas-mindig-van-a-kerdes-hogy-a-biro-ellen-tud-e-allni/?_sf_s&sf_paged=3 https://hu.budapestbeacon.com/kiemelt-cikkek/kozos-oktatasi-minimum-varhato-demokrata-partoktol-februarban/ https://hu.budapestbeacon.com/kiemelt-cikkek/magyarorszag-egy-behatolasi-pont-interju-balazs-peterrel/?_sf_s&sf_paged=13 https://hu.budapestbeacon.com/kiemelt-cikkek/viszonylag-korrektnek-tuno-partkereso-honlappal-allt-elo-nezopont/ https://hu.budapestbeacon.com/kiemelt-cikkek/nyomas-mindig-van-a-kerdes-hogy-a-biro-ellen-tud-e-allni/	cimsor	default
12	<h4 dir=ltr style=@STYLE>	9.833333333333334	0.6666666666666666	9.833333333333334	https://budapestbeacon.com/gordon-bajnai-calls-events-in-ukraine-a-warning-sign/ https://budapestbeacon.com/mol-sell-49-1-interest-ina/?_sf_s&sf_paged=408 https://hu.budapestbeacon.com/kiemelt-cikkek/szavazatok-9999-anak-osszeszamlalasa-utan-marad-fidesz-ketharmados-tobbsege/ https://budapestbeacon.com/a-study-in-self-censorship/?_sf_s&sf_paged=424 https://hu.budapestbeacon.com/kiemelt-cikkek/fidesz-elsopro-gyozelmet-aratott-valasztasokon/?_sf_s&sf_paged=217	cimsor	default
4	<p itemprop=name>	4.5	0.5	0.0	https://budapestbeacon.com/mol-sell-49-1-interest-ina/ https://budapestbeacon.com/mol-sell-49-1-interest-ina/?_sf_s&sf_paged=408	bekezdes	default
2	<table class=@STYLE>	71.0	67.0	0.0	https://budapestbeacon.com/government-scales-back-public-work-program/?_sf_s&sf_paged=71 https://budapestbeacon.com/government-scales-back-public-work-program/	table_text	default
46	<p align=@STYLE>	3.0869565217391304	0.34782608695652173	1.434782608695652	https://hu.budapestbeacon.com/egyeb/civil-szervezetek-osztottak-meg-strategiaikat-tekintelyelvu-rendszerekkel-szembeni-helytallas-kapcsan/?_sf_s&sf_paged=206 https://budapestbeacon.com/viktor-orbans-speech-and-gordon-bajnais-rejoinder/?_sf_s&sf_paged=433 https://budapestbeacon.com/fx-loans-government-blinks-after-bank-ultimatum-expires/?_sf_s&sf_paged=431 https://budapestbeacon.com/government-scales-back-public-work-program/ https://budapestbeacon.com/fx-loans-government-blinks-after-bank-ultimatum-expires/	bekezdes	default
114	<sup>	1.0	0.0	1.0	https://budapestbeacon.com/govt-of-hungary-to-feed-hungry-children-from-september-2016/?_sf_s&sf_paged=336 https://budapestbeacon.com/meet-lajos-rig-jobbik-mp-from-tapolca/ https://budapestbeacon.com/city-council-passes-budapest-homeless-law/ https://budapestbeacon.com/viktor-orbans-speech-and-gordon-bajnais-rejoinder/ https://budapestbeacon.com/hungarys-radical-right-wing-party-jobbik-finds-victory-defeat/	felsoindex	default
10	<p class=kerdes>	8.6	1.0	0.0	https://hu.budapestbeacon.com/politika/simicska-lajos-orban-egy-geci/?_sf_s&sf_paged=142 https://hu.budapestbeacon.com/politika/simicska-lajos-orban-egy-geci/	bekezdes	default
141	<strong style=@STYLE>	2.6666666666666665	0.0	2.6666666666666665	https://budapestbeacon.com/oecd-data-compares-post-crisis-hungary/?_sf_s&sf_paged=404 https://budapestbeacon.com/how-hungarians-celebrate-christmas-part-ii/?_sf_s&sf_paged=422 https://budapestbeacon.com/oecd-data-compares-post-crisis-hungary/ https://hu.budapestbeacon.com/kiemelt-cikkek/a-vakkomondoros-balogh-jozsef-elettarsanak-tobb-csontja-eltort-a-volt-fideszes-kepviselo-penzbirsaggal-meguszta/?_sf_s&sf_paged=58 https://hu.budapestbeacon.com/kiemelt-cikkek/12680/	felkover	default
6	<div class=mceTemp>	1.6666666666666667	0.6666666666666666	0.0	https://budapestbeacon.com/even-most-fidesz-voters-dont-believe-soros-is-responsible-for-illegal-immigration/?_sf_s&sf_paged=19 https://budapestbeacon.com/obh-head-tunde-hando-ushers-in-new-era-by-abusing-power-to-appoint-loyalist/?_sf_s&sf_paged=30 https://budapestbeacon.com/even-most-fidesz-voters-dont-believe-soros-is-responsible-for-illegal-immigration/ https://budapestbeacon.com/obh-head-tunde-hando-ushers-in-new-era-by-abusing-power-to-appoint-loyalist/ https://budapestbeacon.com/fidesz-mayors-mp-prevent-refugees-vacationing-lake-balaton/?_sf_s&sf_paged=76	default	default
6	<p data-line-id=@LONG>	44.333333333333336	0.3333333333333333	44.333333333333336	https://budapestbeacon.com/soros-praises-hungarians-resistance-orbans-mafia-state/ https://budapestbeacon.com/soros-praises-hungarians-resistance-orbans-mafia-state/?_sf_s&sf_paged=96	bekezdes	default
14	<h4 style=@STYLE>	11.142857142857142	0.14285714285714285	11.142857142857142	https://budapestbeacon.com/fidesz-snubs-emnp-may-return-rmdsz/ https://budapestbeacon.com/aging-population-falling-birthrates-threaten-state-pension-system/?_sf_s&sf_paged=410 https://budapestbeacon.com/the-hungarian-holocaust-gordon-bajnai-asks-president-janos-ader-to-represent-same-views-at-home-as-abroad/?_sf_s&sf_paged=397 https://budapestbeacon.com/hclu-demands-orban-speak-out-against-violence-in-ukraine/?_sf_s&sf_paged=410 https://budapestbeacon.com/hungarian-civil-liberties-union/	cimsor	default
2	<div class=UFICommentContent>	227.0	9.0	0.0	https://budapestbeacon.com/viktor-orban-criticized-for-meeting-pope/?_sf_s&sf_paged=176 https://budapestbeacon.com/viktor-orban-criticized-for-meeting-pope/	default	default
16	<h3 dir=ltr id=@LONG>	15.625	0.25	10.875	https://hu.budapestbeacon.com/kiemelt-cikkek/magyar-tanarok-elegedetlenek-kormany-altal-jovahagyott-tankonyvekkel/?_sf_s&sf_paged=214 https://hu.budapestbeacon.com/egyebhirek/magyar-nemzeti-bank-pert-indit-az-index-hu-baratoknak-osztja-penzt-az-mnb-ellenorizetlenul-cimu-cikke-miatt/ https://hu.budapestbeacon.com/egyebhirek/gki-korhazi-paciensek-atlag-15-ezer-forint-halapenzt-fizetnek-alkalmankent/ https://hu.budapestbeacon.com/kiemelt-cikkek/magyar-holokauszt-tortenetenek-ujrairasa/ https://hu.budapestbeacon.com/kiemelt-cikkek/magyar-holokauszt-emleknap/	cimsor	default
141	<h1>	10.035460992907801	0.2198581560283688	8.120567375886525	https://hu.budapestbeacon.com/egyebhirek/kuldtem-nekik-egy-rakosi-kepet-akasszak-falra-az-abcug-irasa/ https://budapestbeacon.com/mol-zrt-ceo-zsolt-hernadis-trial-was-fixed-according-to-pkn-chairman/ https://hu.budapestbeacon.com/egyebhirek/index-orban-sajatjakent-hasznalja-felcsuti-sportakademiat/ https://hu.budapestbeacon.com/kiemelt-cikkek/kovacs-zoltan-meg-nem-latta-szakmat-eloallni-azzal-hogy-mitol-lesz-jobb-az-oktatas-szinvonala/ https://hu.budapestbeacon.com/kiemelt-cikkek/civilek-nem-futamodnak-meg/	default	default
6	<h6>	46.333333333333336	0.16666666666666666	45.5	https://hu.budapestbeacon.com/kiemelt-cikkek/mit-tartogat-2017-magyarorszag-szamara/	default	default
86	<h2 class=@NUM>	11.651162790697674	2.9767441860465116	0.0	https://hu.budapestbeacon.com/kiemelt-cikkek/kovacs-gergely-a-444-a-jelleget-tekintve-megszorozta-magat-kettovel/ https://hu.budapestbeacon.com/kiemelt-cikkek/kovacs-gergely-a-444-a-jelleget-tekintve-megszorozta-magat-kettovel/?_sf_s&sf_paged=1 https://hu.budapestbeacon.com/kiemelt-cikkek/kunhalmi-ne-adjak-fel-mi-sem-adjuk-fel/?_sf_s&sf_paged=1 https://hu.budapestbeacon.com/kiemelt-cikkek/a-jelenlegi-politikai-elit-nem-tartozik-a-tudasbazis-nyertesei-koze-interju-toth-zoltannal/?_sf_s&sf_paged=4 https://hu.budapestbeacon.com/kiemelt-cikkek/gerinctelen-szuklatokoru-gyakran-buta-emberek-vezetik-az-orszagot-momentumos-lakossagi-forum-munchenben-fekete-gyor-andrassal/?_sf_s&sf_paged=21	cimsor	default
92	<span class=@NUM style=@STYLE>	10.804347826086957	1.5434782608695652	1.0217391304347827	https://hu.budapestbeacon.com/kiemelt-cikkek/svedorszagban-migransok-es-renszarvashordak-terrorizaljak-a-lakossagot-bekemenetet-tartott-a-ketfarku/?_sf_s&sf_paged=7 https://hu.budapestbeacon.com/kiemelt-cikkek/kunhalmi-ne-adjak-fel-mi-sem-adjuk-fel/ https://hu.budapestbeacon.com/kiemelt-cikkek/az-egyuttnek-mint-politikai-partnak-nincsen-folytatasa-interju-szabo-szabolccsal/?_sf_s&sf_paged=1 https://hu.budapestbeacon.com/kiemelt-cikkek/a-jelenlegi-politikai-elit-nem-tartozik-a-tudasbazis-nyertesei-koze-interju-toth-zoltannal/?_sf_s&sf_paged=4 https://hu.budapestbeacon.com/kiemelt-cikkek/svedorszagban-migransok-es-renszarvashordak-terrorizaljak-a-lakossagot-bekemenetet-tartott-a-ketfarku/	default	default
14	<p data-reactid=@NUM>	45.0	0.42857142857142855	44.57142857142857	https://budapestbeacon.com/macron-snubs-hungary-poland-tour-central-eastern-europe/?_sf_s&sf_paged=71 https://budapestbeacon.com/macron-snubs-hungary-poland-tour-central-eastern-europe/	bekezdes	default
2	<section class=loop-wrapper>	318.0	18.0	0.0	https://budapestbeacon.com/us-congressional-leaders-protest-statue-to-balint-homan/ https://budapestbeacon.com/us-congressional-leaders-protest-statue-to-balint-homan/?_sf_s&sf_paged=239	default	default
2	<article class=@NUM post type-post status-publish format-standard hentry category-top-headlines category-news-opinion category-united-states category-world loop id=@NUM>	318.0	17.0	0.0	https://budapestbeacon.com/us-congressional-leaders-protest-statue-to-balint-homan/ https://budapestbeacon.com/us-congressional-leaders-protest-statue-to-balint-homan/?_sf_s&sf_paged=239	default	default
2	<div class=entry-content>	318.0	16.0	0.0	https://budapestbeacon.com/us-congressional-leaders-protest-statue-to-balint-homan/ https://budapestbeacon.com/us-congressional-leaders-protest-statue-to-balint-homan/?_sf_s&sf_paged=239	default	default
262	<div>	22.450381679389313	1.1297709923664123	10.030534351145038	https://budapestbeacon.com/european-ngos-voice-support-for-hungarian-counterparts/ https://budapestbeacon.com/european-ngos-voice-support-for-hungarian-counterparts/?_sf_s&sf_paged=361 https://budapestbeacon.com/hungarian-expats-repatriated-huf-126-8-billion-in-2014/ https://budapestbeacon.com/karen-dawisha-on-putins-kleptocracy/ https://budapestbeacon.com/facebook-group-reports-violent-abuse-refugees-hungarian-border-police/	default	default
2	<h3 class=post-heading>	10.0	0.0	10.0	https://hu.budapestbeacon.com/kiemelt-cikkek/tudtara-lehet-adni-hatalomnak-hogy-eddig-s-ne-tovabb/?_sf_s&sf_paged=16 https://hu.budapestbeacon.com/kiemelt-cikkek/tudtara-lehet-adni-hatalomnak-hogy-eddig-s-ne-tovabb/	cimsor	default
2	<iframe allowfullscreen=allowfullscreen data-autoplay=true frameborder=@NUM height=@STYLE scrolling=no src=@LINK style=@STYLE width=@STYLE>	1.0	1.0	0.0	https://hu.budapestbeacon.com/kiemelt-cikkek/ma-nem-az-az-elvaras-hogy-valaki-jo-hanem-hogy-megbizhato-biro-legyen-interju-egy-jelenleg-aktiv-biroval/ https://hu.budapestbeacon.com/kiemelt-cikkek/ma-nem-az-az-elvaras-hogy-valaki-jo-hanem-hogy-megbizhato-biro-legyen-interju-egy-jelenleg-aktiv-biroval/?_sf_s&sf_paged=11	beagyazott_tartalom	src
2	<p id=watch-headline-title>	8.0	1.0	0.0	https://budapestbeacon.com/whistle-blower-accuses-tax-authority-of-corruption/?_sf_s&sf_paged=429 https://budapestbeacon.com/whistle-blower-accuses-tax-authority-of-corruption/	bekezdes	default
54	<span lang=HU>	36.851851851851855	0.9629629629629629	16.40740740740741	https://budapestbeacon.com/mol-zrt-ceo-zsolt-hernadis-trial-was-fixed-according-to-pkn-chairman/ https://budapestbeacon.com/taking-bread-childrens-mouths-put-roof-heads/ https://budapestbeacon.com/taking-bread-childrens-mouths-put-roof-heads/?_sf_s&sf_paged=186 https://budapestbeacon.com/mol-zrt-ceo-zsolt-hernadis-trial-was-fixed-according-to-pkn-chairman/?_sf_s&sf_paged=387	default	default
34	<p class=story-body-text story-content data-para-count=@NUM data-total-count=@NUM>	45.11764705882353	0.35294117647058826	43.705882352941174	https://budapestbeacon.com/eleni-kounalakis-hungarys-xenophobic-response/?_sf_s&sf_paged=259 https://budapestbeacon.com/eleni-kounalakis-hungarys-xenophobic-response/	bekezdes	default
12	<p class=story-body-text story-content data-para-count=@NUM data-total-count=@NUM id=@continuesNUM>	57.0	0.16666666666666666	57.0	https://budapestbeacon.com/eleni-kounalakis-hungarys-xenophobic-response/?_sf_s&sf_paged=259 https://budapestbeacon.com/eleni-kounalakis-hungarys-xenophobic-response/	bekezdes	default
2	<a class=meta-loc href=@LINK title=@title>	1.0	0.0	1.0	https://budapestbeacon.com/eleni-kounalakis-hungarys-xenophobic-response/ https://budapestbeacon.com/eleni-kounalakis-hungarys-xenophobic-response/?_sf_s&sf_paged=259	hivatkozas	href
2	<a class=meta-classifier href=@LINK title=@title>	3.0	0.0	3.0	https://budapestbeacon.com/eleni-kounalakis-hungarys-xenophobic-response/?_sf_s&sf_paged=259 https://budapestbeacon.com/eleni-kounalakis-hungarys-xenophobic-response/	hivatkozas	href
2	<a class=meta-per href=@LINK title=@title>	2.0	0.0	2.0	https://budapestbeacon.com/eleni-kounalakis-hungarys-xenophobic-response/?_sf_s&sf_paged=259 https://budapestbeacon.com/eleni-kounalakis-hungarys-xenophobic-response/	hivatkozas	href
2	<div class=ad text-ad middle-right-ad nocontent robots-nocontent id=MiddleRightN>	28.0	0.0	28.0	https://budapestbeacon.com/eleni-kounalakis-hungarys-xenophobic-response/?_sf_s&sf_paged=259 https://budapestbeacon.com/eleni-kounalakis-hungarys-xenophobic-response/	default	default
2	<p class=story-body-text story-content data-node-uid=@NUM data-para-count=@NUM data-total-count=@NUM>	42.0	0.0	42.0	https://budapestbeacon.com/eleni-kounalakis-hungarys-xenophobic-response/?_sf_s&sf_paged=259 https://budapestbeacon.com/eleni-kounalakis-hungarys-xenophobic-response/	bekezdes	default
2	<footer class=story-footer story-content>	28.0	5.0	0.0	https://budapestbeacon.com/eleni-kounalakis-hungarys-xenophobic-response/?_sf_s&sf_paged=259 https://budapestbeacon.com/eleni-kounalakis-hungarys-xenophobic-response/	default	default
2	<div class=story-meta>	28.0	4.0	0.0	https://budapestbeacon.com/eleni-kounalakis-hungarys-xenophobic-response/ https://budapestbeacon.com/eleni-kounalakis-hungarys-xenophobic-response/?_sf_s&sf_paged=259	default	default
2	<div class=story-notes>	28.0	2.0	0.0	https://budapestbeacon.com/eleni-kounalakis-hungarys-xenophobic-response/?_sf_s&sf_paged=259 https://budapestbeacon.com/eleni-kounalakis-hungarys-xenophobic-response/	default	default
4	<p class=license sc-type-light>	19.0	1.0	15.0	https://hu.budapestbeacon.com/kiemelt-cikkek/laszlo-robert-husz-eve-az-kerdes-hogy-szereti-e-orban-viktort/?_sf_s&sf_paged=19 https://hu.budapestbeacon.com/kiemelt-cikkek/laszlo-robert-husz-eve-az-kerdes-hogy-szereti-e-orban-viktort/ https://hu.budapestbeacon.com/kiemelt-cikkek/ketmillios-kemeny-mag-akkor-fideszre-fog-szavazni-ha/ https://hu.budapestbeacon.com/kiemelt-cikkek/ketmillios-kemeny-mag-akkor-fideszre-fog-szavazni-ha/?_sf_s&sf_paged=19	bekezdes	default
4	<span class=aBn data-term=@NUM tabindex=@NUM>	2.0	1.0	0.0	https://budapestbeacon.com/jobbik-viktor-orban-has-brought-authoritarianism-back-to-hungary/?_sf_s&sf_paged=28 https://budapestbeacon.com/protest-against-the-government-of-corruption-press-release/ https://budapestbeacon.com/protest-against-the-government-of-corruption-press-release/?_sf_s&sf_paged=312 https://budapestbeacon.com/jobbik-viktor-orban-has-brought-authoritarianism-back-to-hungary/	default	default
4	<span class=aQJ>	2.0	0.0	2.0	https://budapestbeacon.com/jobbik-viktor-orban-has-brought-authoritarianism-back-to-hungary/?_sf_s&sf_paged=28 https://budapestbeacon.com/jobbik-viktor-orban-has-brought-authoritarianism-back-to-hungary/ https://budapestbeacon.com/protest-against-the-government-of-corruption-press-release/ https://budapestbeacon.com/protest-against-the-government-of-corruption-press-release/?_sf_s&sf_paged=312	default	default
2	<a data-saferedirecturl=@LINK href=@LINK rel=noopener target=@target>	1.0	0.0	1.0	https://budapestbeacon.com/day-orban-openly-stood-hate-bigotry/?_sf_s&sf_paged=58 https://budapestbeacon.com/day-orban-openly-stood-hate-bigotry/	hivatkozas	href
11	<iframe allowfullscreen= frameborder=@NUM height=@STYLE mozallowfullscreen= src=@LINK webkitallowfullscreen= width=@STYLE>	0.18181818181818182	0.18181818181818182	0.0	https://hu.budapestbeacon.com/kiemelt-cikkek/az-eu-fel-tudna-lepni-magyarorszaggal-szemben-ha-meglenne-a-kello-politikai-akarat/?_sf_s&sf_paged=9 https://budapestbeacon.com/agnes-kunhalmi-socialism-is-over-the-walls-are-in-our-heads/?_sf_s&sf_paged=263 https://hu.budapestbeacon.com/kiemelt-cikkek/magyar-menekultvalsag-hol-van-jezus-krisztus/ https://budapestbeacon.com/lajos-bokros-doesnt-beat-around-bush/?_sf_s&sf_paged=356 https://budapestbeacon.com/agnes-kunhalmi-socialism-is-over-the-walls-are-in-our-heads/	beagyazott_tartalom	src
48	<p class=MsoNormal style=@STYLE>	1.1666666666666667	0.375	1.1666666666666667	https://hu.budapestbeacon.com/uzlet-es-gazdasag/bokros-lajos-moma-elnoke-ellenzeki-osszefogast-surget/ https://budapestbeacon.com/city-council-passes-budapest-homeless-law/ https://budapestbeacon.com/solyom-airways-crashes-during-take-off/ https://budapestbeacon.com/prosperity-index-hungary-41st-most-prosperous-country-in-the-world/?_sf_s&sf_paged=428 https://budapestbeacon.com/city-council-passes-budapest-homeless-law/?_sf_s&sf_paged=428	bekezdes	default
12	<span lang=EN-US style=@STYLE>	2.0	0.5	2.0	https://budapestbeacon.com/orgovany-town-council-quits-fidesz-mayor-denies-misconduct/ https://budapestbeacon.com/kretakor-activist-assaulted-at-dk-rally-for-protesting-nomination-of-albert-pasztor/?_sf_s&sf_paged=381 https://budapestbeacon.com/semjen-israel-good-example-diaspora-politics-hungary/ https://budapestbeacon.com/orgovany-town-council-quits-fidesz-mayor-denies-misconduct/?_sf_s&sf_paged=386 https://budapestbeacon.com/kretakor-activist-assaulted-at-dk-rally-for-protesting-nomination-of-albert-pasztor/	default	default
229	<li style=@STYLE>	18.689956331877728	1.925764192139738	0.36681222707423583	https://budapestbeacon.com/euronews-loses-free-cable-slot-to-andy-vajnas-tv2/ https://hu.budapestbeacon.com/kiemelt-cikkek/civil-szervezetek-megleckeztetese-abrand-vagy-valosag-velemeny/ https://budapestbeacon.com/they-got-hooked-on-the-soros-money-tap-and-they-couldnt-wean-themselves/?_sf_s&sf_paged=153 https://budapestbeacon.com/municipal-govt-sold-leased-landmark-properties-at-below-market-value/?_sf_s&sf_paged=142 https://budapestbeacon.com/wing-zrt-sells-office-buildings-to-mnb-foundations-at-well-above-book-value/?_sf_s&sf_paged=150	listaelem	default
2	<div class=region region-content>	204.0	19.0	0.0	https://budapestbeacon.com/office-of-the-prime-minister-praises-former-nemesis-okotars-for-administration-of-norwegian-civil-funds/?_sf_s&sf_paged=37 https://budapestbeacon.com/office-of-the-prime-minister-praises-former-nemesis-okotars-for-administration-of-norwegian-civil-funds/	default	default
2	<div class=block block-system id=block-system-main>	204.0	18.0	0.0	https://budapestbeacon.com/office-of-the-prime-minister-praises-former-nemesis-okotars-for-administration-of-norwegian-civil-funds/?_sf_s&sf_paged=37 https://budapestbeacon.com/office-of-the-prime-minister-praises-former-nemesis-okotars-for-administration-of-norwegian-civil-funds/	default	default
4	<div class=content>	204.0	15.5	0.0	https://budapestbeacon.com/office-of-the-prime-minister-praises-former-nemesis-okotars-for-administration-of-norwegian-civil-funds/ https://budapestbeacon.com/office-of-the-prime-minister-praises-former-nemesis-okotars-for-administration-of-norwegian-civil-funds/?_sf_s&sf_paged=37	default	default
2	<article class=node node-news node-promoted clearfix id=@NUM>	204.0	16.0	0.0	https://budapestbeacon.com/office-of-the-prime-minister-praises-former-nemesis-okotars-for-administration-of-norwegian-civil-funds/ https://budapestbeacon.com/office-of-the-prime-minister-praises-former-nemesis-okotars-for-administration-of-norwegian-civil-funds/?_sf_s&sf_paged=37	default	default
20	<header>	19.5	0.3	19.3	https://budapestbeacon.com/fidesz-publicist-zsolt-bayer-says-us-to-blame-for-crisis-in-ukraine/ https://budapestbeacon.com/office-of-the-prime-minister-praises-former-nemesis-okotars-for-administration-of-norwegian-civil-funds/ https://budapestbeacon.com/fidesz-publicist-zsolt-bayer-says-us-to-blame-for-crisis-in-ukraine/?_sf_s&sf_paged=315 https://budapestbeacon.com/office-of-the-prime-minister-praises-former-nemesis-okotars-for-administration-of-norwegian-civil-funds/?_sf_s&sf_paged=37	default	default
2	<div class=field field-name-body field-type-text-with-summary field-label-hidden>	204.0	13.0	0.0	https://budapestbeacon.com/office-of-the-prime-minister-praises-former-nemesis-okotars-for-administration-of-norwegian-civil-funds/ https://budapestbeacon.com/office-of-the-prime-minister-praises-former-nemesis-okotars-for-administration-of-norwegian-civil-funds/?_sf_s&sf_paged=37	default	default
4	<div class=field-items>	404.5	23.5	0.0	https://budapestbeacon.com/europe-has-failed-its-roma-minority-says-fra-director-oflaherty/?_sf_s&sf_paged=144 https://budapestbeacon.com/office-of-the-prime-minister-praises-former-nemesis-okotars-for-administration-of-norwegian-civil-funds/ https://budapestbeacon.com/europe-has-failed-its-roma-minority-says-fra-director-oflaherty/ https://budapestbeacon.com/office-of-the-prime-minister-praises-former-nemesis-okotars-for-administration-of-norwegian-civil-funds/?_sf_s&sf_paged=37	default	default
4	<div class=field-item even>	404.5	22.5	0.0	https://budapestbeacon.com/europe-has-failed-its-roma-minority-says-fra-director-oflaherty/?_sf_s&sf_paged=144 https://budapestbeacon.com/office-of-the-prime-minister-praises-former-nemesis-okotars-for-administration-of-norwegian-civil-funds/?_sf_s&sf_paged=37 https://budapestbeacon.com/office-of-the-prime-minister-praises-former-nemesis-okotars-for-administration-of-norwegian-civil-funds/ https://budapestbeacon.com/europe-has-failed-its-roma-minority-says-fra-director-oflaherty/	default	default
12	<ol start=@NUM>	37.333333333333336	3.3333333333333335	0.0	https://budapestbeacon.com/hungarian-teachers-protest-education-reforms/ https://hu.budapestbeacon.com/kiemelt-cikkek/juhasz-peter-szervezett-bunozessel-vadolja-budapest-v-keruletet/ https://budapestbeacon.com/civil-opposition-referendum-two-points-get-green-light-five-rejected/ https://budapestbeacon.com/hungarian-teachers-protest-education-reforms/?_sf_s&sf_paged=344 https://hu.budapestbeacon.com/kiemelt-cikkek/juhasz-peter-szervezett-bunozessel-vadolja-budapest-v-keruletet/?_sf_s&sf_paged=154	lista	default
29	<blockquote class=twitter-tweet data-lang=en>	28.655172413793103	5.137931034482759	0.0	https://budapestbeacon.com/szijjarto-un-migration-compact-want-hungary-hungarian/ https://hu.budapestbeacon.com/egyebhirek/lazar-trump-gyozelmevel-egy-jobb-vilag-kozeledik/ https://budapestbeacon.com/two-major-diplomatic-missions-speak-ngo-law/?_sf_s&sf_paged=92 https://budapestbeacon.com/brexit-race-prompts-interesting-responses-uk-hungarians/ https://hu.budapestbeacon.com/kiemelt-cikkek/egbal-serulesei-olyan-sulyosak-voltak-hogy-husz-napig-apoltak-szabadkai-korhazban-belgradi-barakkokban-jartunk/	default	default
29	<p dir=ltr lang=en>	22.137931034482758	2.2758620689655173	20.517241379310345	https://budapestbeacon.com/george-soros-mszps-leaders-bought-orban/?_sf_s&sf_paged=25 https://budapestbeacon.com/hungarian-two-tailed-dog-partys-chicken-candidate-interviewed-on-state-run-media/?_sf_s&sf_paged=8 https://budapestbeacon.com/european-commission-ngo-law-violation-fundamental-rights/?_sf_s&sf_paged=57 https://budapestbeacon.com/szijjarto-un-migration-compact-want-hungary-hungarian/ https://hu.budapestbeacon.com/egyebhirek/lazar-trump-gyozelmevel-egy-jobb-vilag-kozeledik/	bekezdes	default
10	<span class=apple-converted-space>	1.2	0.0	1.2	https://hu.budapestbeacon.com/kiemelt-cikkek/politikusok-es-szakertok-vitatkoztak-a-kulpolitika-problemairol/ https://hu.budapestbeacon.com/uzlet-es-gazdasag/egymilliard-forintot-utalt-a-quaestornak-januar-16-an-gyor-polgarmestere/?_sf_s&sf_paged=125 https://hu.budapestbeacon.com/kiemelt-cikkek/politikusok-es-szakertok-vitatkoztak-a-kulpolitika-problemairol/?_sf_s&sf_paged=132 https://budapestbeacon.com/state-to-acquire-mkb/?_sf_s&sf_paged=378 https://budapestbeacon.com/state-to-acquire-mkb/	default	default
2	<blockquote style=@STYLE>	115.0	8.0	0.0	https://budapestbeacon.com/moma-demands-national-election-office-reverse-decision-barring-it-from-running-in-ep-elections/?_sf_s&sf_paged=397 https://budapestbeacon.com/moma-demands-national-election-office-reverse-decision-barring-it-from-running-in-ep-elections/	default	default
24	<p align=@STYLE style=@STYLE>	31.916666666666668	1.0	27.083333333333332	https://budapestbeacon.com/moma-demands-national-election-office-reverse-decision-barring-it-from-running-in-ep-elections/ https://hu.budapestbeacon.com/uzlet-es-gazdasag/a-magyar-penzugyi-szabalyozokra-csostul-jon-a-baj/?_sf_s&sf_paged=133 https://budapestbeacon.com/hungary-opposition-says-fair-elections-in-jeopardy/?_sf_s&sf_paged=404 https://budapestbeacon.com/hungary-opposition-says-fair-elections-in-jeopardy/ https://budapestbeacon.com/hungarys-radical-right-wing-party-jobbik-finds-victory-defeat/	bekezdes	default
2	<ol class=wp-caption @STYLE id=@attachmentNUM style=@STYLE>	5.0	0.0	5.0	https://budapestbeacon.com/fidesz-mayors-mp-prevent-refugees-vacationing-lake-balaton/ https://budapestbeacon.com/fidesz-mayors-mp-prevent-refugees-vacationing-lake-balaton/?_sf_s&sf_paged=76	lista	default
24	<h4>	10.083333333333334	0.25	9.75	https://budapestbeacon.com/the-budapest-m4-metro-a-study-in-inefficiency-and-waste/ https://budapestbeacon.com/female-representation-hungarian-parliament-low-iran-congo/?_sf_s&sf_paged=60 https://budapestbeacon.com/attempt-by-state-owned-company-to-export-tokaj-wine-to-us-ends-in-scandal/ https://hu.budapestbeacon.com/kiemelt-cikkek/70-eve-kezdodott-magyar-holokauszt/?_sf_s&sf_paged=210 https://hu.budapestbeacon.com/kiemelt-cikkek/70-eve-kezdodott-magyar-holokauszt/	cimsor	default
6	<h3 class=MsoNormal style=@STYLE>	9.666666666666666	1.0	3.0	https://budapestbeacon.com/prosperity-index-hungary-41st-most-prosperous-country-in-the-world/ https://budapestbeacon.com/prosperity-index-hungary-41st-most-prosperous-country-in-the-world/?_sf_s&sf_paged=428 https://budapestbeacon.com/solyom-airways-crashes-during-take-off/ https://budapestbeacon.com/solyom-airways-crashes-during-take-off/?_sf_s&sf_paged=428	cimsor	default
2	<blockquote class=twitter-video lang=en>	15.0	7.0	0.0	https://budapestbeacon.com/peter-juhasz-shame-on-you-viktor-orban/?_sf_s&sf_paged=257 https://budapestbeacon.com/peter-juhasz-shame-on-you-viktor-orban/	default	default
6	<blockquote class=twitter-video data-lang=en>	22.333333333333332	4.0	0.0	https://budapestbeacon.com/lex-ceu-human-chain-protest-turns-confrontation-steps-parlament/ https://budapestbeacon.com/hungarian-two-tailed-dog-partys-chicken-candidate-interviewed-on-state-run-media/ https://budapestbeacon.com/lex-ceu-human-chain-protest-turns-confrontation-steps-parlament/?_sf_s&sf_paged=115 https://budapestbeacon.com/hungarian-two-tailed-dog-partys-chicken-candidate-interviewed-on-state-run-media/?_sf_s&sf_paged=8	default	default
2	<div class=intro>	106.0	7.0	0.0	https://budapestbeacon.com/norway-liechtenstein-iceland-suspend-disbursement-of-development-grants-to-hungary/?_sf_s&sf_paged=395 https://budapestbeacon.com/norway-liechtenstein-iceland-suspend-disbursement-of-development-grants-to-hungary/	default	default
2	<div class=body>	202.0	5.0	0.0	https://budapestbeacon.com/norway-liechtenstein-iceland-suspend-disbursement-of-development-grants-to-hungary/?_sf_s&sf_paged=395 https://budapestbeacon.com/norway-liechtenstein-iceland-suspend-disbursement-of-development-grants-to-hungary/	default	default
10	<em style=@STYLE>	35.4	0.0	35.4	https://budapestbeacon.com/orgovany-town-council-quits-fidesz-mayor-denies-misconduct/ https://hu.budapestbeacon.com/kiemelt-cikkek/menj-paba-mocskos-fereg-new-yorkba-meg-izraelbe-kell-az-ilyennek-mennie-marcius-15-e-pesti-utcan/ https://hu.budapestbeacon.com/kiemelt-cikkek/menj-paba-mocskos-fereg-new-yorkba-meg-izraelbe-kell-az-ilyennek-mennie-marcius-15-e-pesti-utcan/?_sf_s&sf_paged=52 https://budapestbeacon.com/interview-sandor-lederer-k-monitor-hungarys-leading-anti-corruption-watchdog/?_sf_s&sf_paged=404 https://budapestbeacon.com/orgovany-town-council-quits-fidesz-mayor-denies-misconduct/?_sf_s&sf_paged=386	kiemelt	default
2	<div class=truncatedAudioInfo__wrapper>	88.0	11.0	0.0	https://hu.budapestbeacon.com/kiemelt-cikkek/ketmillios-kemeny-mag-akkor-fideszre-fog-szavazni-ha/?_sf_s&sf_paged=19 https://hu.budapestbeacon.com/kiemelt-cikkek/ketmillios-kemeny-mag-akkor-fideszre-fog-szavazni-ha/	default	default
2	<div class=truncatedAudioInfo__content>	88.0	10.0	0.0	https://hu.budapestbeacon.com/kiemelt-cikkek/ketmillios-kemeny-mag-akkor-fideszre-fog-szavazni-ha/ https://hu.budapestbeacon.com/kiemelt-cikkek/ketmillios-kemeny-mag-akkor-fideszre-fog-szavazni-ha/?_sf_s&sf_paged=19	default	default
2	<div class=sc-type-small>	67.0	4.0	0.0	https://hu.budapestbeacon.com/kiemelt-cikkek/ketmillios-kemeny-mag-akkor-fideszre-fog-szavazni-ha/?_sf_s&sf_paged=19 https://hu.budapestbeacon.com/kiemelt-cikkek/ketmillios-kemeny-mag-akkor-fideszre-fog-szavazni-ha/	default	default
2	<div class=truncatedAudioInfo__license>	21.0	4.0	0.0	https://hu.budapestbeacon.com/kiemelt-cikkek/ketmillios-kemeny-mag-akkor-fideszre-fog-szavazni-ha/ https://hu.budapestbeacon.com/kiemelt-cikkek/ketmillios-kemeny-mag-akkor-fideszre-fog-szavazni-ha/?_sf_s&sf_paged=19	default	default
6	<h3 align=@STYLE>	5.666666666666667	0.6666666666666666	5.666666666666667	https://budapestbeacon.com/fx-loans-government-blinks-after-bank-ultimatum-expires/?_sf_s&sf_paged=431 https://budapestbeacon.com/fx-loans-government-blinks-after-bank-ultimatum-expires/ https://hu.budapestbeacon.com/egyebhirek/orban-viktor-miniszterelnok-megnevezte-minisztereket/?_sf_s&sf_paged=207 https://hu.budapestbeacon.com/egyebhirek/orban-viktor-miniszterelnok-megnevezte-minisztereket/	cimsor	default
158	<li class=@NUM>	18.455696202531644	1.481012658227848	0.0	https://budapestbeacon.com/hungarian-consulate-in-moscow-supplied-eu-visas-to-prostitutes-criminals/ https://hu.budapestbeacon.com/egyebhirek/orbant-es-simicskat-ugyeszseg-ele-kuldene-az-egyutt-ez-tortent-hetvegen/?_sf_s&sf_paged=20 https://hu.budapestbeacon.com/egyebhirek/fidesz-simicskara-mutogat-de-az-olaf-jelentesben-vastag-betukkel-szedtek-tiborcz-istvan-nevet-ez-tortent-penteken/?_sf_s&sf_paged=13 https://hu.budapestbeacon.com/egyebhirek/kecskemet-nem-adja-ki-az-olaf-jelentest-az-ellenzeki-kepviseloknek-ez-tortent-kedden/ https://hu.budapestbeacon.com/kiemelt-cikkek/viszonylag-korrektnek-tuno-partkereso-honlappal-allt-elo-nezopont/?_sf_s&sf_paged=12	listaelem	default
4	<a data-saferedirecturl=@LINK href=@LINK target=@target>	1.0	0.0	1.0	https://budapestbeacon.com/political-opposition-condemns-closure-of-nepszabadsag/?_sf_s&sf_paged=159 https://budapestbeacon.com/political-opposition-condemns-closure-of-nepszabadsag/	hivatkozas	href
14	<p class=r>	34.285714285714285	0.2857142857142857	34.285714285714285	https://budapestbeacon.com/time-viktor-orban-resign/ https://budapestbeacon.com/time-viktor-orban-resign/?_sf_s&sf_paged=326	bekezdes	default
4	<div class=@NUM userContent data-ft={"tn":"K"} id=@NUM>	33.0	1.75	0.0	https://hu.budapestbeacon.com/kiemelt-cikkek/valodi-szolasszabadsagra-tarsadalmi-parbeszedre-jobb-es-baloldali-ertekek-populizmustol-valo-megtisztitasara-van-szukseg-gemesi-gyorgyot-faggattuk-partjarol-az-uj-kezdetrol/ https://hu.budapestbeacon.com/kiemelt-cikkek/nem-vagytok-masok-agoston-laszlo-operaenekes-pride-rol/ https://hu.budapestbeacon.com/egyebhirek/lazar-trump-gyozelmevel-egy-jobb-vilag-kozeledik/	default	default
14	<p class=entry-title>	32.857142857142854	0.8571428571428571	27.857142857142858	https://budapestbeacon.com/students-harshly-criticize-fidesz-education-reform/ https://budapestbeacon.com/students-harshly-criticize-fidesz-education-reform/?_sf_s&sf_paged=290	bekezdes	default
18	<p class=@NUM style=@STYLE>	43.44444444444444	2.4444444444444446	1.0	https://hu.budapestbeacon.com/kiemelt-cikkek/ma-magyarorszagon-gyakorlatilag-nincs-olyan-ugy-amibe-ne-lehetne-belenyulni-interju-szekely-gabor-egykori-biroval/?_sf_s&sf_paged=12 https://hu.budapestbeacon.com/kiemelt-cikkek/ma-magyarorszagon-gyakorlatilag-nincs-olyan-ugy-amibe-ne-lehetne-belenyulni-interju-szekely-gabor-egykori-biroval/ https://hu.budapestbeacon.com/kiemelt-cikkek/gerinctelen-szuklatokoru-gyakran-buta-emberek-vezetik-az-orszagot-momentumos-lakossagi-forum-munchenben-fekete-gyor-andrassal/?_sf_s&sf_paged=21 https://budapestbeacon.com/great-quaestor-mystery/?_sf_s&sf_paged=305 https://hu.budapestbeacon.com/kiemelt-cikkek/gerinctelen-szuklatokoru-gyakran-buta-emberek-vezetik-az-orszagot-momentumos-lakossagi-forum-munchenben-fekete-gyor-andrassal/	bekezdes	default
434	<blockquote class=twitter-tweet lang=en>	16.225806451612904	4.755760368663594	0.0	https://budapestbeacon.com/day-outrage/ https://hu.budapestbeacon.com/kiemelt-cikkek/elo-beszamolo-nincs-hova-hatralnunk-tuntetesrol/?_sf_s&sf_paged=157 https://budapestbeacon.com/live-coverage-of-tonights-we-have-nowhere-to-retreat-demonstration/?_sf_s&sf_paged=339 https://hu.budapestbeacon.com/kiemelt-cikkek/4000-en-tuntettek-korrupcio-ellen-budapesten/?_sf_s&sf_paged=160 https://hu.budapestbeacon.com/kiemelt-cikkek/tudositas-mi-budapesti-tuntetesrol/?_sf_s&sf_paged=153	default	default
5	<div class=responsive-oembed-wrapper has-no-aspect-ratio>	50.8	6.2	0.0	https://hu.budapestbeacon.com/video/nem-lehet-barmit-megtenni-velunk-interju-gyetvai-viktorral-ne-menj-suliba-tuntetes-szervezojevel/ https://hu.budapestbeacon.com/video/a-jelenlegi-politikai-elit-nem-tartozik-a-tudasbazis-nyertesei-koze-interju-toth-zoltannal/ https://budapestbeacon.com/hungarys-democratic-opposition-reacts-passage-lex-ceu/?_sf_s&sf_paged=115 https://hu.budapestbeacon.com/video/a-jelenlegi-politikai-elit-nem-tartozik-a-tudasbazis-nyertesei-koze-interju-toth-zoltannal/?_sf_s&sf_paged=2 https://budapestbeacon.com/hungarys-democratic-opposition-reacts-passage-lex-ceu/	default	default
2	<blockquote class=wp-embedded-content data-secret=@tAMIGmxGRNUM>	15.0	2.0	0.0	https://budapestbeacon.com/hungarys-democratic-opposition-reacts-passage-lex-ceu/?_sf_s&sf_paged=115 https://budapestbeacon.com/hungarys-democratic-opposition-reacts-passage-lex-ceu/	default	default
32	<span data-reactid=@LONG>	214.5625	4.5	72.0625	https://budapestbeacon.com/we-borrowed-9-million-forints-paid-back-5-8-million-and-still-owe-16-2-million/?_sf_s&sf_paged=290 https://budapestbeacon.com/we-borrowed-9-million-forints-paid-back-5-8-million-and-still-owe-16-2-million/	default	default
2	<a class= data-reactid=@LONG dir=ltr href=@LINK target=@target>	1.0	0.0	1.0	https://budapestbeacon.com/we-borrowed-9-million-forints-paid-back-5-8-million-and-still-owe-16-2-million/?_sf_s&sf_paged=290 https://budapestbeacon.com/we-borrowed-9-million-forints-paid-back-5-8-million-and-still-owe-16-2-million/	hivatkozas	href
2	<div class=article-stroke>	34.0	4.0	0.0	https://budapestbeacon.com/peter-kreko-says-all-fidesz-need-do-to-win-next-years-election-is-continue-deceiving-its-own-supporters/ https://budapestbeacon.com/peter-kreko-says-all-fidesz-need-do-to-win-next-years-election-is-continue-deceiving-its-own-supporters/?_sf_s&sf_paged=72	default	default
6	<a href=@LINK id=@LONG>	3.6666666666666665	0.0	3.6666666666666665	https://hu.budapestbeacon.com/kiemelt-cikkek/magyar-politika-furcsa-halotarsaknak-kedvez/?_sf_s&sf_paged=232 https://budapestbeacon.com/government-blogger-attacks-hungarian-philosopher-agnes-heller-kobra-documentary/?_sf_s&sf_paged=432 https://budapestbeacon.com/kobra-documentary-ruffles-feathers-government-blogger-demands-apology/?_sf_s&sf_paged=432 https://budapestbeacon.com/kobra-documentary-ruffles-feathers-government-blogger-demands-apology/ https://budapestbeacon.com/government-blogger-attacks-hungarian-philosopher-agnes-heller-kobra-documentary/	hivatkozas	href
4	<h5>	87.5	0.0	87.5	https://budapestbeacon.com/morten-kjaerum-i-am-following-the-hungarian-developments-with-concern/?_sf_s&sf_paged=291 https://budapestbeacon.com/morten-kjaerum-i-am-following-the-hungarian-developments-with-concern/	felkover	default
2	<span lang=EN-AU style=@STYLE>	2.0	0.0	2.0	https://budapestbeacon.com/norway-funds-accuses-hungarian-prime-ministers-office-of-harrassment/ https://budapestbeacon.com/norway-funds-accuses-hungarian-prime-ministers-office-of-harrassment/?_sf_s&sf_paged=392	default	default
26	<div class=fb-post data-href=@LINK data-width=@STYLE>	5.615384615384615	2.6153846153846154	1.7692307692307692	https://budapestbeacon.com/new-facebook-pages-for-expat-jobbik-sympathizers/?_sf_s&sf_paged=419 https://budapestbeacon.com/hungarian-government-crackdown-on-independent-ngos-continues/?_sf_s&sf_paged=388 https://budapestbeacon.com/origo-hu-staff-au-revoir/ https://budapestbeacon.com/fidesz-mayors-xenophobic-facebook-post-backfires-spectacularly/ https://budapestbeacon.com/fidesz-mayors-xenophobic-facebook-post-backfires-spectacularly/?_sf_s&sf_paged=266	default	default
2	<div id=@NUM>	54.0	1.0	0.0	https://budapestbeacon.com/hungary-squanders-billions-on-pointless-public-work-programs/ https://budapestbeacon.com/hungary-squanders-billions-on-pointless-public-work-programs/?_sf_s&sf_paged=328	default	default
2	<ol class=@NUM>	67.0	20.0	0.0	https://hu.budapestbeacon.com/egyebhirek/orbant-es-simicskat-ugyeszseg-ele-kuldene-az-egyutt-ez-tortent-hetvegen/?_sf_s&sf_paged=20 https://hu.budapestbeacon.com/egyebhirek/orbant-es-simicskat-ugyeszseg-ele-kuldene-az-egyutt-ez-tortent-hetvegen/	lista	default
10	<a href=@LINK rel=@noopener style=@STYLE target=@target>	2.1	0.0	2.1	https://hu.budapestbeacon.com/kiemelt-cikkek/kozel-huszonot-milliard-fideszes-haverok-cegeinek-fel-ev-alatt/ https://hu.budapestbeacon.com/kiemelt-cikkek/inkabb-egymast-bantjak-menekultek-mint-nemeteket-az-abcug-irasa/?_sf_s&sf_paged=31 https://hu.budapestbeacon.com/kiemelt-cikkek/inkabb-egymast-bantjak-menekultek-mint-nemeteket-az-abcug-irasa/	hivatkozas	href
4	<h4 dir=ltr id=@LONG style=@STYLE>	7.5	0.0	7.5	https://hu.budapestbeacon.com/kiemelt-cikkek/szavazatok-9999-anak-osszeszamlalasa-utan-marad-fidesz-ketharmados-tobbsege/ https://hu.budapestbeacon.com/kiemelt-cikkek/szavazatok-9999-anak-osszeszamlalasa-utan-marad-fidesz-ketharmados-tobbsege/?_sf_s&sf_paged=215 https://hu.budapestbeacon.com/kiemelt-cikkek/fidesz-elsopro-gyozelmet-aratott-valasztasokon/ https://hu.budapestbeacon.com/kiemelt-cikkek/fidesz-elsopro-gyozelmet-aratott-valasztasokon/?_sf_s&sf_paged=217	cimsor	default
2	<label for=@FieldNUM id=@titleNUM>	14.0	0.0	14.0	https://budapestbeacon.com/new-york-times-surveys-antisemitism-hungary/?_sf_s&sf_paged=421 https://budapestbeacon.com/new-york-times-surveys-antisemitism-hungary/	default	default
6	<div class=fb-video data-href=@LINK data-show-text=false data-width=@STYLE>	44.333333333333336	6.333333333333333	0.0	https://budapestbeacon.com/rubovszky-says-viktor-wont-let-janos-president/ https://budapestbeacon.com/szijjarto-accuses-eu-blackmail-no-one-listens/ https://budapestbeacon.com/gyurcsany-releases-scathing-video-of-orbans-hungary-the-hungary-of-less/ https://budapestbeacon.com/gyurcsany-releases-scathing-video-of-orbans-hungary-the-hungary-of-less/?_sf_s&sf_paged=209 https://budapestbeacon.com/szijjarto-accuses-eu-blackmail-no-one-listens/?_sf_s&sf_paged=206	default	default
26	<div class=fb-xfbml-parse-ignore>	13.307692307692308	2.769230769230769	1.5384615384615385	https://budapestbeacon.com/origo-hu-staff-au-revoir/?_sf_s&sf_paged=390 https://budapestbeacon.com/gyurcsany-releases-scathing-video-of-orbans-hungary-the-hungary-of-less/ https://budapestbeacon.com/gyurcsany-releases-scathing-video-of-orbans-hungary-the-hungary-of-less/?_sf_s&sf_paged=209 https://budapestbeacon.com/hungarian-government-crackdown-on-independent-ngos-continues/?_sf_s&sf_paged=388 https://budapestbeacon.com/hungarian-government-crackdown-on-independent-ngos-continues/	default	default
6	<blockquote cite=@LINK>	44.333333333333336	4.333333333333333	0.0	https://budapestbeacon.com/rubovszky-says-viktor-wont-let-janos-president/?_sf_s&sf_paged=204 https://budapestbeacon.com/rubovszky-says-viktor-wont-let-janos-president/ https://budapestbeacon.com/szijjarto-accuses-eu-blackmail-no-one-listens/ https://budapestbeacon.com/gyurcsany-releases-scathing-video-of-orbans-hungary-the-hungary-of-less/?_sf_s&sf_paged=209 https://budapestbeacon.com/szijjarto-accuses-eu-blackmail-no-one-listens/?_sf_s&sf_paged=206	default	default
2	<a class=twitter-timeline-link data-expanded-url=@LINK dir=ltr href=@LINK rel=nofollow target=@target title=@title>	1.0	2.0	0.0	https://budapestbeacon.com/day-outrage/?_sf_s&sf_paged=346 https://budapestbeacon.com/day-outrage/	hivatkozas	href
2	<span class=invisible>	1.0	0.0	1.0	https://budapestbeacon.com/day-outrage/ https://budapestbeacon.com/day-outrage/?_sf_s&sf_paged=346	default	default
2	<span class=js-display-url>	1.0	0.0	1.0	https://budapestbeacon.com/day-outrage/ https://budapestbeacon.com/day-outrage/?_sf_s&sf_paged=346	default	default
2	<div class=@NUM userContent _3576 data-ft={"tn":"K"} id=@NUM>	27.0	2.0	0.0	https://hu.budapestbeacon.com/kiemelt-cikkek/ez-egy-hatalmas-biznisz-amivel-nem-magyar-nyugdijasok-jarnak-majd-jol-interju-hadhazy-akossal/ https://hu.budapestbeacon.com/kiemelt-cikkek/ez-egy-hatalmas-biznisz-amivel-nem-magyar-nyugdijasok-jarnak-majd-jol-interju-hadhazy-akossal/?_sf_s&sf_paged=17	default	default
2	<span class=wide-element text>	3.0	0.0	3.0	https://budapestbeacon.com/mandiner-says-non-paper-is-proof-andre-goodfriend-lied/?_sf_s&sf_paged=250 https://budapestbeacon.com/mandiner-says-non-paper-is-proof-andre-goodfriend-lied/	default	default
4	<h2 dir=ltr style=@STYLE>	4.5	0.0	4.5	https://budapestbeacon.com/is-felcsut-mayor-lorinc-meszaros-viktor-orbans-straw-man/ https://budapestbeacon.com/is-felcsut-mayor-lorinc-meszaros-viktor-orbans-straw-man/?_sf_s&sf_paged=428 https://budapestbeacon.com/with-99-99-of-vote-counted-fidesz-retains-two-thirds-parliamentary-majority/ https://budapestbeacon.com/with-99-99-of-vote-counted-fidesz-retains-two-thirds-parliamentary-majority/?_sf_s&sf_paged=400	cimsor	default
1	<blockquote class=instagram-media data-instgrm-captioned= data-instgrm-version=@NUM style=@STYLE>	237.0	6.0	0.0	https://hu.budapestbeacon.com/politika/brexit-beckham-es-orban-maradas-mellett/	default	default
1	<time datetime=@NUM style=@STYLE>	5.0	0.0	5.0	https://hu.budapestbeacon.com/politika/brexit-beckham-es-orban-maradas-mellett/	default	default
2	<div class=page title=@NUM>	118.0	4.0	0.0	https://budapestbeacon.com/us-state-department-releases-hungarys-human-rights-report/?_sf_s&sf_paged=210 https://budapestbeacon.com/us-state-department-releases-hungarys-human-rights-report/	default	default
2	<div class=layoutArea>	118.0	3.0	0.0	https://budapestbeacon.com/us-state-department-releases-hungarys-human-rights-report/ https://budapestbeacon.com/us-state-department-releases-hungarys-human-rights-report/?_sf_s&sf_paged=210	default	default
2	<div class=column>	118.0	2.0	0.0	https://budapestbeacon.com/us-state-department-releases-hungarys-human-rights-report/?_sf_s&sf_paged=210 https://budapestbeacon.com/us-state-department-releases-hungarys-human-rights-report/	default	default
5	<span class=text_exposed_show>	21.4	3.2	21.4	https://budapestbeacon.com/residents-perbal-mistake-sri-lankan-volunteers-migrants-call-police/?_sf_s&sf_paged=43 https://hu.budapestbeacon.com/kiemelt-cikkek/legregebbi-tanodakat-gancsolta-el-kormany/ https://hu.budapestbeacon.com/kiemelt-cikkek/elo-beszamolo-nincs-hova-hatralnunk-tuntetesrol/?_sf_s&sf_paged=157 https://budapestbeacon.com/residents-perbal-mistake-sri-lankan-volunteers-migrants-call-police/ https://hu.budapestbeacon.com/kiemelt-cikkek/elo-beszamolo-nincs-hova-hatralnunk-tuntetesrol/	default	default
2	<div class=keretes keretes_szeles>	132.0	5.0	0.0	https://budapestbeacon.com/viktor-orban-endorses-donald-trump-at-baile-tusnad/ https://budapestbeacon.com/viktor-orban-endorses-donald-trump-at-baile-tusnad/?_sf_s&sf_paged=188	default	default
4	<a class=link customisable data-expanded-url=@LINK data-scribe=element:url dir=ltr href=@LINK rel=nofollow target=@target title=@title>	1.0	3.0	0.0	https://budapestbeacon.com/orban-tells-nav-head-sue-goodfriend-youre-fired/?_sf_s&sf_paged=341 https://budapestbeacon.com/orban-tells-nav-head-sue-goodfriend-youre-fired/	hivatkozas	href
6	<span class=tco-hidden>	0.6666666666666666	0.0	0.6666666666666666	https://budapestbeacon.com/orban-tells-nav-head-sue-goodfriend-youre-fired/ https://budapestbeacon.com/orban-tells-nav-head-sue-goodfriend-youre-fired/?_sf_s&sf_paged=341	default	default
4	<span class=tco-display>	1.0	0.0	1.0	https://budapestbeacon.com/orban-tells-nav-head-sue-goodfriend-youre-fired/ https://budapestbeacon.com/orban-tells-nav-head-sue-goodfriend-youre-fired/?_sf_s&sf_paged=341	default	default
4	<blockquote class=twitter-tweet lang=hu>	27.0	4.0	0.0	https://budapestbeacon.com/senator-john-mccain-calls-viktor-orban-neo-fascist-dictator/?_sf_s&sf_paged=342 https://hu.budapestbeacon.com/politika/john-mccain-szenator-neofasiszta-diktatornak-nevezte-orban-viktort/ https://budapestbeacon.com/senator-john-mccain-calls-viktor-orban-neo-fascist-dictator/ https://hu.budapestbeacon.com/politika/john-mccain-szenator-neofasiszta-diktatornak-nevezte-orban-viktort/?_sf_s&sf_paged=160	default	default
114	<td colspan=@NUM>	3.087719298245614	0.2982456140350877	2.6315789473684212	https://hu.budapestbeacon.com/kiemelt-cikkek/orban-viktor-veje-tobbmilliardos-allami-es-onkormanyzati-szerzodeseket-kapott/ https://budapestbeacon.com/table/?_sf_s&sf_paged=337 https://budapestbeacon.com/study-shows-government-touted-huge-wage-increases-teachers-not-huge/ https://budapestbeacon.com/table/ https://budapestbeacon.com/study-shows-government-touted-huge-wage-increases-teachers-not-huge/?_sf_s&sf_paged=123	oszlop	default
2	<div class=@NUM ajU>	12.0	3.0	0.0	https://hu.budapestbeacon.com/egyebhirek/nobel-dijas-kertesz-imre-legmagasabb-magyar-kituntetest-veheti/?_sf_s&sf_paged=187 https://hu.budapestbeacon.com/egyebhirek/nobel-dijas-kertesz-imre-legmagasabb-magyar-kituntetest-veheti/	default	default
2	<div class=ajR data-tooltip=Show trimmed content id=:qj tabindex=@NUM>	12.0	2.0	10.0	https://hu.budapestbeacon.com/egyebhirek/nobel-dijas-kertesz-imre-legmagasabb-magyar-kituntetest-veheti/ https://hu.budapestbeacon.com/egyebhirek/nobel-dijas-kertesz-imre-legmagasabb-magyar-kituntetest-veheti/?_sf_s&sf_paged=187	default	default
16	<address>	2.375	0.625	1.625	https://budapestbeacon.com/richard-fields-letter-to-hungarian-international-spokesman-zoltan-kovacs/ https://hu.budapestbeacon.com/kiemelt-cikkek/tisztelt-foszerkeszto-ur/ https://hu.budapestbeacon.com/kiemelt-cikkek/tisztelt-foszerkeszto-ur/?_sf_s&sf_paged=71 https://budapestbeacon.com/richard-fields-letter-to-hungarian-international-spokesman-zoltan-kovacs/?_sf_s&sf_paged=294	default	default
17	<h1 style=@STYLE>	6.705882352941177	0.23529411764705882	4.235294117647059	https://budapestbeacon.com/miskolc-city-council-ghetto-outta-here/ https://budapestbeacon.com/will-teacher-strike-2014/ https://budapestbeacon.com/will-teacher-strike-2014/?_sf_s&sf_paged=427 https://budapestbeacon.com/gemesi-announces-center-right-party-represent-hungarys-silent-majority/ https://budapestbeacon.com/fidesz-publicists-devote-television-program-to-church-bashing/	default	default
2	<span data-term=@NUM>	2.0	0.0	2.0	https://budapestbeacon.com/bela-biszku-appeal-extended-two-months/ https://budapestbeacon.com/bela-biszku-appeal-extended-two-months/?_sf_s&sf_paged=385	default	default
8	<script type=text/javascript>	30.0	0.0	30.0	https://budapestbeacon.com/new-facebook-pages-for-expat-jobbik-sympathizers/ https://budapestbeacon.com/new-facebook-pages-for-expat-jobbik-sympathizers/?_sf_s&sf_paged=419	decompose	default
6	<p dir=ltr lang=und>	11.666666666666666	2.0	10.0	https://budapestbeacon.com/hungarian-ambassador-washington-recalled-higher-education-bill/?_sf_s&sf_paged=115 https://budapestbeacon.com/lex-ceu-human-chain-protest-turns-confrontation-steps-parlament/ https://budapestbeacon.com/lex-ceu-human-chain-protest-turns-confrontation-steps-parlament/?_sf_s&sf_paged=115 https://budapestbeacon.com/hungarian-ambassador-washington-recalled-higher-education-bill/	bekezdes	default
2	<dl class=wp-caption @STYLE id=@attachmentNUM style=@STYLE>	2.0	2.0	0.0	https://budapestbeacon.com/opposition-mps-fined-by-speaker/?_sf_s&sf_paged=429 https://budapestbeacon.com/opposition-mps-fined-by-speaker/	default	default
2	<dd class=wp-caption-dd>	2.0	0.0	2.0	https://budapestbeacon.com/opposition-mps-fined-by-speaker/ https://budapestbeacon.com/opposition-mps-fined-by-speaker/?_sf_s&sf_paged=429	default	default
16	<span class=hvr>	1.125	0.0	1.125	https://budapestbeacon.com/ep-committee-on-womens-rights-delegation-to-visit-hungary/?_sf_s&sf_paged=19 https://budapestbeacon.com/ep-committee-on-womens-rights-delegation-to-visit-hungary/	default	default
2	<div class=@NUM userContent data-ft={"tn":"K"} id=js_w>	31.0	1.0	0.0	https://hu.budapestbeacon.com/egyeb/12676/?_sf_s&sf_paged=54 https://hu.budapestbeacon.com/egyeb/12676/	default	default
14	<p class=Normal>	53.42857142857143	0.2857142857142857	47.285714285714285	https://hu.budapestbeacon.com/kiemelt-cikkek/ket-es-fel-ezer-embert-elbocsatottak-a-kereskedelemben-a-vasarnapi-nyitva-tartas-tilalmanak-bevezetese-ota/ https://hu.budapestbeacon.com/kiemelt-cikkek/ket-es-fel-ezer-embert-elbocsatottak-a-kereskedelemben-a-vasarnapi-nyitva-tartas-tilalmanak-bevezetese-ota/?_sf_s&sf_paged=109	bekezdes	default
1	<iframe allowfullscreen=allowfullscreen data-mce-fragment=@NUM height=@STYLE src=@LINK width=@STYLE>	19.0	0.0	19.0	https://hu.budapestbeacon.com/egyebhirek/magyarok-tartalekok-nelkul-leromlott-allapotban-lesznek-nyugdijasok-vihetik-meszarosek-veszpremet-ez-tortent-csutortokon/	beagyazott_tartalom	src
16	<script>	26.125	0.0	26.125	https://hu.budapestbeacon.com/video/a-jelenlegi-politikai-elit-nem-tartozik-a-tudasbazis-nyertesei-koze-interju-toth-zoltannal/?_sf_s&sf_paged=2 https://hu.budapestbeacon.com/video/a-jelenlegi-politikai-elit-nem-tartozik-a-tudasbazis-nyertesei-koze-interju-toth-zoltannal/ https://hu.budapestbeacon.com/civil-ugyek/rafagytak-soros-penzcsapra-es-nem-tudtak-lejonni-rola-az-abcug-irasa/ https://budapestbeacon.com/origo-hu-staff-au-revoir/?_sf_s&sf_paged=390 https://budapestbeacon.com/hungarian-government-crackdown-on-independent-ngos-continues/	decompose	default
3	<div class=fb-video data-href=@LINK data-width=@STYLE>	74.66666666666667	4.0	0.0	https://hu.budapestbeacon.com/video/a-jelenlegi-politikai-elit-nem-tartozik-a-tudasbazis-nyertesei-koze-interju-toth-zoltannal/ https://hu.budapestbeacon.com/video/a-jelenlegi-politikai-elit-nem-tartozik-a-tudasbazis-nyertesei-koze-interju-toth-zoltannal/?_sf_s&sf_paged=2 https://hu.budapestbeacon.com/video/nem-lehet-barmit-megtenni-velunk-interju-gyetvai-viktorral-ne-menj-suliba-tuntetes-szervezojevel/	default	default
5	<blockquote cite=@LINK class=fb-xfbml-parse-ignore>	57.6	3.8	4.2	https://budapestbeacon.com/surveillance-bug-found-ngo-office/ https://budapestbeacon.com/surveillance-bug-found-ngo-office/?_sf_s&sf_paged=200 https://hu.budapestbeacon.com/video/nem-lehet-barmit-megtenni-velunk-interju-gyetvai-viktorral-ne-menj-suliba-tuntetes-szervezojevel/ https://hu.budapestbeacon.com/video/a-jelenlegi-politikai-elit-nem-tartozik-a-tudasbazis-nyertesei-koze-interju-toth-zoltannal/?_sf_s&sf_paged=2 https://hu.budapestbeacon.com/video/a-jelenlegi-politikai-elit-nem-tartozik-a-tudasbazis-nyertesei-koze-interju-toth-zoltannal/	default	default
4	<p class=text_exposed_show>	29.5	5.0	4.5	https://hu.budapestbeacon.com/kiemelt-cikkek/elo-beszamolo-nincs-hova-hatralnunk-tuntetesrol/?_sf_s&sf_paged=157 https://hu.budapestbeacon.com/kiemelt-cikkek/elo-beszamolo-nincs-hova-hatralnunk-tuntetesrol/	bekezdes	default
2	<span class=fsl>	50.0	9.0	0.0	https://hu.budapestbeacon.com/kiemelt-cikkek/elo-beszamolo-nincs-hova-hatralnunk-tuntetesrol/ https://hu.budapestbeacon.com/kiemelt-cikkek/elo-beszamolo-nincs-hova-hatralnunk-tuntetesrol/?_sf_s&sf_paged=157	default	default
2	<div class=@NUM @NUM>	537.0	30.0	0.0	https://budapestbeacon.com/facebook-group-reports-violent-abuse-refugees-hungarian-border-police/?_sf_s&sf_paged=177 https://budapestbeacon.com/facebook-group-reports-violent-abuse-refugees-hungarian-border-police/	default	default
2	<div class=mtm>	537.0	27.0	0.0	https://budapestbeacon.com/facebook-group-reports-violent-abuse-refugees-hungarian-border-police/?_sf_s&sf_paged=177 https://budapestbeacon.com/facebook-group-reports-violent-abuse-refugees-hungarian-border-police/	default	default
2	<div class=mtm @NUM>	537.0	26.0	0.0	https://budapestbeacon.com/facebook-group-reports-violent-abuse-refugees-hungarian-border-police/?_sf_s&sf_paged=177 https://budapestbeacon.com/facebook-group-reports-violent-abuse-refugees-hungarian-border-police/	default	default
2	<div class=mtm @NUM data-ft={"tn":"K"}>	537.0	25.0	0.0	https://budapestbeacon.com/facebook-group-reports-violent-abuse-refugees-hungarian-border-police/?_sf_s&sf_paged=177 https://budapestbeacon.com/facebook-group-reports-violent-abuse-refugees-hungarian-border-police/	default	default
2	<div class=text_exposed_root text_exposed id=@NUM>	537.0	23.0	0.0	https://budapestbeacon.com/facebook-group-reports-violent-abuse-refugees-hungarian-border-police/ https://budapestbeacon.com/facebook-group-reports-violent-abuse-refugees-hungarian-border-police/?_sf_s&sf_paged=177	default	default
2	<a class=@NUM data-ft=@NUM href=@LINK>	1.0	3.0	0.0	https://budapestbeacon.com/facebook-group-reports-violent-abuse-refugees-hungarian-border-police/?_sf_s&sf_paged=177 https://budapestbeacon.com/facebook-group-reports-violent-abuse-refugees-hungarian-border-police/	hivatkozas	href
4	<span class=@NUM @NUM>	0.75	0.75	0.5	https://budapestbeacon.com/facebook-group-reports-violent-abuse-refugees-hungarian-border-police/ https://budapestbeacon.com/facebook-group-reports-violent-abuse-refugees-hungarian-border-police/?_sf_s&sf_paged=177 https://hu.budapestbeacon.com/kiemelt-cikkek/nemi-eletet-elnek-renszarvasok-vajna-andras-polojan/	default	default
2	<div id=szponz_left>	9.0	1.0	0.0	https://budapestbeacon.com/government-bans-national-tobacco-retailers-from-operating-in-supermarkets-petrol-stations/ https://budapestbeacon.com/government-bans-national-tobacco-retailers-from-operating-in-supermarkets-petrol-stations/?_sf_s&sf_paged=426	default	default
6	<h4 dir=ltr>	13.0	0.6666666666666666	13.0	https://budapestbeacon.com/gabor-simon-arrested-for-using-fake-passport-to-open-bank-account/ https://budapestbeacon.com/gabor-simon-arrested-for-using-fake-passport-to-open-bank-account/?_sf_s&sf_paged=407 https://budapestbeacon.com/welt-2000-founder-andras-komaromi-47-dies-after-succumbing-to-government-pressure/ https://budapestbeacon.com/welt-2000-founder-andras-komaromi-47-dies-after-succumbing-to-government-pressure/?_sf_s&sf_paged=408	cimsor	default
2	<div class=@containerNUM id=@containerNUM onmouseout=@LONG onmouseover=@LONG style=@STYLE>	12.0	9.0	0.0	https://hu.budapestbeacon.com/kiemelt-cikkek/igy-unneplik-magyarok-szent-gergely-napjat/ https://hu.budapestbeacon.com/kiemelt-cikkek/igy-unneplik-magyarok-szent-gergely-napjat/?_sf_s&sf_paged=221	default	default
8	<div class=@skypeNUM>	3.0	1.25	0.0	https://hu.budapestbeacon.com/kiemelt-cikkek/igy-unneplik-magyarok-szent-gergely-napjat/?_sf_s&sf_paged=221 https://hu.budapestbeacon.com/kiemelt-cikkek/igy-unneplik-magyarok-szent-gergely-napjat/	default	default
4	<a class=@LONG href=@LINK id=@LONG>	1.5	0.0	1.5	https://hu.budapestbeacon.com/kiemelt-cikkek/igy-unneplik-magyarok-szent-gergely-napjat/ https://hu.budapestbeacon.com/kiemelt-cikkek/igy-unneplik-magyarok-szent-gergely-napjat/?_sf_s&sf_paged=221	hivatkozas	href
2	<a class=@skypeNUM href=@LINK id=@skypeNUM>	3.0	0.0	3.0	https://hu.budapestbeacon.com/kiemelt-cikkek/igy-unneplik-magyarok-szent-gergely-napjat/ https://hu.budapestbeacon.com/kiemelt-cikkek/igy-unneplik-magyarok-szent-gergely-napjat/?_sf_s&sf_paged=221	hivatkozas	href
2	<span class=@callcreditNUM>	4.0	0.0	4.0	https://hu.budapestbeacon.com/kiemelt-cikkek/igy-unneplik-magyarok-szent-gergely-napjat/ https://hu.budapestbeacon.com/kiemelt-cikkek/igy-unneplik-magyarok-szent-gergely-napjat/?_sf_s&sf_paged=221	default	default
2	<span class=@skypeNUM>	3.0	0.0	3.0	https://hu.budapestbeacon.com/kiemelt-cikkek/igy-unneplik-magyarok-szent-gergely-napjat/?_sf_s&sf_paged=221 https://hu.budapestbeacon.com/kiemelt-cikkek/igy-unneplik-magyarok-szent-gergely-napjat/	default	default
4	<div class=fb-post data-href=@LINK data-show-text=true data-width=@STYLE>	40.0	3.0	24.0	https://budapestbeacon.com/saturday-explosion-plays-into-governments-hands-say-opposition-politicians/ https://budapestbeacon.com/saturday-explosion-plays-into-governments-hands-say-opposition-politicians/?_sf_s&sf_paged=164 https://budapestbeacon.com/surveillance-bug-found-ngo-office/ https://budapestbeacon.com/surveillance-bug-found-ngo-office/?_sf_s&sf_paged=200	default	default
2	<audio class=wp-audio-shortcode controls=controls id=@audioNUM preload=none style=@STYLE>	1.0	2.0	0.0	https://budapestbeacon.com/new-far-right-party-horizon/?_sf_s&sf_paged=99 https://budapestbeacon.com/new-far-right-party-horizon/	default	default
10	<h2 style=@STYLE>	2.4	0.0	2.4	https://budapestbeacon.com/whoever-says-poverty-hungary-lying/?_sf_s&sf_paged=234 https://budapestbeacon.com/nav-the-american-document-is-not-credible/ https://budapestbeacon.com/nav-the-american-document-is-not-credible/?_sf_s&sf_paged=346 https://budapestbeacon.com/whoever-says-poverty-hungary-lying/	cimsor	default
2	<p dir=ltr lang=und style=@STYLE>	2.0	2.0	0.0	https://budapestbeacon.com/lex-ceu-human-chain-protest-turns-confrontation-steps-parlament/ https://budapestbeacon.com/lex-ceu-human-chain-protest-turns-confrontation-steps-parlament/?_sf_s&sf_paged=115	bekezdes	default
2	<blockquote class=twitter-tweet data-conversation=none data-lang=en>	16.0	8.0	0.0	https://budapestbeacon.com/lex-ceu-human-chain-protest-turns-confrontation-steps-parlament/ https://budapestbeacon.com/lex-ceu-human-chain-protest-turns-confrontation-steps-parlament/?_sf_s&sf_paged=115	default	default
6	<b id=@LONG style=@STYLE>	18.333333333333332	1.6666666666666667	0.0	https://budapestbeacon.com/hungarian-president-janos-ader-quietly-visits-canada-united-states/?_sf_s&sf_paged=432 https://budapestbeacon.com/hungarian-president-janos-ader-quietly-visits-canada-united-states/	felkover	default
2	<blockquote class=embedly-card>	11.0	3.0	0.0	https://budapestbeacon.com/female-representation-hungarian-parliament-low-iran-congo/ https://budapestbeacon.com/female-representation-hungarian-parliament-low-iran-congo/?_sf_s&sf_paged=60	default	default
1	<span class=irc_pt dir=ltr>	1.0	0.0	1.0	https://hu.budapestbeacon.com/egyebhirek/szazmilliokat-keres-kormany-jovoltabol-egy-maltai-fiokceg/	default	default
2	<p class=post-heading>	16.0	1.0	0.0	https://hu.budapestbeacon.com/egyebhirek/felfedtek-orban-titokzatos-svajci-utjainak-reszleteit-ez-tortent-hetvegen/ https://hu.budapestbeacon.com/egyebhirek/felfedtek-orban-titokzatos-svajci-utjainak-reszleteit-ez-tortent-hetvegen/?_sf_s&sf_paged=22	bekezdes	default
1	<del>	6.0	0.0	6.0	https://hu.budapestbeacon.com/kiemelt-cikkek/annyira-nem-sz-r-helyzet-podiumbeszelgetes-az-egyenlo-hazassagrol/	athuzott	default
2	<div class=article-content>	1660.0	15.0	0.0	https://budapestbeacon.com/orban-risking-legacy-fidesz-respond-simicska/?_sf_s&sf_paged=312 https://budapestbeacon.com/orban-risking-legacy-fidesz-respond-simicska/	default	default
4	<td rowspan=@NUM>	4.0	0.0	4.0	https://hu.budapestbeacon.com/tarsadalom/nav-hiteltelen-az-amerikai-dokumentum/ https://hu.budapestbeacon.com/tarsadalom/nav-hiteltelen-az-amerikai-dokumentum/?_sf_s&sf_paged=165	oszlop	default
2	<div title=@NUM>	12.0	4.0	0.0	https://budapestbeacon.com/oecd-data-compares-post-crisis-hungary/ https://budapestbeacon.com/oecd-data-compares-post-crisis-hungary/?_sf_s&sf_paged=404	default	default
2	<dl>	3.0	2.0	0.0	https://budapestbeacon.com/hungarian-protesters-to-merkel-we-are-drowning-in-corruption/ https://budapestbeacon.com/hungarian-protesters-to-merkel-we-are-drowning-in-corruption/?_sf_s&sf_paged=324	default	default
2	<dd>	3.0	1.0	0.0	https://budapestbeacon.com/hungarian-protesters-to-merkel-we-are-drowning-in-corruption/?_sf_s&sf_paged=324 https://budapestbeacon.com/hungarian-protesters-to-merkel-we-are-drowning-in-corruption/	default	default
2	<div class=poem>	193.0	74.0	0.0	https://budapestbeacon.com/hungarian-protesters-to-merkel-we-are-drowning-in-corruption/ https://budapestbeacon.com/hungarian-protesters-to-merkel-we-are-drowning-in-corruption/?_sf_s&sf_paged=324	default	default
74	<span class=mw-poem-indented>	5.216216216216216	0.0	5.216216216216216	https://budapestbeacon.com/hungarian-protesters-to-merkel-we-are-drowning-in-corruption/ https://budapestbeacon.com/hungarian-protesters-to-merkel-we-are-drowning-in-corruption/?_sf_s&sf_paged=324	default	default
10	<i style=@STYLE>	12.6	0.0	12.6	https://budapestbeacon.com/govt-spokesman-accuses-us-embassy-official-of-escalating-heated-situation/ https://budapestbeacon.com/govt-spokesman-accuses-us-embassy-official-of-escalating-heated-situation/?_sf_s&sf_paged=351	dolt	default
2	<span class=official_s_title->	9.0	0.0	9.0	https://budapestbeacon.com/u-s-department-of-state-notes-steady-decline-of-media-freedom-in-hungary/ https://budapestbeacon.com/u-s-department-of-state-notes-steady-decline-of-media-freedom-in-hungary/?_sf_s&sf_paged=155	default	default
2	<p class=entry-title sticky-entry-title>	8.0	1.0	0.0	https://hu.budapestbeacon.com/egyebhirek/het-percen-belul-mondott-ellent-sajat-maganak-fidesz-szovivoje-ez-tortent-penteken/ https://hu.budapestbeacon.com/egyebhirek/het-percen-belul-mondott-ellent-sajat-maganak-fidesz-szovivoje-ez-tortent-penteken/?_sf_s&sf_paged=14	bekezdes	default
2	<div data-angle=@NUM data-canvas-width=@STYLE data-font-name=@NUM>	22.0	0.0	22.0	https://hu.budapestbeacon.com/kiemelt-cikkek/amikor-az-europai-moralis-vakuum-talalkozik-magyar-onkenyuralmi-rendszerrel/ https://hu.budapestbeacon.com/kiemelt-cikkek/amikor-az-europai-moralis-vakuum-talalkozik-magyar-onkenyuralmi-rendszerrel/?_sf_s&sf_paged=175	default	default
4	<span class=@STYLE>	4.0	0.0	4.0	https://budapestbeacon.com/rainbow-colored-school-fence-subject-of-controversy-in-hungary/?_sf_s&sf_paged=179 https://budapestbeacon.com/rainbow-colored-school-fence-subject-of-controversy-in-hungary/	default	default
2	<h3 align=@STYLE style=@STYLE>	13.0	0.0	13.0	https://budapestbeacon.com/hungary-opposition-says-fair-elections-in-jeopardy/ https://budapestbeacon.com/hungary-opposition-says-fair-elections-in-jeopardy/?_sf_s&sf_paged=404	cimsor	default
2	<p dir=ltr lang=en style=@STYLE>	19.0	2.0	17.0	https://budapestbeacon.com/two-major-diplomatic-missions-speak-ngo-law/?_sf_s&sf_paged=92 https://budapestbeacon.com/two-major-diplomatic-missions-speak-ngo-law/	bekezdes	default
6	<address style=@STYLE>	2.0	0.0	2.0	https://budapestbeacon.com/richard-fields-letter-to-hungarian-international-spokesman-zoltan-kovacs/ https://budapestbeacon.com/richard-fields-letter-to-hungarian-international-spokesman-zoltan-kovacs/?_sf_s&sf_paged=294	default	default
3	<a href=@LINK rel=nofollow style=@STYLE target=@target>	3.3333333333333335	0.0	3.3333333333333335	https://hu.budapestbeacon.com/kiemelt-cikkek/romhalmazokat-sozna-szegenyekre-jozsefvarosi-onkormanyzat-az-abcug-irasa/ https://hu.budapestbeacon.com/kiemelt-cikkek/zuhano-magyar-oktatas-miniszterium-szerint-tobbek-kozt-digitalis-teszt-zavarta-meg-gyerekeket/	hivatkozas	href
4	<div class=@NUM style=@STYLE>	164.5	5.0	0.0	https://budapestbeacon.com/oecd-better-life-index-more-hungarians-very-satisfied-with-their-lives-today-than-in-2007/ https://budapestbeacon.com/oecd-better-life-index-more-hungarians-very-satisfied-with-their-lives-today-than-in-2007/?_sf_s&sf_paged=396	default	default
8	<address dir=ltr>	1.5	0.0	1.5	https://hu.budapestbeacon.com/levelek/nyilt-level-lovas-istvannak-magyar-nemzet-brusszeli-tudositojanak/ https://hu.budapestbeacon.com/levelek/nyilt-level-lovas-istvannak-magyar-nemzet-brusszeli-tudositojanak/?_sf_s&sf_paged=245	default	default
2	<div class=field field-name-field-fra-body field-type-text-long field-label-hidden>	605.0	36.0	0.0	https://budapestbeacon.com/europe-has-failed-its-roma-minority-says-fra-director-oflaherty/?_sf_s&sf_paged=144 https://budapestbeacon.com/europe-has-failed-its-roma-minority-says-fra-director-oflaherty/	default	default
1	<span class=photographer>	4.0	0.0	4.0	https://hu.budapestbeacon.com/kiemelt-cikkek/rendorok-szalltak-meg-varosligetet/	default	default
2	<code>	1.0	1.0	0.0	https://budapestbeacon.com/judgment-in-hungary-wins-special-jury-award-at-sarajevo-film-festival/?_sf_s&sf_paged=369 https://budapestbeacon.com/judgment-in-hungary-wins-special-jury-award-at-sarajevo-film-festival/	default	default