260772	<a class=comment_anchor id=@NUM name=@NUM>	0.0	0.0	0.0	https://hataratkelo.blog.hu/2013/02/19/az_embernek_lehet_szerencseje_is https://hataratkelo.blog.hu/2018/12/15/honvagy_vagytol_a_fajdalomig https://hataratkelo.blog.hu/2019/06/02/szokes_kretara https://hataratkelo.blog.hu/2012/07/29/fel_labbal_itt_fel_labbal_ott https://hataratkelo.blog.hu/2017/10/14/magyar_es_vagy_europai	null	default
3	<a data-saferedirecturl=@LINK href=@LINK>	0.0	0.0	0.0	https://hataratkelo.blog.hu/2017/08/19/az_ismeretlen_oslakosok_foldjen	null	default
3427	<a id=@NUM name=@NUM>	0.0	0.0	0.0	https://hataratkelo.blog.hu/2017/03/11/uj_eletet_kezdeni_amerikaban https://hataratkelo.blog.hu/2017/11/25/hazamenni_karacsonyra_vagy_megsem https://hataratkelo.blog.hu/2013/06/21/magyar_magyarnak https://hataratkelo.blog.hu/2018/01/05/nem_vagytam_el_soha_magyarorszagrol https://hataratkelo.blog.hu/2021/05/14/paddington_a_meno_negyed	null	default
397	<blockquote class=instagram-media data-instgrm-captioned= data-instgrm-permalink=@LINK data-instgrm-version=@NUM style=@STYLE>	0.0	0.0	0.0	https://hataratkelo.blog.hu/2020/07/05/tulelo_uzemmodban_avagy_szep_uj_vilag https://hataratkelo.blog.hu/2021/02/24/magyar_legyen_a_kulfoldon_szuletett_gyerek_elso_nyelve https://hataratkelo.blog.hu/2020/09/12/konnyebb_lett_az_ausztriaba_ingazok_elete https://hataratkelo.blog.hu/2021/03/30/igy_oltanak_amerikaban https://hataratkelo.blog.hu/2020/11/13/nyalcsorgatas_portugaliaban	social_media	data-instgrm-permalink
527842	<br>	0.0	0.0	0.0	https://hataratkelo.blog.hu/2014/07/19/meg_mindig_az_ablakbol https://hataratkelo.blog.hu/2020/06/30/_itthon_is_lehet_olyan_jol_elni_mint_kulfoldon https://hataratkelo.blog.hu/2018/11/07/hat_szokas_amit_egy_kulfoldi_elhagy_magyarorszagon https://hataratkelo.blog.hu/2021/07/06/tolerancia_holland_modra https://hataratkelo.blog.hu/2014/09/15/aradnak_ki_a_magyarok_hosszu_tomott_sorokban	null	default
2	<col width=@STYLE>	0.0	0.0	0.0	https://hataratkelo.blog.hu/2013/07/20/dolgok_amiket_nem_tudnek_feladni	null	default
1	<colgroup>	0.0	2.0	0.0	https://hataratkelo.blog.hu/2013/07/20/dolgok_amiket_nem_tudnek_feladni	null	default
140857	<div class=avatar-content balra-rendezett>	0.0	4.999964503006596	0.0	https://hataratkelo.blog.hu/2015/12/02/kisult-e_mar https://hataratkelo.blog.hu/2017/09/05/magyarok_egy_mexikoi_vulkanon https://hataratkelo.blog.hu/2018/02/23/a_nap_amely_megvaltoztatta_az_eletem https://hataratkelo.blog.hu/2020/01/26/a_vegyeshazassagok_es_a_hagyomanyok_tovabbadasa https://hataratkelo.blog.hu/2016/01/11/_mit_keresel_meg_itt	null	default
140856	<div class=avatar-inner-border>	0.0	3.0	0.0	https://hataratkelo.blog.hu/2017/07/01/a_csodak_helye https://hataratkelo.blog.hu/2014/04/09/az_a_legendas_sved_egeszsegugy https://hataratkelo.blog.hu/2018/12/10/miert_nem_megyek_vissza_magyarorszagra_698 https://hataratkelo.blog.hu/2014/12/21/allaskereses_kulfoldon_hasznos_tippek https://hataratkelo.blog.hu/2017/11/27/mi_nem_jo_ausztriaban	null	default
140856	<div class=avatar-outer-border>	0.0	4.0	0.0	https://hataratkelo.blog.hu/2021/07/15/kiderult_hol_elnek_a_nagy-britanniai_magyarok https://hataratkelo.blog.hu/2012/11/04/elkepzelhetetlen_ennel_nagyobb_kaland https://hataratkelo.blog.hu/2016/09/18/kirekesztenek_ha_kover_vagy https://hataratkelo.blog.hu/2016/03/02/megprobalni_azt_a_franya_amerikat https://hataratkelo.blog.hu/2020/09/02/felemas_hatarzar_ketsegbeesett_ingazok	null	default
260772	<div class=clear-right>	0.0	0.0	0.0	https://hataratkelo.blog.hu/2015/04/04/a_szeker_felrobbantasa https://hataratkelo.blog.hu/2017/07/15/szex_a_sivatagban https://hataratkelo.blog.hu/2019/11/18/felkeszules_a_kanadai_telre https://hataratkelo.blog.hu/2015/07/05/allaskereses_es_gyulolt_ellensegeink https://hataratkelo.blog.hu/2019/03/29/tiz_dolog_amire_spanyolorszag_tanitott	null	default
260772	<div class=clear>	0.0	0.0	0.0	https://hataratkelo.blog.hu/2017/11/21/a_dinamikus_lassusag_varosa https://hataratkelo.blog.hu/2019/02/18/hatizsakos_kalandok_thaifoldon https://hataratkelo.blog.hu/2020/02/17/osztrak_belga_es_magyar_korhazban https://hataratkelo.blog.hu/2021/04/06/husvet_a_fulop-szigeteken https://hataratkelo.blog.hu/2015/05/22/magyarorszag_az_elvegzett_iskola	null	default
260772	<div class=editComment>	0.0	0.0	0.0	https://hataratkelo.blog.hu/2016/10/14/igy_lett_belolem_hataratkelo https://hataratkelo.blog.hu/2021/06/01/a_legnehezebb_elso_lepes https://hataratkelo.blog.hu/2016/12/28/nem_csak_a_munkat_vettek_el_a_britektol https://hataratkelo.blog.hu/2013/04/19/miert_ne_gyere_londonba https://hataratkelo.blog.hu/2014/05/05/nyitottabb_lett_a_vilag	null	default
260772	<div class=moderation_container data-comment_id=@NUM>	0.0	0.0	0.0	https://hataratkelo.blog.hu/2014/10/08/az_amerikai_suli https://hataratkelo.blog.hu/2018/03/27/london_felulnezetbol_230 https://hataratkelo.blog.hu/2019/08/29/lehet-e_egyenlo_egy_bevandorlo https://hataratkelo.blog.hu/2016/04/14/megduplazodott_az_angliai_magyarok_szama https://hataratkelo.blog.hu/2016/12/31/a_szamar_eve_es_a_piros_alsonemuk	null	default
2	<div class=sandbox_code>	0.0	1.0	0.0	https://hataratkelo.blog.hu/2017/03/25/magyarkent_nem_mondod_ki_hogy_boldog_vagy https://hataratkelo.blog.hu/2017/04/08/kulfoldon_at_kell_allitani_az_agyat	null	default
175	<div id=@LONG>	0.0	0.0	0.0	https://hataratkelo.blog.hu/2017/04/07/hataratkeles_ket_gyerekkel_egyedul https://hataratkelo.blog.hu/2013/07/16/elet_egy_oceanjaron https://hataratkelo.blog.hu/2012/09/06/csak_a_kitartasom_maradt https://hataratkelo.blog.hu/2016/06/09/het_ok_amiert_elmegyek_magyarorszagrol https://hataratkelo.blog.hu/2013/05/10/amerikaert_meg_nosulni_sem_kellett	null	default
3380	<div id=genie_moderation_forms>	0.0	0.0	0.0	https://hataratkelo.blog.hu/2016/03/06/panama_jobb_vagy_magyarorszag https://hataratkelo.blog.hu/2014/06/01/az_elvezetek_napja https://hataratkelo.blog.hu/2019/05/21/hazateres_amerikabol https://hataratkelo.blog.hu/2020/01/15/kellenek_magyarorszagnak_a_hataratkelo_magyarok https://hataratkelo.blog.hu/2015/11/22/kapcsolataink_523	null	default
1	<embed allowfullscreen=true height=@STYLE src=@LINK style=@STYLE type=application/x-shockwave-flash width=@STYLE>	0.0	0.0	0.0	https://hataratkelo.blog.hu/2013/01/18/iszonyatosan_meg_kell_kuzdeni	null	default
85	<embed allowfullscreen=true height=@STYLE src=@LINK type=application/x-shockwave-flash width=@STYLE>	0.0	0.0	0.0	https://hataratkelo.blog.hu/2015/09/18/meses_idoutazas_angliaban https://hataratkelo.blog.hu/2014/04/23/norvegia_ahol_van_jovokep https://hataratkelo.blog.hu/2014/01/25/felnevelni_elengedni_es_visszahozni https://hataratkelo.blog.hu/2013/08/06/megerkezni_amerikaba https://hataratkelo.blog.hu/2015/08/20/sorgyari_capriccio_716	null	default
1	<iframe allow=@LONG allowfullscreen=true frameborder=@NUM height=@STYLE scrolling=no src=@LINK style=@STYLE width=@STYLE>	0.0	0.0	0.0	https://hataratkelo.blog.hu/2021/05/31/orban_londoni_uzenete_a_hataratkelo_magyaroknak	beagyazott_tartalom	src
6	<iframe allow=autoplay frameborder=no height=@STYLE scrolling=no src=@LINK width=@STYLE>	0.0	0.0	0.0	https://hataratkelo.blog.hu/2018/12/01/a_los_angeles-london-budapest_tengely https://hataratkelo.blog.hu/2018/12/16/bringaval_a_vilag_korul_632 https://hataratkelo.blog.hu/2018/12/31/szilveszter_a_kontinenseken_at https://hataratkelo.blog.hu/2018/10/20/segitseg_jonnek_a_baratok https://hataratkelo.blog.hu/2018/12/24/karacsony_a_palmafak_es_villogo_renszarvas_arnyekaban	beagyazott_tartalom	src
7	<iframe allowfullscreen= class=indavideo-player frameborder=@NUM height=@STYLE id=@playerNUM scrolling=no src=@LINK title=indavideo video player type=text/html width=@STYLE>	0.0	0.0	0.0	https://hataratkelo.blog.hu/2018/06/13/a_hataratkelo_tarsa https://hataratkelo.blog.hu/2017/08/19/az_ismeretlen_oslakosok_foldjen https://hataratkelo.blog.hu/2017/08/28/a_legszebb_2_perc_40_masodperc_kronikaja https://hataratkelo.blog.hu/2017/09/05/magyarok_egy_mexikoi_vulkanon	beagyazott_tartalom	src
1	<iframe allowfullscreen= frameborder=@NUM height=@STYLE mozallowfullscreen= src=@LINK webkitallowfullscreen= width=@STYLE>	0.0	0.0	0.0	https://hataratkelo.blog.hu/2013/12/23/ronda_pulcsik_es_bono_az_utcan	beagyazott_tartalom	src
191	<iframe allowfullscreen= frameborder=@NUM height=@STYLE src=@LINK width=@STYLE>	0.0	0.0	0.0	https://hataratkelo.blog.hu/2016/06/20/egy_ketarcu_varos https://hataratkelo.blog.hu/2018/01/04/eletkepek_egy_svajci_pizzafutar_hetkoznapjaibol https://hataratkelo.blog.hu/2016/01/02/igy_buliztatok_braziliatol_a_francia_ugyeletig https://hataratkelo.blog.hu/2016/07/08/lenyegeben_amerika https://hataratkelo.blog.hu/2018/04/17/mi_hianyzik_magyarorszagrol	beagyazott_tartalom	src
1	<iframe allowfullscreen=true allowtransparency=true frameborder=@NUM height=@STYLE scrolling=no src=@LINK style=@STYLE width=@STYLE>	0.0	0.0	0.0	https://hataratkelo.blog.hu/2018/02/21/ki_kepviselheti_magyarorszagot	beagyazott_tartalom	src
247	<iframe allowfullscreen=true frameborder=@NUM height=@STYLE src=@LINK width=@STYLE>	0.0	0.0	0.0	https://hataratkelo.blog.hu/2020/12/17/mindennapok_csodatonal https://hataratkelo.blog.hu/2021/08/03/_nem_tudok_okot_amiert_elmennek_innen https://hataratkelo.blog.hu/2020/02/25/esoben_csapatom_a_munkat_avagy_digitalis_nomadkent_delkelet-azsiaban https://hataratkelo.blog.hu/2019/10/24/a_hosszu_kesek_fesztivalja https://hataratkelo.blog.hu/2020/04/06/hetkoznapok_egy_alternativ_valosagban	beagyazott_tartalom	src
101	<iframe class=blh-vote data-question-id=@NUM height=@STYLE src=@LINK style=@STYLE>	0.0	0.0	0.0	https://hataratkelo.blog.hu/2018/09/17/van_az_a_penz_kilenc_velemeny_elmenetelrol_es_hazateresrol https://hataratkelo.blog.hu/2015/06/24/nyilt_level_magyarorszaghoz https://hataratkelo.blog.hu/2016/11/02/merre_tovabb_magyarorszag_987 https://hataratkelo.blog.hu/2015/04/29/igy_lettem_hataratkelo_31_ev_tanitas_utan https://hataratkelo.blog.hu/2015/05/11/magyarorszagnak_megbocsattatott	beagyazott_tartalom	src
1	<iframe class=indavideo-player frameborder=@NUM height=@STYLE id=@playerNUM scrolling=no src=@LINK title=indavideo video player type=text/html width=@STYLE>	0.0	0.0	0.0	https://hataratkelo.blog.hu/2015/03/04/a_kulfoldi_elet_es_beilleszkedes	beagyazott_tartalom	src
1	<iframe frameborder=@NUM height=@STYLE scrolling=no src=@LINK width=@STYLE>	0.0	0.0	0.0	https://hataratkelo.blog.hu/2019/10/24/a_hosszu_kesek_fesztivalja	beagyazott_tartalom	src
2	<iframe frameborder=no height=@STYLE scrolling=no src=@LINK width=@STYLE>	0.0	0.0	0.0	https://hataratkelo.blog.hu/2017/03/25/magyarkent_nem_mondod_ki_hogy_boldog_vagy https://hataratkelo.blog.hu/2017/04/08/kulfoldon_at_kell_allitani_az_agyat	beagyazott_tartalom	src
4	<img alt=@alt class=imgleft height=@STYLE src=@LINK width=@STYLE>	0.0	0.0	0.0	https://hataratkelo.blog.hu/2013/10/10/ket_orszag_kozt_a_senkifoldjen https://hataratkelo.blog.hu/2015/12/24/magyar_karacsony_amerikaban https://hataratkelo.blog.hu/2013/02/12/a_gyerekem_jovojeert_mentem_el https://hataratkelo.blog.hu/2017/03/09/neplelek_242	media_hivatkozas	src
4	<img alt=@alt class=imgleft open-in-modal height=@STYLE src=@LINK width=@STYLE>	0.0	0.0	0.0	https://hataratkelo.blog.hu/2018/06/01/magyar_teniszezokent_amerikaban https://hataratkelo.blog.hu/2017/04/05/magyar_multis_hetkoznapok_svajcban_nemi_extraval	media_hivatkozas	src
1	<img alt=@alt class=imgleft open-in-modal src=@LINK>	0.0	0.0	0.0	https://hataratkelo.blog.hu/2015/03/18/egy_artatlan_foldi_paradicsom_tragediaja	media_hivatkozas	src
1	<img alt=@alt class=imgleft src=@LINK style=@STYLE>	0.0	0.0	0.0	https://hataratkelo.blog.hu/2014/03/25/a_nyugalombol_a_vilag_vegere	media_hivatkozas	src
22	<img alt=@alt class=imgleft src=@LINK>	0.0	0.0	0.0	https://hataratkelo.blog.hu/2014/07/25/szeretnek_kutya_lenni_nemetorszagban https://hataratkelo.blog.hu/2012/08/12/allandoan_kuzdeni_kell_a_megmaradasert https://hataratkelo.blog.hu/2016/02/04/nyolc_ev_negy_kontinens_de_nem_tundermese https://hataratkelo.blog.hu/2013/12/31/egy_felemas_ev_tortenete https://hataratkelo.blog.hu/2013/07/14/nyar_a_costa_bravan	media_hivatkozas	src
5037	<img alt=@alt class=imgnotext data-thumb=@LINK src=@LINK>	0.0	0.0	0.0	https://hataratkelo.blog.hu/2018/10/23/a_lathatatlan_katonak_szigete https://hataratkelo.blog.hu/2017/09/23/penz_nelkul_is_lehet_boldog_az_ember https://hataratkelo.blog.hu/2016/12/17/magyar_hetkoznapok_balin https://hataratkelo.blog.hu/2016/10/03/igy_lesz_szemettelepbol_lakopark https://hataratkelo.blog.hu/2015/01/01/london_arcai	media_hivatkozas	src
127	<img alt=@alt class=imgnotext height=@STYLE src=@LINK width=@STYLE>	0.0	0.0	0.0	https://hataratkelo.blog.hu/2018/12/13/magyar_kalandorok_zanzibaron https://hataratkelo.blog.hu/2020/01/06/bizonytalan_magyarorszag https://hataratkelo.blog.hu/2017/12/10/magyarnak_lenni_amerikaban_szaz_eve_es_most https://hataratkelo.blog.hu/2017/11/24/stephen_king_kedvenc_allamaban https://hataratkelo.blog.hu/2020/01/01/igy_szilvesztereztek_a_magyarok_a_nagyvilagban	media_hivatkozas	src
12	<img alt=@alt class=imgnotext open-in-modal height=@STYLE src=@LINK width=@STYLE>	0.0	0.0	0.0	https://hataratkelo.blog.hu/2017/12/01/ember_es_hegy_kuzdelme_amerikaban https://hataratkelo.blog.hu/2017/04/05/magyar_multis_hetkoznapok_svajcban_nemi_extraval	media_hivatkozas	src
1	<img alt=@alt class=imgnotext open-in-modal src=@LINK style=@STYLE>	0.0	0.0	0.0	https://hataratkelo.blog.hu/2020/11/08/hol_tamadnak_hol_penzt_szornak	media_hivatkozas	src
3896	<img alt=@alt class=imgnotext open-in-modal src=@LINK>	0.0	0.0	0.0	https://hataratkelo.blog.hu/2015/11/16/a_londoni_vagy_a_parizsi_modell https://hataratkelo.blog.hu/2017/12/22/tiz_ok_amiert_szeretek_stockholmban_elni https://hataratkelo.blog.hu/2014/12/25/legemlekezetesebb_hataratkelos_karacsonyunk https://hataratkelo.blog.hu/2019/07/18/most_a_hataratkelok_szuleibe_rugtak_bele https://hataratkelo.blog.hu/2016/04/11/a_komfortzonan_tul_895	media_hivatkozas	src
6	<img alt=@alt class=imgnotext picomat src=@LINK>	0.0	0.0	0.0	https://hataratkelo.blog.hu/2013/01/24/mertem_nagyot_almodni https://hataratkelo.blog.hu/2013/01/23/_nem_akartam_megvarni_amig_muzeumba_kuldenek	media_hivatkozas	src
29	<img alt=@alt class=imgnotext picomat-image height=@STYLE src=@LINK width=@STYLE>	0.0	0.0	0.0	https://hataratkelo.blog.hu/2017/04/05/magyar_multis_hetkoznapok_svajcban_nemi_extraval https://hataratkelo.blog.hu/2017/08/22/a_dzsungelszorny_es_az_arcatlan_torzsfonok https://hataratkelo.blog.hu/2017/11/03/visszateres_new_yorkba_10_ev_utan https://hataratkelo.blog.hu/2016/09/02/a_mate_es_a_sult_belzsir_orszaga https://hataratkelo.blog.hu/2017/09/18/egy_varos_amirol_nem_is_tudtuk_hogy_a_vilagon_van	media_hivatkozas	src
526	<img alt=@alt class=imgnotext picomat-image src=@LINK>	0.0	0.0	0.0	https://hataratkelo.blog.hu/2019/12/30/ev_vege_kretan https://hataratkelo.blog.hu/2017/11/13/new_york_turistamagnesei https://hataratkelo.blog.hu/2016/06/04/ket_magyar_a_vilag_korul https://hataratkelo.blog.hu/2020/04/06/hetkoznapok_egy_alternativ_valosagban https://hataratkelo.blog.hu/2021/01/31/kozep-amerika_legdurvabb_gettojaban	media_hivatkozas	src
4	<img alt=@alt class=imgnotext src=@LINK style=@STYLE>	0.0	0.0	0.0	https://hataratkelo.blog.hu/2020/11/13/nyalcsorgatas_portugaliaban https://hataratkelo.blog.hu/2012/07/19/az_eletunk_pokol_lett https://hataratkelo.blog.hu/2020/08/31/nyissunk_ablakot_a_vilagra https://hataratkelo.blog.hu/2018/12/24/karacsony_a_palmafak_es_villogo_renszarvas_arnyekaban	media_hivatkozas	src
7176	<img alt=@alt class=imgnotext src=@LINK>	0.0	0.0	0.0	https://hataratkelo.blog.hu/2012/09/18/tudtam_innen_csak_gyozni_szabad https://hataratkelo.blog.hu/2013/04/26/iszonyatos_akaratero_es_kitartas_kell https://hataratkelo.blog.hu/2020/04/27/elet_a_kebabon_tul https://hataratkelo.blog.hu/2012/09/26/miert_nem_kellek_ha_varnak https://hataratkelo.blog.hu/2013/06/21/magyar_magyarnak	media_hivatkozas	src
18	<img alt=@alt class=imgright height=@STYLE src=@LINK width=@STYLE>	0.0	0.0	0.0	https://hataratkelo.blog.hu/2020/06/01/vodka_nagy_auto_ero_az_oroszorszagi_uzleteles_titkai https://hataratkelo.blog.hu/2014/06/06/a_flammkuchentol_a_schwenkerig https://hataratkelo.blog.hu/2018/11/29/kulfoldi_munkavallalas_egy_nemet_kozvetito_tanacsai https://hataratkelo.blog.hu/2017/07/22/osszegyult_a_vilag https://hataratkelo.blog.hu/2016/08/08/kulfoldi_onkenteskedes_mas_szemmel	media_hivatkozas	src
8	<img alt=@alt class=imgright open-in-modal height=@STYLE src=@LINK width=@STYLE>	0.0	0.0	0.0	https://hataratkelo.blog.hu/2017/07/15/szex_a_sivatagban https://hataratkelo.blog.hu/2017/10/13/gerillamarketing_eletre-halalra https://hataratkelo.blog.hu/2017/03/31/kis_orszag_nagy_kerdojellel https://hataratkelo.blog.hu/2017/04/05/magyar_multis_hetkoznapok_svajcban_nemi_extraval https://hataratkelo.blog.hu/2017/11/20/tiz_1_dolog_amiert_jo_ausztriaban_elni	media_hivatkozas	src
2	<img alt=@alt class=imgright open-in-modal src=@LINK>	0.0	0.0	0.0	https://hataratkelo.blog.hu/2016/01/10/remalom_kulfoldon_mire_vigyazzunk https://hataratkelo.blog.hu/2015/11/01/kirandulasok_harom_foldreszen	media_hivatkozas	src
43	<img alt=@alt class=imgright src=@LINK>	0.0	0.0	0.0	https://hataratkelo.blog.hu/2017/07/18/prostitualtak_kemek_es_muzsak https://hataratkelo.blog.hu/2014/07/29/gasztrokalandok_a_costa_bravan https://hataratkelo.blog.hu/2014/07/25/szeretnek_kutya_lenni_nemetorszagban https://hataratkelo.blog.hu/2013/11/27/semmi_jovokepem_nem_volt https://hataratkelo.blog.hu/2014/09/03/ausztria_ahol_kevesbe_stresszes_az_iskola	media_hivatkozas	src
3	<img alt=@alt class=open-in-modal imgleft src=@LINK style=@STYLE>	0.0	0.0	0.0	https://hataratkelo.blog.hu/2015/10/02/mit_tanithatnak_a_hataratkelok_magyarorszagnak https://hataratkelo.blog.hu/2018/01/08/new_york_kicsit_maskepp https://hataratkelo.blog.hu/2015/12/08/europa_szive_es_egy_erdekes_csavar	media_hivatkozas	src
140856	<img alt=@alt class=the-avatar src=@LINK title=@title>	0.0	0.0	0.0	https://hataratkelo.blog.hu/2014/02/07/valahogy_mindig_jol_alakultak_a_dolgok https://hataratkelo.blog.hu/2015/12/18/egy_csipet_magyarorszag_a_svajci_rivieran https://hataratkelo.blog.hu/2013/03/22/az_arany_kozeput_780 https://hataratkelo.blog.hu/2017/01/18/teljes_elszakadas https://hataratkelo.blog.hu/2018/03/06/meghollandulok	media_hivatkozas	src
11	<img alt=@alt src=@LINK>	0.0	0.0	0.0	https://hataratkelo.blog.hu/2012/07/19/elindulni_de_mennyibol https://hataratkelo.blog.hu/2012/07/19/hat_ok_amiert_maradni_kell https://hataratkelo.blog.hu/2012/07/19/nem_bantuk_meg_de_nagyon_nehez https://hataratkelo.blog.hu/2012/07/19/nem_volt_vesztenivalom https://hataratkelo.blog.hu/2012/07/19/miert_megyek_el	media_hivatkozas	src
1	<img class=imgnotext height=@STYLE src=@LINK style=@STYLE width=@STYLE>	0.0	0.0	0.0	https://hataratkelo.blog.hu/2017/05/26/ennyi_volt_a_nagy_brit_kaland	media_hivatkozas	src
8	<img src=@LINK>	0.0	0.0	0.0	https://hataratkelo.blog.hu/2017/05/26/ennyi_volt_a_nagy_brit_kaland https://hataratkelo.blog.hu/2020/08/20/expatok_kozt https://hataratkelo.blog.hu/2020/08/19/het_utalatos_dolog_franciaorszagban https://hataratkelo.blog.hu/2020/08/22/az_otthon_izei_474 https://hataratkelo.blog.hu/2020/10/28/a_luxembourgi_elet_10_1_mellekhatasa	media_hivatkozas	src
6	<o:p>	0.0	0.0	0.0	https://hataratkelo.blog.hu/2016/06/10/magyarorszag_2_0_a_fejekben_megmaradtak_a_korlatok	null	default
86	<object height=@STYLE width=@STYLE>	0.0	2.802325581395349	0.0	https://hataratkelo.blog.hu/2015/09/05/egy_szuper_nap_tortenete https://hataratkelo.blog.hu/2014/05/28/ahol_felaldoztak_malackat https://hataratkelo.blog.hu/2015/03/11/svedorszag_a_koldusok_mekkaja https://hataratkelo.blog.hu/2013/12/24/donald_kacsa_a_karacsonyi_hagyomany https://hataratkelo.blog.hu/2015/08/20/sorgyari_capriccio_716	null	default
78	<param name=allowFullScreen value=true>	0.0	0.0	0.0	https://hataratkelo.blog.hu/2013/08/31/_ugy_gondoltuk_ez_egy_szuper_hely_lesz_videoblog https://hataratkelo.blog.hu/2013/05/24/hakuna_matata_583 https://hataratkelo.blog.hu/2013/12/23/ronda_pulcsik_es_bono_az_utcan https://hataratkelo.blog.hu/2013/09/01/kispolgarabb_voltam_a_kispolgarnal https://hataratkelo.blog.hu/2013/04/09/az_angyal_az_ordog_es_a_szerecsen	null	default
78	<param name=movie value=@LINK>	0.0	0.0	0.0	https://hataratkelo.blog.hu/2013/06/05/iszonyu_erzes_gyomorgorccsel_ebredni https://hataratkelo.blog.hu/2013/12/12/bohozat_monarchikus_alapon https://hataratkelo.blog.hu/2014/06/15/hogyan_kezdjunk_uj_eletet https://hataratkelo.blog.hu/2015/03/11/svedorszag_a_koldusok_mekkaja https://hataratkelo.blog.hu/2015/04/25/verkigyo_es_japan_cseresznye	null	default
140856	<span class=avatar-mask>	0.0	2.0	0.0	https://hataratkelo.blog.hu/2016/11/12/retro_minden_mennyisegben https://hataratkelo.blog.hu/2017/08/23/hogyan_telepedhetsz_le_uj-zelandon https://hataratkelo.blog.hu/2014/10/06/zokogott_az_orszag https://hataratkelo.blog.hu/2014/06/25/elerkezett_a_kiugras_ideje https://hataratkelo.blog.hu/2013/08/23/miert_indulunk_utnak	null	default
175	<span class=commentType>	0.0	0.0	0.0	https://hataratkelo.blog.hu/2012/10/11/amerika_a_filmek_hamis_illuziojan_tul https://hataratkelo.blog.hu/2012/08/30/ha_nem_jo_lehet_lepni https://hataratkelo.blog.hu/2013/01/03/az_ausztriai_beilleszkedes_nehezsegei https://hataratkelo.blog.hu/2015/01/15/mi_kovetkezik_a_charlie_hebdo-terror_utan https://hataratkelo.blog.hu/2012/12/09/burokban_elek_parizsban	null	default
1	<span id=ctrlcopy>	0.0	1.0	0.0	https://hataratkelo.blog.hu/2017/05/17/mennyit_keres_a_magyar_716	null	default
111	<ul class=blh-mosaic @countNUM id=@galleryNUM>	0.0	9.783783783783784	0.0	https://hataratkelo.blog.hu/2017/10/13/gerillamarketing_eletre-halalra https://hataratkelo.blog.hu/2017/05/25/egy_integetes_kovetkezmenyei https://hataratkelo.blog.hu/2015/09/05/egy_szuper_nap_tortenete https://hataratkelo.blog.hu/2016/08/27/amerikai_kajakalandok https://hataratkelo.blog.hu/2016/10/08/nyaralasba_torkollt_ingatlanvasarlas_spanyolorszagban	null	default