1	<0_MDESC_a data-slb-active=@NUM data-slb-asset=@NUM data-slb-group=@NUM href=@LINK rel=@LINK title=@title>	0.0	1.0	0.0	https://abcug.hu/kinyitottak-kaput-es-kuldtek-kutyakat/	media_tartalom	href
1	<0_MDESC_a data-slb-active=@NUM data-slb-asset=@NUM data-slb-group=@NUM href=@LINK rel=noopener noreferrer target=@target title=@title>	0.0	1.0	0.0	https://abcug.hu/mint-a-capa-fogai-ugy-valtjak-egymast-az-uzsorasok/	media_tartalom	href
2	<0_MDESC_a href=@LINK rel=@LINK target=@target title=@title>	0.0	1.0	0.0	https://abcug.hu/kinyitottak-kaput-es-kuldtek-kutyakat/ https://abcug.hu/kinyitottak-kaput-es-kuldtek-kutyakat/	media_tartalom	href
6	<0_MDESC_a href=@LINK target=@target title=@title>	0.0	1.0	0.0	https://abcug.hu/kinyitottak-kaput-es-kuldtek-kutyakat/ https://abcug.hu/hamis-ervekkel-zarja-kormany-menekulttaborokat/ https://abcug.hu/nepvandorlast-gerjeszt-az-osztrak-idill/ https://abcug.hu/nepvandorlast-gerjeszt-az-osztrak-idill/ https://abcug.hu/nepvandorlast-gerjeszt-az-osztrak-idill/	media_tartalom	href
15	<0_MDESC_a href=@LINK title=@title>	0.0	1.0	0.0	https://abcug.hu/sajtofoto-2016-magocsi-marton-dijnyertes-kepei/ https://abcug.hu/a-finneket-irigyeltuk-a-menekulteket-kevesbe/ https://abcug.hu/hazhoz-jaro-orvosok-gyogyitjak-a-borsodi-romakat/ https://abcug.hu/utald-azt-is-akinel-tiz-eve-vasarolsz-mert-nem-ide-szuletett/ https://abcug.hu/hazhoz-jaro-orvosok-gyogyitjak-a-borsodi-romakat/	media_tartalom	href
4	<0_MDESC_img align=@STYLE alt=@alt class=@STYLE height=@STYLE src=@LINK width=@STYLE>	0.0	0.0	0.0	https://abcug.hu/hallgatjak-a-menok-a-csicskak-az-unalmasok-es-az-erdekesek/ https://abcug.hu/hogy-futja-47-ezerbol-cigire-es-kolara/ https://abcug.hu/gyerekek-akik-meg-nem-lattak-munkaba-menni-szuleiket/ https://abcug.hu/gyerekek-akik-meg-nem-lattak-munkaba-menni-szuleiket/	media_hivatkozas	src
6	<0_MDESC_img align=@STYLE alt=@alt class=@STYLE src=@LINK width=@STYLE>	0.0	0.0	0.0	https://abcug.hu/magyarok-jol-jarnak-az-osztrak-menekultbiznisszel/ https://abcug.hu/magyarok-jol-jarnak-az-osztrak-menekultbiznisszel/ https://abcug.hu/magyarok-jol-jarnak-az-osztrak-menekultbiznisszel/ https://abcug.hu/magyarok-jol-jarnak-az-osztrak-menekultbiznisszel/ https://abcug.hu/magyarok-jol-jarnak-az-osztrak-menekultbiznisszel/	media_hivatkozas	src
1	<0_MDESC_img align=@STYLE alt=@alt class=mouseover height=@STYLE id=marcang oversrc=@LINK src=@LINK width=@STYLE>	0.0	0.0	0.0	https://abcug.hu/nekem-o-a-masik-felem/	media_hivatkozas	src
17	<0_MDESC_img align=@STYLE alt=@alt height=@STYLE src=@LINK style=@STYLE width=@STYLE>	0.0	0.0	0.0	https://abcug.hu/napelemre-cserelik-szegenyek-gyertyait/ https://abcug.hu/napelemre-cserelik-szegenyek-gyertyait/ https://abcug.hu/napelemre-cserelik-szegenyek-gyertyait/ https://abcug.hu/napelemre-cserelik-szegenyek-gyertyait/ https://abcug.hu/sajtofoto-2016-magocsi-marton-dijnyertes-kepei/	media_hivatkozas	src
33	<0_MDESC_img align=@STYLE alt=@alt height=@STYLE src=@LINK width=@STYLE>	0.0	0.0	0.0	https://abcug.hu/minden-orszag-elott-megfogadtak-hogy-tobbe-nem-veszekednek/ https://abcug.hu/soteten-fityegnek-az-izzosorok-a-szegenyek-hazan/ https://abcug.hu/hogy-futja-47-ezerbol-cigire-es-kolara/ https://abcug.hu/minden-orszag-elott-megfogadtak-hogy-tobbe-nem-veszekednek/ https://abcug.hu/minden-orszag-elott-megfogadtak-hogy-tobbe-nem-veszekednek/	media_hivatkozas	src
2	<0_MDESC_img align=@STYLE alt=@alt src=@LINK width=@STYLE>	0.0	0.0	0.0	https://abcug.hu/magyarok-jol-jarnak-az-osztrak-menekultbiznisszel/ https://abcug.hu/magyarok-jol-jarnak-az-osztrak-menekultbiznisszel/	media_hivatkozas	src
64	<0_MDESC_img alt=@alt aria-describedby=@galleryNUM class=@attachmentNUM @STYLE height=@STYLE sizes=@STYLE src=@LINK width=@STYLE>	0.0	0.0	0.0	https://abcug.hu/celtalan-varakozas-nyomoritja-a-menekultek-lelket-a-gorog-szigeteken/ https://abcug.hu/gazdag-telkesek-kozott-bujnak-meg-a-lakhatasi-valsag-aldozatai/ https://abcug.hu/becsben-nem-hagyjak-kiturni-a-szegenyeket-a-lakasukbol/ https://abcug.hu/lovari-nyelvvizsgaval-juttatnak-be-a-szegeny-diakokat-az-egyetemre/ https://abcug.hu/kezdetnek-kellene-meg-szaz-ilyen-haz/	media_hivatkozas	src
2	<0_MDESC_img alt=@alt aria-describedby=@galleryNUM class=attachment-full @STYLE height=@STYLE sizes=@STYLE src=@LINK srcset=@LINK width=@STYLE>	0.0	0.0	0.0	https://abcug.hu/egy-kis-alfoldi-falu-lett-az-uj-plattensee/ https://abcug.hu/egy-kis-alfoldi-falu-lett-az-uj-plattensee/	media_hivatkozas	src
7	<0_MDESC_img alt=@alt aria-describedby=@galleryNUM class=attachment-full @STYLE height=@STYLE sizes=@STYLE src=@LINK width=@STYLE>	0.0	0.0	0.0	https://abcug.hu/ebben-az-iskolaban-csak-gerillak-tanitanak/ https://abcug.hu/patkanyok-es-koborkutyak-turjak-szet-nyomortelepek-szemethegyeit/ https://abcug.hu/szajrol-szajra-terjed-a-raszorulokon-segito-anyak-hire/ https://abcug.hu/robotokkal-fejleszt-a-gyogypedagogus/ https://abcug.hu/patkanyok-es-koborkutyak-turjak-szet-nyomortelepek-szemethegyeit/	media_hivatkozas	src
17	<0_MDESC_img alt=@alt aria-describedby=@galleryNUM class=attachment-large @STYLE height=@STYLE sizes=@STYLE src=@LINK srcset=@LINK width=@STYLE>	0.0	0.0	0.0	https://abcug.hu/sziriai-gamer-jatekot-csinalt-sajat-menekulesebol/ https://abcug.hu/delutan-negykor-mozgasserult-kipattan-kerekesszekebol/ https://abcug.hu/nem-latja-a-gyerek-a-monitort-de-mibol-vegyek-szemuveget/ https://abcug.hu/minek-ide-onkentes-110-szazalekos-kozmunka/ https://abcug.hu/minek-ide-onkentes-110-szazalekos-kozmunka/	media_hivatkozas	src
212	<0_MDESC_img alt=@alt aria-describedby=@galleryNUM class=attachment-large @STYLE height=@STYLE sizes=@STYLE src=@LINK width=@STYLE>	0.0	0.0	0.0	https://abcug.hu/kokeresztekkel-vedi-tornabarakonyt-az-utolso-harom-neni/ https://abcug.hu/az-anorexiasok-el-akarjak-pusztitani-magukat/ https://abcug.hu/a-csarda-huzhatja-ki-a-ricsei-kozmunkasokat-a-pacbol/ https://abcug.hu/szocialis-farmon-adnak-munkat-az-autista-fiataloknak/ https://abcug.hu/ez-az-iskola-nem-mondott-le-az-oktatas-fekete-baranyairol/	media_hivatkozas	src
131	<0_MDESC_img alt=@alt aria-describedby=@galleryNUM class=attachment-medium @STYLE height=@STYLE sizes=@STYLE src=@LINK width=@STYLE>	0.0	0.0	0.0	https://abcug.hu/tizenket-autista-fiatal-lakhatasat-oldja-meg-egy-eletre-a-patronus-haz/ https://abcug.hu/nem-marad-mas-elottuk-mint-a-szules/ https://abcug.hu/kinyilnak-a-tiszavasvari-roma-gyerekek-ha-romani-nyelven-is-megszolalhatnak-az-oran/ https://abcug.hu/a-matematikanak-nem-a-kepletek-bemagolasarol-kellene-szolnia/ https://abcug.hu/allasborzen-toboroz-vasutast-es-rendort-az-allam/	media_hivatkozas	src
5	<0_MDESC_img alt=@alt class= height=@STYLE src=@LINK width=@STYLE>	0.0	0.0	0.0	https://abcug.hu/penzt-kereshet-es-masokon-is-segithet-ha-van-egy-ures-lakasa/ https://abcug.hu/raittam-nyugtatora-fotozva-gyogyulok/ https://abcug.hu/raittam-nyugtatora-fotozva-gyogyulok/ https://abcug.hu/szazak-alltak-ki-a-telekis-iskolaigazgato-mellett/ https://abcug.hu/migrans-vagyok-fogjatok-el/	media_hivatkozas	src
71	<0_MDESC_img alt=@alt class=@attachmentNUM @STYLE height=@STYLE sizes=@STYLE src=@LINK width=@STYLE>	0.0	0.0	0.0	https://abcug.hu/a-meno-diakok-jatszanak-a-halmozottan-serult-gyerekekkel/ https://abcug.hu/ujabb-cukraszda-helyett-a-szegenyeknek-kellene-tervezni-a-jovo-epiteszeinek/ https://abcug.hu/aki-szallora-kuldene-a-hajlektalanokat-probaljon-meg-husz-emberrel-egyutt-aludni/ https://abcug.hu/semmit-nem-jelentenek-a-megemlekezesek-a-romagyilkossagok-tuleloinek/ https://abcug.hu/aki-szallora-kuldene-a-hajlektalanokat-probaljon-meg-husz-emberrel-egyutt-aludni/	media_hivatkozas	src
17	<0_MDESC_img alt=@alt class=@imageNUM @STYLE @STYLE height=@STYLE sizes=@STYLE src=@LINK srcset=@LINK width=@STYLE>	0.0	0.0	0.0	https://abcug.hu/csengot-es-lampat-kaptak-az-agyonbirsagolt-romak/ https://abcug.hu/sziriai-gamer-jatekot-csinalt-sajat-menekulesebol/ https://abcug.hu/mindenki-a-pesti-urilanyokat-irigyli-a-gyongyospatai-ciganytelepen/ https://abcug.hu/csengot-es-lampat-kaptak-az-agyonbirsagolt-romak/ https://abcug.hu/csengot-es-lampat-kaptak-az-agyonbirsagolt-romak/	media_hivatkozas	src
1	<0_MDESC_img alt=@alt class=@imageNUM @STYLE @STYLE height=@STYLE src=@LINK width=@STYLE>	0.0	0.0	0.0	https://abcug.hu/az-egymillio-dollaros-kerdes-hogyan-fognak-eljutni-a-civilek-az-emberekhez/	media_hivatkozas	src
209	<0_MDESC_img alt=@alt class=@imageNUM @STYLE height=@STYLE sizes=@STYLE src=@LINK srcset=@LINK width=@STYLE>	0.0	0.0	0.0	https://abcug.hu/elzaras-kenyszerzubbony-es-nyilt-sebek-a-godi-specialis-otthonban/ https://abcug.hu/a-feladat-nem-ehen-halni/ https://abcug.hu/rohadnak-magyar-korhazak/ https://abcug.hu/esoben-unnepel-az-orszag/ https://abcug.hu/iskolai-eroszak/	media_hivatkozas	src
15	<0_MDESC_img alt=@alt class=@imageNUM @STYLE height=@STYLE src=@LINK width=@STYLE>	0.0	0.0	0.0	https://abcug.hu/nincs-aki-megvedje-az-lmbtqi-diakokat-az-iskolaban/ https://abcug.hu/repkednek-birsagok-romakra-gyongyospatan/ https://abcug.hu/a-fideszesek-fele-szerint-lejtett-a-palya-a-valasztasokon/ https://abcug.hu/ezeket-a-problemakat-nem-oldja-meg-egy-doboz-bonbon/ https://abcug.hu/lebontani-mindent-mintha-nem-is-letezett-volna/	media_hivatkozas	src
13	<0_MDESC_img alt=@alt class=@imageNUM height=@STYLE sizes=@STYLE src=@LINK srcset=@LINK width=@STYLE>	0.0	0.0	0.0	https://abcug.hu/nyugaton-bevandorlokat-utaljak-keleten-az-egesz-rendszert/ https://abcug.hu/szemtol-szembe-buziztak-de-erdemes-harcolni/ https://abcug.hu/felremagyarazo-hadjarat-hogy-szegregalokat-mentenenk/ https://abcug.hu/furdoszoba-kellene-a-tizennegy-eves-lany-veseatultetesehez/ https://abcug.hu/meghalnak-az-idosek-mire-bekerulnenek-egy-otthonba/	media_hivatkozas	src
3	<0_MDESC_img alt=@alt class=@imageNUM height=@STYLE src=@LINK width=@STYLE>	0.0	0.0	0.0	https://abcug.hu/hogy-futja-47-ezerbol-cigire-es-kolara/ https://abcug.hu/meghalnak-az-idosek-mire-bekerulnenek-egy-otthonba/ https://abcug.hu/meghalnak-az-idosek-mire-bekerulnenek-egy-otthonba/	media_hivatkozas	src
1	<0_MDESC_img alt=@alt class=@photoNUM height=@STYLE src=@LINK width=@STYLE>	0.0	0.0	0.0	https://abcug.hu/hogy-futja-47-ezerbol-cigire-es-kolara/	media_hivatkozas	src
42	<0_MDESC_img alt=@alt class=@STYLE @imageNUM @STYLE height=@STYLE sizes=@STYLE src=@LINK srcset=@LINK width=@STYLE>	0.0	0.0	0.0	https://abcug.hu/egyenlosegre-es-alapjovedelemre-vagynak-a-magyarok/ https://abcug.hu/470-et-adott-es-csak-egy-kicsit-fojtogatott/ https://abcug.hu/mindenki-a-pesti-urilanyokat-irigyli-a-gyongyospatai-ciganytelepen/ https://abcug.hu/fiatalok-negyede-ahogy-megkapja-penzet-el-veri/ https://abcug.hu/ahelyett-hogy-megvedenek-buntetik-a-prostituciora-kenyszeritett-gyerekeket/	media_hivatkozas	src
1	<0_MDESC_img alt=@alt class=@STYLE @imageNUM @STYLE height=@STYLE src=@LINK width=@STYLE>	0.0	0.0	0.0	https://abcug.hu/hatvanezer-gyerek-nem-fer-hozza-a-gyerekorvosi-ellatashoz/	media_hivatkozas	src
151	<0_MDESC_img alt=@alt class=@STYLE @imageNUM height=@STYLE sizes=@STYLE src=@LINK srcset=@LINK width=@STYLE>	0.0	0.0	0.0	https://abcug.hu/iskolai-szocialis-munkas/ https://abcug.hu/a-klik-megy-de-az-allam-marad-az-iskolakban/ https://abcug.hu/szegregacio-helyett-inkabb-szuloket-tanitjak/ https://abcug.hu/a-hatarok-nelkuli-europat-feltik-a-magyar-kormany-lepesetol/ https://abcug.hu/ezeket-a-problemakat-nem-oldja-meg-egy-doboz-bonbon/	media_hivatkozas	src
25	<0_MDESC_img alt=@alt class=@STYLE @imageNUM height=@STYLE src=@LINK width=@STYLE>	0.0	0.0	0.0	https://abcug.hu/az-roma-nem-azert-budos-hogy-ot-bosszantsa/ https://abcug.hu/ket-kezzel-osztja-a-tuzifat-az-allam-csak-nem-oda-ahova-kellene/ https://abcug.hu/egy-kicsit-sem-erdekli-a-kormanyt-mi-lesz-a-befogadott-menekultekkel/ https://abcug.hu/kihuztak-a-talajt-a-szegenyek-alol-a-segelyek-megszuntetesevel/ https://abcug.hu/a-fideszesek-fele-szerint-lejtett-a-palya-a-valasztasokon/	media_hivatkozas	src
115	<0_MDESC_img alt=@alt class=@STYLE height=@STYLE src=@LINK width=@STYLE>	0.0	0.0	0.0	https://abcug.hu/bokrok-alatt-vacogtak-az-elso-igazi-teli-ejszakat/ https://abcug.hu/a-tv-mindenhol-ott-van/ https://abcug.hu/a-csalad-remenysege-a-szoke-kek-szemu-szofi/ https://abcug.hu/europa-vagy-gorbania-nem-allnak-meg-a-kormanyellenes-tuntetok/ https://abcug.hu/hatvan-evig-birta-aztan-megszaladt-a-kes/	media_hivatkozas	src
9	<0_MDESC_img alt=@alt class=@STYLE wp-remote-image @serviceNUM @STYLE height=@STYLE src=@LINK title=@title width=@STYLE>	0.0	0.0	0.0	https://abcug.hu/ruhakat-osztogattak-hogy-befogadjak-oket/ https://abcug.hu/egy-korus-ahol-az-enekhang-az-utolso/ https://abcug.hu/nem-kell-orvosit-vegezni-ahhoz-hogy-valaki-tolni-tudjon-egy-kerekesszeket/ https://abcug.hu/szuken-meri-jot-kormany-lakaspolitikaja/ https://abcug.hu/ruhakat-osztogattak-hogy-befogadjak-oket/	media_hivatkozas	src
60	<0_MDESC_img alt=@alt class=@STYLE wp-remote-image @serviceNUM @STYLE height=@STYLE src=@LINK width=@STYLE>	0.0	0.0	0.0	https://abcug.hu/kiralyi-csalad-sarja-a-kormany-legujabb-ellensege/ https://abcug.hu/indul-a-masodik-tuntetes-a-demokraciaert/ https://abcug.hu/indul-a-masodik-tuntetes-a-demokraciaert/ https://abcug.hu/az-fogad-orokbe-aki-tudja-hogy-a-fogyatekkal-elo-is-csak-egy-gyerek/ https://abcug.hu/kihozna-a-rendoroket-a-kontenerekbol-a-baloldal-jozsefvarosi-jeloltje/	media_hivatkozas	src
29	<0_MDESC_img alt=@alt class=@STYLE wp-remote-image @serviceNUM height=@STYLE src=@LINK title=@title width=@STYLE>	0.0	0.0	0.0	https://abcug.hu/megjelenek-koktellal-es-latom-az-arcukon-hogy-orulnek/ https://abcug.hu/szovetkezetekbe-rejtene-kormany-kozmunkasokat/ https://abcug.hu/sziriai-gamer-jatekot-csinalt-sajat-menekulesebol/ https://abcug.hu/szornyu-az-kerites-de-mar-inkabb-maradjon/ https://abcug.hu/horvath-leon-orbanon-keri-szamon-bicikliversenyre-koltott-penzt/	media_hivatkozas	src
99	<0_MDESC_img alt=@alt class=@STYLE wp-remote-image @serviceNUM height=@STYLE src=@LINK width=@STYLE>	0.0	0.0	0.0	https://abcug.hu/magunk-alatt-vagjuk-a-fat-azzal-hogy-jol-tanitunk/ https://abcug.hu/sehol-nem-jut-hely-egy-latasserult-gyereknek/ https://abcug.hu/az-volt-az-alma-hogy-szegenyeknek-fozhessen/ https://abcug.hu/arokparton-dolgozo-pszichologus-es-nyugdijra-varo-munkasok-tartottak-lazban-olvasoinkat/ https://abcug.hu/eletem-legrosszabb-napja-volt-amikor-rehabra-vittem-a-gyerekemet/	media_hivatkozas	src
2	<0_MDESC_img alt=@alt class=attachment-full @STYLE height=@STYLE sizes=@STYLE src=@LINK srcset=@LINK width=@STYLE>	0.0	0.0	0.0	https://abcug.hu/ugy-indult-itt-az-elso-nagypalyas-merkozesem-hogy-birot-meg-akartak-verni-focistaim/ https://abcug.hu/ugy-indult-itt-az-elso-nagypalyas-merkozesem-hogy-birot-meg-akartak-verni-focistaim/	media_hivatkozas	src
8	<0_MDESC_img alt=@alt class=attachment-full @STYLE height=@STYLE sizes=@STYLE src=@LINK width=@STYLE>	0.0	0.0	0.0	https://abcug.hu/ebben-az-iskolaban-csak-gerillak-tanitanak/ https://abcug.hu/ki-a-fiaert-ki-a-kozmunkaert-megy-el-valasztani/ https://abcug.hu/szajrol-szajra-terjed-a-raszorulokon-segito-anyak-hire/ https://abcug.hu/robotokkal-fejleszt-a-gyogypedagogus/ https://abcug.hu/ki-a-fiaert-ki-a-kozmunkaert-megy-el-valasztani/	media_hivatkozas	src
8	<0_MDESC_img alt=@alt class=attachment-large @STYLE height=@STYLE sizes=@STYLE src=@LINK srcset=@LINK width=@STYLE>	0.0	0.0	0.0	https://abcug.hu/pest-fele-menne-felejtse-el/ https://abcug.hu/minek-ide-onkentes-110-szazalekos-kozmunka/ https://abcug.hu/nem-latja-a-gyerek-a-monitort-de-mibol-vegyek-szemuveget/ https://abcug.hu/pest-fele-menne-felejtse-el/ https://abcug.hu/minek-ide-onkentes-110-szazalekos-kozmunka/	media_hivatkozas	src
124	<0_MDESC_img alt=@alt class=attachment-large @STYLE height=@STYLE sizes=@STYLE src=@LINK width=@STYLE>	0.0	0.0	0.0	https://abcug.hu/az-autistak-lehetnek-az-otthongondozasi-dij-vesztesei/ https://abcug.hu/ledozerolni-keszultek-de-inkabb-felujitanak-ket-salgotarjani-telepet/ https://abcug.hu/attol-hogy-jozan-lettem-kint-az-elet-ugyanolyan-szar-tud-lenni/ https://abcug.hu/az-europai-unio-legszegenyebb-szeglete-a-romak-megis-felfele-tartanak/ https://abcug.hu/kazincbarcikarol-kiszoritjak-a-problemasakat/	media_hivatkozas	src
10	<0_MDESC_img alt=@alt class=attachment-medium @STYLE height=@STYLE sizes=@STYLE src=@LINK srcset=@LINK width=@STYLE>	0.0	0.0	0.0	https://abcug.hu/losonci-teri-iskola/ https://abcug.hu/losonci-teri-iskola/ https://abcug.hu/losonci-teri-iskola/ https://abcug.hu/losonci-teri-iskola/ https://abcug.hu/losonci-teri-iskola/	media_hivatkozas	src
18	<0_MDESC_img alt=@alt class=attachment-medium @STYLE height=@STYLE sizes=@STYLE src=@LINK width=@STYLE>	0.0	0.0	0.0	https://abcug.hu/nem-marad-mas-elottuk-mint-a-szules/ https://abcug.hu/inkabb-megvonom-gyerekek-szajatol-csak-tisztessegesen-el-tudjam-temetni/ https://abcug.hu/inkabb-megvonom-gyerekek-szajatol-csak-tisztessegesen-el-tudjam-temetni/ https://abcug.hu/a-bagolykalacs-adott-eselyt-a-banyatelepi-noknek/ https://abcug.hu/munkat-remelnek-falvak-az-erdo-szelere-koltoztetett-fogyatekosoktol/	media_hivatkozas	src
1	<0_MDESC_img alt=@alt class=wp-remote-image @serviceNUM @STYLE height=@STYLE src=@LINK style=@STYLE title=@title width=@STYLE>	0.0	0.0	0.0	https://abcug.hu/mindegy-van-e-eleg-ovoneni-ha-par-ora-utan-hazamennek-a-gyerekek/	media_hivatkozas	src
3	<0_MDESC_img alt=@alt class=wp-remote-image @serviceNUM @STYLE height=@STYLE src=@LINK style=@STYLE width=@STYLE>	0.0	0.0	0.0	https://abcug.hu/patkanyok-es-koborkutyak-turjak-szet-nyomortelepek-szemethegyeit/ https://abcug.hu/allami-gondozottakra-fogyatekosokra-csap-le-leggyakrabban-a-szexmaffia/ https://abcug.hu/kazincbarcikarol-kiszoritjak-a-problemasakat/	media_hivatkozas	src
28	<0_MDESC_img alt=@alt class=wp-remote-image @serviceNUM @STYLE height=@STYLE src=@LINK title=@title width=@STYLE>	0.0	0.0	0.0	https://abcug.hu/ket-kez-keves-harom-babakocsihoz/ https://abcug.hu/megjelenek-koktellal-es-latom-az-arcukon-hogy-orulnek/ https://abcug.hu/ne-higgyuk-mar-hogy-kapalni-biztos-mindenki-tud/ https://abcug.hu/evekig-kellett-bizonygatnia-birosagon-hogy-nem-ertelmi-fogyatekos/ https://abcug.hu/nem-kell-orvosit-vegezni-ahhoz-hogy-valaki-tolni-tudjon-egy-kerekesszeket/	media_hivatkozas	src
487	<0_MDESC_img alt=@alt class=wp-remote-image @serviceNUM @STYLE height=@STYLE src=@LINK width=@STYLE>	0.0	0.0	0.0	https://abcug.hu/szarvason-mindenki-nev-szerint-ismeri-a-csicskakat/ https://abcug.hu/kazincbarcikarol-kiszoritjak-a-problemasakat/ https://abcug.hu/ugy-indult-itt-az-elso-nagypalyas-merkozesem-hogy-birot-meg-akartak-verni-focistaim/ https://abcug.hu/ne-legyen-termeszetes-hogy-nincs-wc-papir-a-korhazakban/ https://abcug.hu/ciganygyulekezetben-erdem-hazi-feladatot-kapni/	media_hivatkozas	src
1	<0_MDESC_img alt=@alt class=wp-remote-image @serviceNUM height=@STYLE src=@LINK style=@STYLE width=@STYLE>	0.0	0.0	0.0	https://abcug.hu/unios-es-arpad-savos-zaszlok-alatt-vonulnak-orban-ellen/	media_hivatkozas	src
119	<0_MDESC_img alt=@alt class=wp-remote-image @serviceNUM height=@STYLE src=@LINK title=@title width=@STYLE>	0.0	0.0	0.0	https://abcug.hu/meg-wc-reng-alattam-ha-raulok/ https://abcug.hu/meg-wc-reng-alattam-ha-raulok/ https://abcug.hu/balatonban-az-jo-hogy-nem-kell-benne-felni/ https://abcug.hu/termeszetes-hogy-katolikus-iskola-befogadja-menekult-gyerekeket/ https://abcug.hu/szovetkezetekbe-rejtene-kormany-kozmunkasokat/	media_hivatkozas	src
299	<0_MDESC_img alt=@alt class=wp-remote-image @serviceNUM height=@STYLE src=@LINK width=@STYLE>	0.0	0.0	0.0	https://abcug.hu/szabolcstol-baranyaig-elleptek-az-orszagot-betlehemek/ https://abcug.hu/nem-gyuttmentekre-vagyik-az-elneptelenedessel-kuzdo-falu/ https://abcug.hu/osszefogott-pecs-egy-hajlektalan-ferfiert/ https://abcug.hu/indul-a-masodik-tuntetes-a-demokraciaert/ https://abcug.hu/barataiktol-rokonaiktol-felnek-a-neveloszuloseget-fontolgato-csaladok/	media_hivatkozas	src
2403	<0_MDESC_img alt=@alt height=@STYLE src=@LINK width=@STYLE>	0.0	0.0	0.0	https://abcug.hu/senkinek-nem-kellenek-a-csobankai-maradek-gyerekek/ https://abcug.hu/azt-ereztem-csunya-dolog-lenne-visszaadni-oket/ https://abcug.hu/tomott-trolikon-erkeznek-tanarok-tuntetesere/ https://abcug.hu/50-eves-vagyok-leszek-negyedikes/ https://abcug.hu/akarmennyi-veroembert-kuldotok-a-hatalom-a-nepe/	media_hivatkozas	src
1	<0_MDESC_img class=@STYLE height=@STYLE src=@LINK width=@STYLE>	0.0	0.0	0.0	https://abcug.hu/a-csalad-remenysege-a-szoke-kek-szemu-szofi/	media_hivatkozas	src
4	<iframe allowfullscreen=allowfullscreen height=@STYLE src=@LINK width=@STYLE>	0.0	0.0	0.0	https://abcug.hu/wake-uvoltottek-bulizok-az-ejszaka-kozepen/ https://abcug.hu/rendorok-hurcoltak-intezetbe-gyerekeket/ https://abcug.hu/98-szazalekban-rendben-vagyok-igen/ https://abcug.hu/rendorok-hurcoltak-intezetbe-gyerekeket/	beagyazott_tartalom	src
3	<img alt=@alt class=@imageNUM @STYLE height=@STYLE sizes=@STYLE src=@LINK srcset=@LINK width=@STYLE>	0.0	0.0	0.0	https://abcug.hu/ahol-csak-facebook-van-es-ahol-patika-sincs/ https://abcug.hu/15387-2/ https://abcug.hu/minek-szult-egy-ilyen-kapcsolatba-negy-gyereket/	media_hivatkozas	src
1	<img alt=@alt class=@imageNUM height=@STYLE src=@LINK width=@STYLE>	0.0	0.0	0.0	https://abcug.hu/egy-kicsit-sem-erdekli-a-kormanyt-mi-lesz-a-befogadott-menekultekkel/	media_hivatkozas	src
9	<img alt=@alt class=@STYLE @imageNUM @STYLE height=@STYLE sizes=@STYLE src=@LINK srcset=@LINK width=@STYLE>	0.0	0.0	0.0	https://abcug.hu/akar-penzert-is-megveszik-a-hasznalt-tut-a-drogfuggok/ https://abcug.hu/bokros-lajos-az-uj-ellenzeki-fopolgarmester-jelolt/ https://abcug.hu/ot-honap-alatt-tobbet-tanultam-itt-mint-a-sajat-anyamtol/ https://abcug.hu/bosszut-alltak-lazar-miatt-duhongo-tanaron/ https://abcug.hu/hatvanezer-gyerek-nem-fer-hozza-a-gyerekorvosi-ellatashoz/	media_hivatkozas	src
3	<img alt=@alt class=@STYLE @imageNUM @STYLE height=@STYLE src=@LINK width=@STYLE>	0.0	0.0	0.0	https://abcug.hu/romba-dolhetnek-tanodak-mert-az-allam-nem-fizeti-ki-a-megigert-penzt/ https://abcug.hu/lebontani-mindent-mintha-nem-is-letezett-volna/ https://abcug.hu/az-ongyilkossagi-kiserletek-mogott-kevesebb-halalvagy-van-mint-gondolnank/	media_hivatkozas	src
4	<img alt=@alt class=@STYLE @imageNUM height=@STYLE sizes=@STYLE src=@LINK srcset=@LINK width=@STYLE>	0.0	0.0	0.0	https://abcug.hu/minel-nagyobb-a-kormany-befolyasa-annal-rosszabbul-teljesitenek-a-diakok/ https://abcug.hu/kozmedianak-nem-olyan-fontos-tuntetes/ https://abcug.hu/lemaradtakat-lent-hagyja-focitamogatasi-rendszer/ https://abcug.hu/nyari-gyermeketkeztetes-tanulsagai/	media_hivatkozas	src
2	<img alt=@alt class=@STYLE @STYLE @imageNUM @STYLE height=@STYLE sizes=@STYLE src=@LINK srcset=@LINK width=@STYLE>	0.0	0.0	0.0	https://abcug.hu/hatvanezer-gyerek-nem-fer-hozza-a-gyerekorvosi-ellatashoz/ https://abcug.hu/omladozo-falak-es-a-puszta-varja-a-foti-gyerekeket/	media_hivatkozas	src
110	<img alt=@alt class=@STYLE @STYLE @imageNUM height=@STYLE sizes=@STYLE src=@LINK srcset=@LINK width=@STYLE>	0.0	0.0	0.0	https://abcug.hu/csak-tomegekkel-lehet-meggyozni-kormanyt/ https://abcug.hu/ok-tudjak-megfizetni-es-nekunk-megerje-tarsadalmi-vallalkozasok-magyarorszagon/ https://abcug.hu/15874-2/ https://abcug.hu/jobbikosok-elfogadobbak-melegekkel-mint-fideszesek/ https://abcug.hu/teljesen-belefeledkezett-kormany-menekultek-elleni-uszitasba/	media_hivatkozas	src
2	<img alt=@alt class=@STYLE @STYLE @imageNUM height=@STYLE src=@LINK width=@STYLE>	0.0	0.0	0.0	https://abcug.hu/ozonlenek-a-gyerekek-ha-a-semmi-kozepen-felallitjak-az-ugralovarat/ https://abcug.hu/egy-kicsit-sem-erdekli-a-kormanyt-mi-lesz-a-befogadott-menekultekkel/	media_hivatkozas	src
18	<img alt=@alt class=@STYLE @STYLE src=@LINK>	0.0	0.0	0.0	https://abcug.hu/ot-szem-diot-harom-cukorkat-varnak-mikulastol/ https://abcug.hu/ot-szem-diot-harom-cukorkat-varnak-mikulastol/ https://abcug.hu/riport-homokhati-tanyavilag-kozlekedeserol/ https://abcug.hu/riport-homokhati-tanyavilag-kozlekedeserol/ https://abcug.hu/riport-homokhati-tanyavilag-kozlekedeserol/	media_hivatkozas	src
2	<img alt=@alt class=@STYLE @STYLE wp-remote-image @serviceNUM @STYLE height=@STYLE src=@LINK title=@title width=@STYLE>	0.0	0.0	0.0	https://abcug.hu/egy-szep-kert-itt-olyan-mint-oazis-sivatagban/ https://abcug.hu/tiz-osztalynyi-diaknak-nem-maradt-hely-halaszteleki-iskolaban/	media_hivatkozas	src
28	<img alt=@alt class=@STYLE @STYLE wp-remote-image @serviceNUM @STYLE height=@STYLE src=@LINK width=@STYLE>	0.0	0.0	0.0	https://abcug.hu/egymas-mellett-elnek-itt-a-kemeny-csavok-es-a-kifinomultak/ https://abcug.hu/egymas-mellett-elnek-itt-a-kemeny-csavok-es-a-kifinomultak/ https://abcug.hu/mindig-is-szerettem-volna-egy-down-os-babat/ https://abcug.hu/egymas-mellett-elnek-itt-a-kemeny-csavok-es-a-kifinomultak/ https://abcug.hu/ha-csak-boldog-csaladapa-lesz-belole-en-annak-is-orulni-fogok/	media_hivatkozas	src
9	<img alt=@alt class=@STYLE @STYLE wp-remote-image @serviceNUM height=@STYLE src=@LINK title=@title width=@STYLE>	0.0	0.0	0.0	https://abcug.hu/bevallaltak-hogy-mindenuket-feladjak-szuleikert/ https://abcug.hu/allando-buntudatot-okoz-noverhivo-megnyomasa/ https://abcug.hu/esoben-unnepel-az-orszag/ https://abcug.hu/allando-buntudatot-okoz-noverhivo-megnyomasa/ https://abcug.hu/bevallaltak-hogy-mindenuket-feladjak-szuleikert/	media_hivatkozas	src
4	<img alt=@alt class=@STYLE @STYLE wp-remote-image @serviceNUM height=@STYLE src=@LINK width=@STYLE>	0.0	0.0	0.0	https://abcug.hu/allando-buntudatot-okoz-noverhivo-megnyomasa/ https://abcug.hu/omladozo-falak-es-a-puszta-varja-a-foti-gyerekeket/ https://abcug.hu/megfer-egymas-mellett-a-ceu-es-a-karpatia-ha-orban-levaltasa-a-cel/ https://abcug.hu/roma-lanyok-altal-megalmodott-ruhak-kerultek-a-kifutora/	media_hivatkozas	src
14	<img alt=@alt class=@STYLE height=@STYLE src=@LINK width=@STYLE>	0.0	0.0	0.0	https://abcug.hu/rajzban-tarjak-fel-felelmeiket-a-legkemenyebb-gengsztersracok/ https://abcug.hu/rajzban-tarjak-fel-felelmeiket-a-legkemenyebb-gengsztersracok/ https://abcug.hu/rajzban-tarjak-fel-felelmeiket-a-legkemenyebb-gengsztersracok/ https://abcug.hu/elhibazott-emberkiserlet-kozmunka/ https://abcug.hu/egyre-rosszabb-magyar-gyereknek-lenni/	media_hivatkozas	src
487	<img alt=@alt class=@STYLE src=@LINK>	0.0	0.0	0.0	https://abcug.hu/budapesti-tuntetes-kepekben/ https://abcug.hu/ezer-kormanyellenes-tunteto-vonul-vegig-a-varoson/ https://abcug.hu/fidesz-szekhazat-ostromoltak-az-internetado-miatt/ https://abcug.hu/tuntetesek-percrol-percre/ https://abcug.hu/tuntetes-jozsef-nador-teren/	media_hivatkozas	src
3	<img alt=@alt class=@STYLE wp-remote-image @serviceNUM @STYLE height=@STYLE src=@LINK width=@STYLE>	0.0	0.0	0.0	https://abcug.hu/aki-szallora-kuldene-a-hajlektalanokat-probaljon-meg-husz-emberrel-egyutt-aludni/ https://abcug.hu/aki-szallora-kuldene-a-hajlektalanokat-probaljon-meg-husz-emberrel-egyutt-aludni/ https://abcug.hu/ne-szenvedjenek-mosolyogjanak-ha-leciganyozzak-oket/	media_hivatkozas	src
3	<img alt=@alt class=ajT src=@LINK>	0.0	0.0	0.0	https://abcug.hu/csak-a-paksi-deneverek-kimentesere-van-otlete-a-kormanynak/ https://abcug.hu/sztrajkolnak-tanarok-de-ha-lehet-titokban/ https://abcug.hu/a-kad-sokat-jelent-nekunk/	media_hivatkozas	src
1	<img alt=@alt class=ngg_displayed_gallery mceItem @STYLE src=@LINK>	0.0	0.0	0.0	https://abcug.hu/riport-toldrol-az-igazgyongy-alapitvany-tevekenysegerol/	media_hivatkozas	src
1	<img alt=@alt class=ngg_displayed_gallery mceItem src=@LINK>	0.0	0.0	0.0	https://abcug.hu/riport-toldrol-az-igazgyongy-alapitvany-tevekenysegerol/	media_hivatkozas	src
14	<img alt=@alt class=type-icon height=@STYLE src=@LINK width=@STYLE>	0.0	0.0	0.0	https://abcug.hu/kozeposztaly/ https://abcug.hu/kozeposztaly/ https://abcug.hu/kozeposztaly/ https://abcug.hu/kozeposztaly/ https://abcug.hu/kozeposztaly/	media_hivatkozas	src
6	<img alt=@alt class=wp-remote-image @serviceNUM @STYLE @STYLE height=@STYLE src=@LINK width=@STYLE>	0.0	0.0	0.0	https://abcug.hu/omladozo-falak-es-a-puszta-varja-a-foti-gyerekeket/ https://abcug.hu/a-demenseknek-mar-az-idosotthon-a-haza/ https://abcug.hu/egymas-mellett-elnek-itt-a-kemeny-csavok-es-a-kifinomultak/ https://abcug.hu/nem-alternativ-x-faktort-akarunk/ https://abcug.hu/orokre-palyakezdo-marad-akinek-nincs-szerencseje/	media_hivatkozas	src
1	<img alt=@alt class=wp-remote-image @serviceNUM @STYLE height=@STYLE src=@LINK style=@STYLE width=@STYLE>	0.0	0.0	0.0	https://abcug.hu/barataiktol-rokonaiktol-felnek-a-neveloszuloseget-fontolgato-csaladok/	media_hivatkozas	src
1	<img alt=@alt class=wp-remote-image @serviceNUM @STYLE height=@STYLE src=@LINK width=@STYLE>	0.0	0.0	0.0	https://abcug.hu/ugy-indult-itt-az-elso-nagypalyas-merkozesem-hogy-birot-meg-akartak-verni-focistaim/	media_hivatkozas	src
1	<img alt=@alt class=wp-remote-image @serviceNUM height=@STYLE src=@LINK style=@STYLE width=@STYLE>	0.0	0.0	0.0	https://abcug.hu/csak-szabad-tanarok-nevelhetnek-szabad-diakokat/	media_hivatkozas	src
8	<img alt=@alt height=@STYLE src=@LINK width=@STYLE>	0.0	0.0	0.0	https://abcug.hu/lelancoltak-magukat-a-greenpeacesek-kishantosert/ https://abcug.hu/ma-egy-gyerek-tobbet-dolgozik-mint-egy-felnott/ https://abcug.hu/rajzban-tarjak-fel-felelmeiket-a-legkemenyebb-gengsztersracok/ https://abcug.hu/csoda-van-egy-magyar-falu-ahol-osszefogtak-lakok/ https://abcug.hu/csak-mocsok-es-hangyak-varjak-menekulteket-kormenden/	media_hivatkozas	src
2	<img alt=@alt src=@LINK style=@STYLE>	0.0	0.0	0.0	https://abcug.hu/kozeposztaly/ https://abcug.hu/csaladokat-kenyszeritenek-atmeneti-otthonba-az-alberletarak/	media_hivatkozas	src
10	<img alt=@alt src=@LINK title=@title>	0.0	0.0	0.0	https://abcug.hu/szep-lassan-szertefoszlanak-a-bodvalenkei-fiatalok-almai/ https://abcug.hu/szep-lassan-szertefoszlanak-a-bodvalenkei-fiatalok-almai/ https://abcug.hu/szep-lassan-szertefoszlanak-a-bodvalenkei-fiatalok-almai/ https://abcug.hu/szep-lassan-szertefoszlanak-a-bodvalenkei-fiatalok-almai/ https://abcug.hu/szep-lassan-szertefoszlanak-a-bodvalenkei-fiatalok-almai/	media_hivatkozas	src
19	<img alt=@alt src=@LINK>	0.0	0.0	0.0	https://abcug.hu/kozeposztaly/ https://abcug.hu/kozeposztaly/ https://abcug.hu/tuntetes-jozsef-nador-teren/ https://abcug.hu/matolcsy-segitseget-kerte-orban/ https://abcug.hu/kozeposztaly/	media_hivatkozas	src
1	<img class=ajT src=@LINK>	0.0	0.0	0.0	https://abcug.hu/konnyen-elkelnek-az-eluldozott-magyar-kutatok/	media_hivatkozas	src
2	<img src=@LINK>	0.0	0.0	0.0	https://abcug.hu/batran-bizzak-a-frizurajukat-roma-fodraszokra-a-lomi-bolgarok/ https://abcug.hu/batran-bizzak-a-frizurajukat-roma-fodraszokra-a-lomi-bolgarok/	media_hivatkozas	src
169	<0_MDESC_a data-slb-active=@NUM data-slb-asset=@NUM data-slb-group=@NUM data-slb-internal=@NUM href=@LINK>	0.0	1.0	0.0	https://abcug.hu/balogh-jozsef-ujra-rakente-a-vak-komondorra/ https://abcug.hu/ha-most-csendben-maradunk-mi-lesz-ezutan/ https://abcug.hu/sziriai-gamer-jatekot-csinalt-sajat-menekulesebol/ https://abcug.hu/tul-konnyen-megusszak-a-bantalmazo-rendorok/ https://abcug.hu/elegunk-van-megbenitottak-az-ejszakai-belvarost-a-civilek-mellett-tuntetok/	media_tartalom	href
30	<0_MDESC_a data-slb-active=@NUM data-slb-asset=@NUM data-slb-group=@NUM href=@LINK>	0.0	1.0	0.0	https://abcug.hu/szabolcstol-baranyaig-elleptek-az-orszagot-betlehemek/ https://abcug.hu/megalazza-mav-kerekesszekeseket/ https://abcug.hu/hazhoz-jaro-orvosok-gyogyitjak-a-borsodi-romakat/ https://abcug.hu/szabolcstol-baranyaig-elleptek-az-orszagot-betlehemek/ https://abcug.hu/szabolcstol-baranyaig-elleptek-az-orszagot-betlehemek/	media_tartalom	href
48	<0_MDESC_br>	0.0	0.0	0.0	https://abcug.hu/anya-melyik-az-otthonom-ez-az-vagy-kovetkezo-kenyszerkoltozes-miskolcon/ https://abcug.hu/pinter-sandor-szivesen-elnezo-az-eroszakos-rendorokkel/ https://abcug.hu/tizezrek-halnak-meg-rossz-egeszsegugy-miatt/ https://abcug.hu/pinter-sandor-szivesen-elnezo-az-eroszakos-rendorokkel/ https://abcug.hu/anya-melyik-az-otthonom-ez-az-vagy-kovetkezo-kenyszerkoltozes-miskolcon/	null	default
514	<0_MDESC_div class=gallery-icon landscape>	0.0	1.0291828793774318	0.0	https://abcug.hu/delutan-negykor-mozgasserult-kipattan-kerekesszekebol/ https://abcug.hu/162-melyszegenysegben-elo-kisgyerek-vegre-sajat-agyban-toltheti-a-karacsonyt/ https://abcug.hu/allasborzen-toboroz-vasutast-es-rendort-az-allam/ https://abcug.hu/roma-lanyok-altal-megalmodott-ruhak-kerultek-a-kifutora/ https://abcug.hu/sziriai-gamer-jatekot-csinalt-sajat-menekulesebol/	null	default
160	<0_MDESC_div class=gallery-icon portrait>	0.0	1.0625	0.0	https://abcug.hu/a-fohost-nezve-elszegyelltem-magam-hogy-nem-igyekszem-elegge/ https://abcug.hu/nem-eleg-a-buntetes-az-eljarassal-kulon-megalazzak-a-hajlektalanokat/ https://abcug.hu/robotokkal-fejleszt-a-gyogypedagogus/ https://abcug.hu/patkanyok-es-koborkutyak-turjak-szet-nyomortelepek-szemethegyeit/ https://abcug.hu/a-demenseknek-mar-az-idosotthon-a-haza/	null	default
14	<0_MDESC_iframe allow=autoplay frameborder=no height=@STYLE scrolling=no src=@LINK width=@STYLE>	0.0	0.0	0.0	https://abcug.hu/nem-igy-kepzeltem-az-egyetem-utani-eletet/ https://abcug.hu/nem-lehet-ajtostul-berontani-ciganytelepre-hogy-jottem-segiteni/ https://abcug.hu/silany-mulabbakal-keseritik-meg-mozgasserultek-eletet/ https://abcug.hu/csak-sodrofat-hianyoltak/ https://abcug.hu/parizsig-latszott-hodaszi-ciganyok-valyogtemplomanak-tornya/	null	default
96	<0_MDESC_iframe frameborder=no height=@STYLE scrolling=no src=@LINK width=@STYLE>	0.0	0.0	0.0	https://abcug.hu/ha-kipecez-a-fonok-az-nem-diszkriminacio/ https://abcug.hu/pinter-sandor-szivesen-elnezo-az-eroszakos-rendorokkel/ https://abcug.hu/csak-az-volt-fura-hogy-sok-gyerek/ https://abcug.hu/erthet-barmihez-ha-mozgasserult-nincs-ra-szukseg/ https://abcug.hu/kastelyokkal-csabitjak-a-ceu-t-de-nem-megy-el/	null	default
1	<0_MDESC_span id=@NUM>	0.0	0.0	0.0	https://abcug.hu/csokolom-en-most-elmennek-kozosulni/	null	default
2	<a data-flickr-embed=true href=@LINK title=@title>	0.0	1.0	0.0	https://abcug.hu/lelancoltak-magukat-a-greenpeacesek-kishantosert/ https://abcug.hu/ma-egy-gyerek-tobbet-dolgozik-mint-egy-felnott/	null	default
94	<a data-slb-active=@NUM data-slb-asset=@NUM data-slb-group=@NUM data-slb-internal=@NUM href=@LINK>	0.0	1.0	0.0	https://abcug.hu/ok-tudjak-megfizetni-es-nekunk-megerje-tarsadalmi-vallalkozasok-magyarorszagon/ https://abcug.hu/gulyas-marton-valasztasi-mozgalmat-hirdetett/ https://abcug.hu/rengeteg-meneddekero-erkezett/ https://abcug.hu/4oo-milliobol-koltozik-az-sos-gyermekfalu/ https://abcug.hu/egyre-jobban-lemaradunk-europatol/	media_tartalom	href
2	<a data-slb-active=@NUM data-slb-asset=@NUM data-slb-group=@NUM href=@LINK rel=@LINK title=@title>	0.0	1.0	0.0	https://abcug.hu/kinyitottak-kaput-es-kuldtek-kutyakat/ https://abcug.hu/kinyitottak-kaput-es-kuldtek-kutyakat/	media_tartalom	href
83	<a data-slb-active=@NUM data-slb-asset=@NUM data-slb-group=@NUM href=@LINK title=@title>	0.0	0.963855421686747	0.0	https://abcug.hu/senkinek-nem-kellenek-a-csobankai-maradek-gyerekek/ https://abcug.hu/jezus-a-bortonzarka-ajtoit-is-megnyitja/ https://abcug.hu/senkinek-nem-kellenek-csobankai-maradek-gyerekek-2/ https://abcug.hu/sztrajkolnak-a-tanarok/ https://abcug.hu/slager-az-autistak-csokija/	media_tartalom	href
3	<a href=@LINK target=@target title=@title>	0.0	1.0	0.0	https://abcug.hu/mondjatok-meg-japanoknak-ez-egy-szar-orszag/ https://abcug.hu/mondjatok-meg-japanoknak-ez-egy-szar-orszag/ https://abcug.hu/mondjatok-meg-japanoknak-ez-egy-szar-orszag/	media_tartalom	href
439	<br>	0.0	0.0	0.0	https://abcug.hu/magyar-nok-ehhez-vannak-hozzaszokva/ https://abcug.hu/ukrajnabol-menekulo-magyarok-leptek-el-egy-kis-szabolcsi-falut/ https://abcug.hu/orankent-1800-ember-valt-menekultte-tavaly/ https://abcug.hu/az-operahaz-elott-lesz-az-ev-elso-tuntetese/ https://abcug.hu/szazmilliardokbol-ragadna-meg-a-szegenyeket-a-kormany/	null	default
6	<div class=@twentyNUM id=@twentyNUM style=@STYLE>	0.0	3.0	0.0	https://abcug.hu/szep-lassan-szertefoszlanak-a-bodvalenkei-fiatalok-almai/ https://abcug.hu/szep-lassan-szertefoszlanak-a-bodvalenkei-fiatalok-almai/ https://abcug.hu/batran-bizzak-a-frizurajukat-roma-fodraszokra-a-lomi-bolgarok/ https://abcug.hu/szep-lassan-szertefoszlanak-a-bodvalenkei-fiatalok-almai/ https://abcug.hu/szep-lassan-szertefoszlanak-a-bodvalenkei-fiatalok-almai/	null	default
1	<div class=aeF id=:2>	0.0	3.0	0.0	https://abcug.hu/nem-birjak-ki-dolgozat-es-nyomasztas-nelkul/	null	default
1	<div class=aeI>	0.0	6.0	0.0	https://abcug.hu/nem-birjak-ki-dolgozat-es-nyomasztas-nelkul/	null	default
1	<div class=AO>	0.0	5.0	0.0	https://abcug.hu/nem-birjak-ki-dolgozat-es-nyomasztas-nelkul/	null	default
1	<div class=donut donut_gray data-reactroot=>	0.0	0.0	0.0	https://abcug.hu/helyi-fideszesek-gyulolkodese-utan-uj-helyet-keres-soros-fele-alapitvany/	null	default
1	<div class=donut-container id=eWqvPXkHpA>	0.0	1.0	0.0	https://abcug.hu/helyi-fideszesek-gyulolkodese-utan-uj-helyet-keres-soros-fele-alapitvany/	null	default
14	<div class=embed-container>	0.0	1.0	0.0	https://abcug.hu/az-okj-atalakitasa-idoszeru-az-irany-egyelore-jo/ https://abcug.hu/ha-nehany-aprosagra-odafigyel-az-ember-nagyon-konnyu-az-autistakkal-egyutt-dolgozni/ https://abcug.hu/gyerekkoraban-korbealltak-es-ciganyoztak-az-iskolaudvaron-mostanra-igazi-segito-lett-belole/ https://abcug.hu/ebbol-a-nehany-napbol-barmikor-erot-tudunk-meriteni/ https://abcug.hu/mindent-forditva-kellene-csinalni-az-oktatasban/	null	default
1	<div class=fb-like data-action=like data-href=@LINK data-layout=standard data-share=false data-show-faces=@STYLE data-size=@STYLE>	0.0	0.0	0.0	https://abcug.hu/kozeposztaly/	null	default
1	<div class=gA gt acV>	0.0	0.0	0.0	https://abcug.hu/na-mi-van-ti-mar-haldokoltok/	null	default
1	<div class=infogram-embed data-id=@hiradoNUM data-title=@HíradóNUM data-type=interactive>	0.0	0.0	0.0	https://abcug.hu/orban-viktor-mindenkit-lenyom-a-teveben/	null	default
1	<div class=infogram-embed data-id=@hiradoNUM data-title=HírTv Híradó data-type=interactive>	0.0	0.0	0.0	https://abcug.hu/orban-viktor-mindenkit-lenyom-a-teveben/	null	default
1	<div class=infogram-embed data-id=@hiradoNUM data-title=RTL Klub Híradó data-type=interactive>	0.0	0.0	0.0	https://abcug.hu/orban-viktor-mindenkit-lenyom-a-teveben/	null	default
1	<div class=infogram-embed data-id=@ifjusagkutatasNUM data-title=ifjúságkutatás data-type=interactive>	0.0	0.0	0.0	https://abcug.hu/fiatalok-harmada-kufoldre-menne-mert-elege-van-letbizonytalansagbol/	null	default
21	<div class=infogram-embed data-id=@LONG data-title= data-type=interactive>	0.0	0.0	0.0	https://abcug.hu/soha-nem-teljesitettek-meg-ilyen-rosszul-magyar-diakok/ https://abcug.hu/meg-konyhabol-kiengedik-noket-csak-szuljenek-mar/ https://abcug.hu/megis-ki-a-fene-akar-tanarnak-menni/ https://abcug.hu/soha-nem-teljesitettek-meg-ilyen-rosszul-magyar-diakok/ https://abcug.hu/aki-jol-akar-keresni-menjen-szepen-egyetemre/	null	default
1	<div class=infogram-embed data-id=@LONG data-title=@alapszolgáltatásokNUM data-type=interactive>	0.0	0.0	0.0	https://abcug.hu/egy-stadion-araba-kerulne-hogy-az-emberek-ne-legyenek-negy-fal-koze-zarva/	null	default
3	<div class=infogram-embed data-id=@LONG data-title=@foglalkoztatásNUM data-type=interactive>	0.0	0.0	0.0	https://abcug.hu/a-reszmunkaido-keves-lesz-a-gyerekbummhoz/ https://abcug.hu/a-reszmunkaido-keves-lesz-a-gyerekbummhoz/ https://abcug.hu/a-reszmunkaido-keves-lesz-a-gyerekbummhoz/	null	default
49	<div class=infogram-embed data-id=@LONG data-title=@LONG data-type=interactive>	0.0	0.0	0.0	https://abcug.hu/ahol-egymasban-sem-biznak-az-emberek-ott-a-bevandorloktol-is-felnek/ https://abcug.hu/fiatalabbak-es-szaporabbak-a-felcsutiak-az-atlag-magyarnal/ https://abcug.hu/videken-nem-eri-meg-betegnek-lenni/ https://abcug.hu/fiatalabbak-es-szaporabbak-a-felcsutiak-az-atlag-magyarnal/ https://abcug.hu/nincs-sok-haszna-a-nyomortelepekre-koltott-milliardoknak/	null	default
1	<div class=infogram-embed data-id=@LONG data-title=@NUM data-type=interactive>	0.0	0.0	0.0	https://abcug.hu/nahat-ez-egy-korhaz-es-mosolyognak-ram/	null	default
1	<div class=infogram-embed data-id=@LONG data-title=Bűncselekmények száma data-type=interactive>	0.0	0.0	0.0	https://abcug.hu/inkabb-egymast-bantjak-menekultek-mint-nemeteket/	null	default
4	<div class=infogram-embed data-id=@LONG data-title=Copy: Untitled infographic data-type=interactive>	0.0	0.0	0.0	https://abcug.hu/a-telepeken-majdnem-olyan-nepszeru-a-nyugtato-mint-az-alkohol/ https://abcug.hu/a-telepeken-majdnem-olyan-nepszeru-a-nyugtato-mint-az-alkohol/ https://abcug.hu/a-telepeken-majdnem-olyan-nepszeru-a-nyugtato-mint-az-alkohol/ https://abcug.hu/hiaba-bovitik-a-bolcsodeket-ha-nincs-aki-gondozza-a-gyerekeket/	null	default
1	<div class=infogram-embed data-id=@LONG data-title=Cserelakások forrása data-type=interactive>	0.0	0.0	0.0	https://abcug.hu/lebontani-mindent-mintha-nem-is-letezett-volna/	null	default
1	<div class=infogram-embed data-id=@LONG data-title=Élveszületések száma data-type=interactive>	0.0	0.0	0.0	https://abcug.hu/a-reszmunkaido-keves-lesz-a-gyerekbummhoz/	null	default
1	<div class=infogram-embed data-id=@LONG data-title=Félelem-index data-type=interactive>	0.0	0.0	0.0	https://abcug.hu/ahol-egymasban-sem-biznak-az-emberek-ott-a-bevandorloktol-is-felnek/	null	default
1	<div class=infogram-embed data-id=@LONG data-title=Háziorvosi praxisok száma data-type=interactive>	0.0	0.0	0.0	https://abcug.hu/az-orszag-ket-szelen-egyaltalan-nincs-haziorvos/	null	default
1	<div class=infogram-embed data-id=@LONG data-title=Időfelhasználási szerkezet data-type=interactive>	0.0	0.0	0.0	https://abcug.hu/tizezrek-vegzik-helyettunk-hazimunkat/	null	default
1	<div class=infogram-embed data-id=@LONG data-title=Kisgyermeknevelők száma data-type=interactive>	0.0	0.0	0.0	https://abcug.hu/hiaba-bovitik-a-bolcsodeket-ha-nincs-aki-gondozza-a-gyerekeket/	null	default
1	<div class=infogram-embed data-id=@LONG data-title=lakásárak data-type=interactive>	0.0	0.0	0.0	https://abcug.hu/adokedvezmeny-nelkul-maradnak-rettenetes-alberletarak/	null	default
1	<div class=infogram-embed data-id=@LONG data-title=Mit kaptak a lakásért? data-type=interactive>	0.0	0.0	0.0	https://abcug.hu/lebontani-mindent-mintha-nem-is-letezett-volna/	null	default
1	<div class=infogram-embed data-id=@LONG data-title=Nyers élveszületési arányszám data-type=interactive>	0.0	0.0	0.0	https://abcug.hu/fiatalabbak-es-szaporabbak-a-felcsutiak-az-atlag-magyarnal/	null	default
1	<div class=infogram-embed data-id=@LONG data-title=Nyers halálozási arányszám data-type=interactive>	0.0	0.0	0.0	https://abcug.hu/fiatalabbak-es-szaporabbak-a-felcsutiak-az-atlag-magyarnal/	null	default
1	<div class=infogram-embed data-id=@LONG data-title=Olaszok Magyarországon data-type=interactive>	0.0	0.0	0.0	https://abcug.hu/budapest-az-igeret-foldje-a-kiabrandult-olasz-fiataloknak/	null	default
1	<div class=infogram-embed data-id=@LONG data-title=Politikusok szereplései data-type=interactive>	0.0	0.0	0.0	https://abcug.hu/orban-viktor-mindenkit-lenyom-a-teveben/	null	default
1	<div class=infogram-embed data-id=@LONG data-title=Részmunkaidős foglalkoztatás data-type=interactive>	0.0	0.0	0.0	https://abcug.hu/a-reszmunkaido-keves-lesz-a-gyerekbummhoz/	null	default
1	<div class=infogram-embed data-id=@LONG data-title=Szakképzett közmunkások data-type=interactive>	0.0	0.0	0.0	https://abcug.hu/csak-elbutulnak-szakmunkasok-kozmunkatol/	null	default
1	<div class=infogram-embed data-id=@LONG data-title=szociálisalapszolgáltatások data-type=interactive>	0.0	0.0	0.0	https://abcug.hu/egy-stadion-araba-kerulne-hogy-az-emberek-ne-legyenek-negy-fal-koze-zarva/	null	default
7	<div class=infogram-embed data-id=@LONG data-title=Untitled infographic data-type=interactive>	0.0	0.0	0.0	https://abcug.hu/hiaba-bovitik-a-bolcsodeket-ha-nincs-aki-gondozza-a-gyerekeket/ https://abcug.hu/segedmunkas-apanak-segedmunkas-lesz-a-gyereke-is/ https://abcug.hu/ahelyett-hogy-megvedenek-buntetik-a-prostituciora-kenyszeritett-gyerekeket/ https://abcug.hu/segedmunkas-apanak-segedmunkas-lesz-a-gyereke-is/ https://abcug.hu/ahelyett-hogy-megvedenek-buntetik-a-prostituciora-kenyszeritett-gyerekeket/	null	default
2	<div class=infogram-embed data-id=@LONG data-title=Untitled report data-type=interactive>	0.0	0.0	0.0	https://abcug.hu/orokre-palyakezdo-marad-akinek-nincs-szerencseje/ https://abcug.hu/orokre-palyakezdo-marad-akinek-nincs-szerencseje/	null	default
1	<div class=infogram-embed data-id=@LONG data-title=Várható élettartam data-type=interactive>	0.0	0.0	0.0	https://abcug.hu/keson-kezdett-omleni-penz-magyar-egeszsegugybe/	null	default
1	<div class=infogram-embed data-id=@tenyekNUM data-title=@TényekNUM data-type=interactive>	0.0	0.0	0.0	https://abcug.hu/orban-viktor-mindenkit-lenyom-a-teveben/	null	default
1	<div class=infogram-embed data-id=energiaszegenyseg data-title=Energiaszegénység data-type=interactive>	0.0	0.0	0.0	https://abcug.hu/valasztaniuk-kell-egyenek-vagy-futsenek/	null	default
1	<div class=infogram-embed data-id=energiaszegenyseg___eu_szamok data-title=Energiaszegénység - EU számok data-type=interactive>	0.0	0.0	0.0	https://abcug.hu/valasztaniuk-kell-egyenek-vagy-futsenek/	null	default
1	<div class=infogram-embed data-id=partelnokok_beszedideje data-title=Pártelnökök beszédideje data-type=interactive>	0.0	0.0	0.0	https://abcug.hu/orban-viktor-mindenkit-lenyom-a-teveben/	null	default
1	<div class=kepala>	0.0	0.0	0.0	https://abcug.hu/megsem-kezdi-ki-kormany-az-alternativ-iskolakat/	null	default
5	<div class=mceTemp>	0.0	0.0	0.0	https://abcug.hu/ledozerolni-keszultek-de-inkabb-felujitanak-ket-salgotarjani-telepet/ https://abcug.hu/olyan-nincs-hogy-mi-cserben-hagyunk-egy-gyereket/ https://abcug.hu/meg-wc-reng-alattam-ha-raulok/ https://abcug.hu/nekik-is-sikerult-mint-a-talpas-lanyanak/ https://abcug.hu/ledozerolni-keszultek-de-inkabb-felujitanak-ket-salgotarjani-telepet/	null	default
1	<div class=nH @NUM z>	0.0	7.0	0.0	https://abcug.hu/nem-birjak-ki-dolgozat-es-nyomasztas-nelkul/	null	default
1	<div class=nH bkK nn>	0.0	10.0	0.0	https://abcug.hu/nem-birjak-ki-dolgozat-es-nyomasztas-nelkul/	null	default
1	<div class=nH bkL>	0.0	12.0	0.0	https://abcug.hu/nem-birjak-ki-dolgozat-es-nyomasztas-nelkul/	null	default
1	<div class=nH g>	0.0	0.0	0.0	https://abcug.hu/nem-birjak-ki-dolgozat-es-nyomasztas-nelkul/	null	default
1	<div class=nH role=main>	0.0	1.0	0.0	https://abcug.hu/nem-birjak-ki-dolgozat-es-nyomasztas-nelkul/	null	default
5	<div class=nH>	0.0	9.2	0.0	https://abcug.hu/nem-birjak-ki-dolgozat-es-nyomasztas-nelkul/ https://abcug.hu/nem-birjak-ki-dolgozat-es-nyomasztas-nelkul/ https://abcug.hu/nem-birjak-ki-dolgozat-es-nyomasztas-nelkul/ https://abcug.hu/nem-birjak-ki-dolgozat-es-nyomasztas-nelkul/ https://abcug.hu/nem-birjak-ki-dolgozat-es-nyomasztas-nelkul/	null	default
1	<div class=no>	0.0	11.0	0.0	https://abcug.hu/nem-birjak-ki-dolgozat-es-nyomasztas-nelkul/	null	default
1	<div class=pb_feed data-comments=false data-embed-by=@LONG data-game=@LONG data-game-info=false data-height=@STYLE data-key=Default data-margin-top=@NUM data-recommend=false data-shares=false data-tags=All>	0.0	0.0	0.0	https://abcug.hu/gazdasag-szarnyal-az-emberi-jogok-kevesbe/	null	default
1	<div class=pikto-canvas-wrap>	0.0	1.0	0.0	https://abcug.hu/s/	null	default
1	<div class=pikto-canvas>	0.0	0.0	0.0	https://abcug.hu/s/	null	default
1	<div class=piktowrapper-embed pikto-uid=@infographicNUM>	0.0	2.0	0.0	https://abcug.hu/s/	null	default
2	<div class=responsive-embed widescreen>	0.0	1.0	0.0	https://abcug.hu/nyuszifeju-romak-az-iskolaban/ https://abcug.hu/nyuszifeju-romak-az-iskolaban/	null	default
1	<div class=rTableRow>	0.0	0.0	0.0	https://abcug.hu/csaladokat-kenyszeritenek-atmeneti-otthonba-az-alberletarak/	null	default
2	<div class=social-stripe cikk-bottom-box>	0.0	0.0	0.0	https://abcug.hu/egy-kutatas-megmutatja-honaprol-honapra-elnek-250-ezer-alatt-keresok/ https://abcug.hu/rokonok-baratok-kifizetohelye-lett-az-oro/	null	default
1	<div class=tableauPlaceholder id=@NUM style=@STYLE>	0.0	16.0	0.0	https://abcug.hu/csaladokat-kenyszeritenek-atmeneti-otthonba-az-alberletarak/	null	default
1	<div class=Tm aeJ @NUM id=:4>	0.0	4.0	0.0	https://abcug.hu/nem-birjak-ki-dolgozat-es-nyomasztas-nelkul/	null	default
6	<div class=twentytwenty-container @twentyNUM>	0.0	2.0	0.0	https://abcug.hu/batran-bizzak-a-frizurajukat-roma-fodraszokra-a-lomi-bolgarok/ https://abcug.hu/szep-lassan-szertefoszlanak-a-bodvalenkei-fiatalok-almai/ https://abcug.hu/szep-lassan-szertefoszlanak-a-bodvalenkei-fiatalok-almai/ https://abcug.hu/szep-lassan-szertefoszlanak-a-bodvalenkei-fiatalok-almai/ https://abcug.hu/szep-lassan-szertefoszlanak-a-bodvalenkei-fiatalok-almai/	null	default
2	<div id=fb-root>	0.0	0.0	0.0	https://abcug.hu/fidesz-nagyszeru-otlet-fiatalok-drogtesztje/	null	default
1	<div id=ptags>	0.0	0.0	0.0	https://abcug.hu/fagyoskodo-menekulteket-fogadott-kormendi-plebanos/	null	default
1	<embed allowfullscreen=allowfullscreen bgcolor= flashvars=@LONG height=@STYLE src=@LINK type=application/x-shockwave-flash width=@STYLE>	0.0	0.0	0.0	https://abcug.hu/tuntetesek-percrol-percre/	null	default
1	<i class=@NUM img @MpKGrsNUM @NUM>	0.0	0.0	0.0	https://abcug.hu/vezerigazgatoi-dicseretet-kapott-ciganysoron-dolgozo-postas/	null	default
1	<iframe allow=autoplay; fullscreen allowfullscreen= frameborder=@NUM src=@LINK style=@STYLE>	0.0	0.0	0.0	https://abcug.hu/mi-nem-fogyatekos-hanem-csaladbarat-etterem-vagyunk/	beagyazott_tartalom	src
2	<iframe allowfullscreen= frameborder=@NUM height=@STYLE mozallowfullscreen= src=@LINK webkitallowfullscreen= width=@STYLE>	0.0	0.0	0.0	https://abcug.hu/zugoban-adtak-at-az-elso-mozgasserult-libikokat/ https://abcug.hu/ennyi-benat-egy-kupacban-nem-lattam-meg/	beagyazott_tartalom	src
3	<iframe allowfullscreen= frameborder=@NUM height=@STYLE src=@LINK width=@STYLE>	0.0	0.0	0.0	https://abcug.hu/nyuszifeju-romak-az-iskolaban/ https://abcug.hu/nyuszifeju-romak-az-iskolaban/ https://abcug.hu/polgarmester-lett-rasszista-tanarbol/	beagyazott_tartalom	src
1	<iframe allowfullscreen=allowfullscreen class=@STYLE frameborder=@NUM height=@STYLE src=@LINK width=@STYLE>	0.0	0.0	0.0	https://abcug.hu/mint-a-jo-ciganyasszonyok-ugy-kell-szoptatni/	beagyazott_tartalom	src
23	<iframe allowfullscreen=allowfullscreen data-mce-fragment=@NUM frameborder=@NUM height=@STYLE src=@LINK width=@STYLE>	0.0	0.0	0.0	https://abcug.hu/olyan-szerelmesek-mint-egy-hollywoodi-par/ https://abcug.hu/vacsora-szokasos-lesz-margarinos-kenyer-ketchuppal/ https://abcug.hu/madar-nem-akkor-golya/ https://abcug.hu/hegeto-honorka-dijat-nyert-az-abcug/ https://abcug.hu/nem-oldodik-meg-a-problema-azzal-hogy-rehabra-kuldjuk-a-gyereket/	beagyazott_tartalom	src
3	<iframe allowfullscreen=allowfullscreen data-mce-fragment=@NUM frameborder=@NUM src=@LINK style=@STYLE>	0.0	0.0	0.0	https://abcug.hu/az-utcan-nem-hazudnak-az-emberek-ha-nem-vagy-jo-elkuldenek-a-francba/ https://abcug.hu/az-utcan-nem-hazudnak-az-emberek-ha-nem-vagy-jo-elkuldenek-a-francba/ https://abcug.hu/az-utcan-nem-hazudnak-az-emberek-ha-nem-vagy-jo-elkuldenek-a-francba/	beagyazott_tartalom	src
2	<iframe allowfullscreen=allowfullscreen frameborder=@NUM height=@STYLE scrolling=no src=@LINK style=@STYLE width=@STYLE>	0.0	0.0	0.0	https://abcug.hu/kerekesszekkel-probaltuk-bevenni-az-akadalymentes-villamosmegallokat/ https://abcug.hu/kuldjon-uzenetet-karacsonykor-tavol-elo-szeretteinek/	beagyazott_tartalom	src
1	<iframe allowfullscreen=allowfullscreen frameborder=@NUM height=@STYLE src=@LINK style=@STYLE width=@STYLE>	0.0	0.0	0.0	https://abcug.hu/omladozo-falak-es-a-puszta-varja-a-foti-gyerekeket/	beagyazott_tartalom	src
6	<iframe allowfullscreen=allowfullscreen frameborder=@NUM src=@LINK style=@STYLE>	0.0	0.0	0.0	https://abcug.hu/nem-kell-belerokkani-egy-alzheimeres-rokon-apolasaba/ https://abcug.hu/kerekesszekben-kutatja-a-jarhato-turautakat/ https://abcug.hu/a-legkisebb-falvakban-eloknek-is-kiutat-mutat-a-fuggosegbol/ https://abcug.hu/ismerni-fogjak-a-drogokat-mire-kiszabadulnak/ https://abcug.hu/mi-ott-lettunk-egy-csalad-abban-a-kis-szobaban/	beagyazott_tartalom	src
14	<iframe allowfullscreen=allowfullscreen frameborder=@NUM src=@LINK>	0.0	0.0	0.0	https://abcug.hu/az-onkentesek-beszelgetessel-uzik-el-az-idosek-maganyat/ https://abcug.hu/egy-tisztesseges-tarsadalomban-nem-tesszuk-egymast-hajlektalanna/ https://abcug.hu/jogallamisagban-europa-vegen-kullogunk/ https://abcug.hu/parkapcsolatieroszak/ https://abcug.hu/az-ahitat-kozben-dobbentem-ra-hogy-ez-egy-drogmisszio/	beagyazott_tartalom	src
1	<iframe allowfullscreen=allowfullscreen height=@STYLE src=@LINK style=@STYLE width=@STYLE>	0.0	0.0	0.0	https://abcug.hu/nem-lehet-nyavajogni-az-felesleges-idokidobas/	beagyazott_tartalom	src
42	<iframe allowtransparency=true frameborder=@NUM scrolling=no src=@LINK style=@STYLE>	0.0	0.0	0.0	https://abcug.hu/hegeto-honorka-dijat-kaptak-az-abcug-fotosai/ https://abcug.hu/sajtoszabadsag-korlatozasa-miatt-vizsgaljak-magyarorszagot/ https://abcug.hu/nagyon-bejott-az-rtl-klubnak-kormany-kritizalasa/ https://abcug.hu/4oo-milliobol-koltozik-az-sos-gyermekfalu/ https://abcug.hu/lazarek-megallapodtak-svajccal/	beagyazott_tartalom	src
1	<iframe data-mce-fragment=@NUM height=@STYLE src=@LINK width=@STYLE>	0.0	0.0	0.0	https://abcug.hu/melyszegenysegben-elo-ovodasoknak-mar-egy-tubus-ragaszto-is-hatalmas-segitseg/	beagyazott_tartalom	src
4	<iframe frameborder=@NUM height=@STYLE scrolling=no src=@LINK width=@STYLE>	0.0	0.0	0.0	https://abcug.hu/nemhogy-lakaspolitikat-meg-egy-parkolasi-rendszert-se-tudnak-osszehozni/ https://abcug.hu/hazhoz-jaro-orvosok-gyogyitjak-a-borsodi-romakat/ https://abcug.hu/megkegyelmeztek-a-hatosagok-a-hajlektlanoknak/ https://abcug.hu/hawaii-az-elet/	beagyazott_tartalom	src
4	<iframe frameborder=@NUM height=@STYLE src=@LINK width=@STYLE>	0.0	0.0	0.0	https://abcug.hu/heteken-ossze-vissza-beszelt-kormany-kitiltasi-ugyrol/ https://abcug.hu/megmutatjuk-mi-minden-volt-schmitt-pal-az-elmult-otven-evben/ https://abcug.hu/tetofokara-hag-a-bevandorlok-elleni-harc/ https://abcug.hu/evek-ota-kuldi-korrupcios-veszjelzeseket-kormanynak-az-amerikai-diplomacia/	beagyazott_tartalom	src
1	<iframe frameborder=@NUM scrolling=no src=@LINK style=@STYLE>	0.0	0.0	0.0	https://abcug.hu/parazson-egetjuk-a-csaladokat-mig-minden-remenyt-elveszitenek/	beagyazott_tartalom	src
20	<iframe frameborder=no height=@STYLE scrolling=no src=@LINK width=@STYLE>	0.0	0.0	0.0	https://abcug.hu/jatszoterekkel-es-start-upokkal-hoditana-videken-a-momentum/ https://abcug.hu/se-agyuk-se-iroasztaluk-nincs-a-cigany-gyerekeknek/ https://abcug.hu/ha-asperges-szeleteli-tokeletes-lesz-a-paradicsomkarika/ https://abcug.hu/hallgatjak-a-menok-a-csicskak-az-unalmasok-es-az-erdekesek/ https://abcug.hu/csak-elbutulnak-szakmunkasok-kozmunkatol/	beagyazott_tartalom	src
1	<iframe height=@STYLE src=@LINK style=@STYLE width=@STYLE>	0.0	0.0	0.0	https://abcug.hu/egy-kis-lokes-is-eleg-a-gettosodashoz-szegregacio-jatek/	beagyazott_tartalom	src
13	<iframe height=@STYLE src=@LINK width=@STYLE>	0.0	0.0	0.0	https://abcug.hu/ezeket-a-problemakat-nem-oldja-meg-egy-doboz-bonbon/ https://abcug.hu/az-orszag-ket-szelen-egyaltalan-nincs-haziorvos/ https://abcug.hu/ezeket-a-problemakat-nem-oldja-meg-egy-doboz-bonbon/ https://abcug.hu/igy-fogynak-el-magyar-torpefalvak/ https://abcug.hu/orszagszerte-utlezarasokkal-tiltakoznak-szakszervezetek/	beagyazott_tartalom	src
1	<noscript>	0.0	2.0	0.0	https://abcug.hu/csaladokat-kenyszeritenek-atmeneti-otthonba-az-alberletarak/	null	default
1	<object class=tableauViz height=@STYLE style=@STYLE width=@STYLE>	0.0	12.0	0.0	https://abcug.hu/csaladokat-kenyszeritenek-atmeneti-otthonba-az-alberletarak/	null	default
1	<object classid=@LONG data=@LINK height=@STYLE type=application/x-shockwave-flash width=@STYLE>	0.0	5.0	0.0	https://abcug.hu/tuntetesek-percrol-percre/	null	default
1	<param name=allowFullScreen value=true>	0.0	0.0	0.0	https://abcug.hu/tuntetesek-percrol-percre/	null	default
1	<param name=animate_transition value=yes>	0.0	0.0	0.0	https://abcug.hu/csaladokat-kenyszeritenek-atmeneti-otthonba-az-alberletarak/	null	default
1	<param name=bgcolor value=#000000>	0.0	0.0	0.0	https://abcug.hu/tuntetesek-percrol-percre/	null	default
1	<param name=display_count value=yes>	0.0	0.0	0.0	https://abcug.hu/csaladokat-kenyszeritenek-atmeneti-otthonba-az-alberletarak/	null	default
1	<param name=display_overlay value=yes>	0.0	0.0	0.0	https://abcug.hu/csaladokat-kenyszeritenek-atmeneti-otthonba-az-alberletarak/	null	default
1	<param name=display_spinner value=yes>	0.0	0.0	0.0	https://abcug.hu/csaladokat-kenyszeritenek-atmeneti-otthonba-az-alberletarak/	null	default
1	<param name=display_static_image value=yes>	0.0	0.0	0.0	https://abcug.hu/csaladokat-kenyszeritenek-atmeneti-otthonba-az-alberletarak/	null	default
1	<param name=embed_code_version value=@NUM>	0.0	0.0	0.0	https://abcug.hu/csaladokat-kenyszeritenek-atmeneti-otthonba-az-alberletarak/	null	default
1	<param name=flashvars value=@LONG>	0.0	0.0	0.0	https://abcug.hu/tuntetesek-percrol-percre/	null	default
1	<param name=host_url value=@LINK>	0.0	0.0	0.0	https://abcug.hu/csaladokat-kenyszeritenek-atmeneti-otthonba-az-alberletarak/	null	default
1	<param name=movie value=@LINK>	0.0	0.0	0.0	https://abcug.hu/tuntetesek-percrol-percre/	null	default
1	<param name=name value=@trkppelNUM>	0.0	0.0	0.0	https://abcug.hu/csaladokat-kenyszeritenek-atmeneti-otthonba-az-alberletarak/	null	default
1	<param name=site_root value=>	0.0	0.0	0.0	https://abcug.hu/csaladokat-kenyszeritenek-atmeneti-otthonba-az-alberletarak/	null	default
1	<param name=static_image value=@LINK>	0.0	0.0	0.0	https://abcug.hu/csaladokat-kenyszeritenek-atmeneti-otthonba-az-alberletarak/	null	default
1	<param name=tabs value=no>	0.0	0.0	0.0	https://abcug.hu/csaladokat-kenyszeritenek-atmeneti-otthonba-az-alberletarak/	null	default
1	<param name=toolbar value=yes>	0.0	0.0	0.0	https://abcug.hu/csaladokat-kenyszeritenek-atmeneti-otthonba-az-alberletarak/	null	default
1	<source src=@LINK type=@videoNUM>	0.0	0.0	0.0	https://abcug.hu/a-gyerekek-minden-reggel-kirazzak-az-iskolataskat-ha-a-poloska-nem-is-de-a-csotany-legalabb-kiesik/	null	default
3	<span class=Apple-converted-space style=@STYLE>	0.0	0.0	0.0	https://abcug.hu/meghalnak-az-idosek-mire-bekerulnenek-egy-otthonba/ https://abcug.hu/mozgasserultek-szazezrei-elhetnenek-onalloan-ha-hagynak/ https://abcug.hu/celtalan-varakozas-nyomoritja-a-menekultek-lelket-a-gorog-szigeteken/	null	default
1	<span class=EOP @NUM data-ccp-props=@LONG>	0.0	0.0	0.0	https://abcug.hu/megalazzak-az-autistakat-a-kormanyhivatalban/	null	default
466	<span id=@NUM>	0.0	0.0	0.0	https://abcug.hu/biologia-tanarno-meghackeli-az-oktatasi-rendszert/ https://abcug.hu/ujabb-cukraszda-helyett-a-szegenyeknek-kellene-tervezni-a-jovo-epiteszeinek/ https://abcug.hu/igy-idozitik-a-noi-kutatok-az-anyasagot-hogy-ne-csinalja-ki-a-karrierjuket/ https://abcug.hu/a-munkaerohiany-miatt-a-dualis-kepzes-sem-erdekli-a-fiatalokat/ https://abcug.hu/se-ido-se-penz-se-ember-nem-jut-az-allami-gondozattak-vedelmere/	null	default
1	<style type=text/css>	0.0	0.0	6.0	https://abcug.hu/anya-melyik-az-otthonom-ez-az-vagy-kovetkezo-kenyszerkoltozes-miskolcon/	decompose	default
14	<style>	0.0	0.0	31.0	https://abcug.hu/ha-bajba-kerul-egy-csalad-naluk-menedeket-talal/ https://abcug.hu/trukkozve-probalja-a-ksh-elfedni-a-valos-kepet-a-jovedelmi-viszonyokrol/ https://abcug.hu/parkapcsolatieroszak/ https://abcug.hu/jogallamisagban-europa-vegen-kullogunk/ https://abcug.hu/mindent-forditva-kellene-csinalni-az-oktatasban/	decompose	default
13	<wbr>	0.0	0.0	0.0	https://abcug.hu/egy-perc-alatt-megmondom-aids-es-vagy-e/ https://abcug.hu/azert-nagy-punkok-ciganyok/ https://abcug.hu/az-aldozat-tehet-nemi-eroszakrol-sugallja-rendorseg-kisfilmje/ https://abcug.hu/azert-nagy-punkok-ciganyok/ https://abcug.hu/repkednek-birsagok-romakra-gyongyospatan/	null	default
533	<iframe frameborder=@NUM height=@STYLE scrolling=no src=@LINK style=@STYLE width=@STYLE>	0.0	0.0	0.0	https://abcug.hu/elete-vegeig-bortonben-marad-az-aroktoi-banda/ https://abcug.hu/minek-bezarni-aki-nem-is-akar-itt-maradni/ https://abcug.hu/vagyunk-zarva-gyerekkel-lakasba/ https://abcug.hu/botka-ellen-az-arvahazbol/ https://abcug.hu/halalt-okozhat-egy-mentosok-altal-hasznalt-eljaras/	default	default