43	<u>	1.2790697674418605	0.0	1.2790697674418605	https://abcug.hu/beteg-csak-egy-zavaro-korulmeny-korhazakban/ https://abcug.hu/strasbourg-szerint-rendorseg-nem-vedte-meg-devecseri-romakat-szelsojobboldaliaktol/ https://abcug.hu/beteg-csak-egy-zavaro-korulmeny-korhazakban/ https://abcug.hu/beteg-csak-egy-zavaro-korulmeny-korhazakban/ https://abcug.hu/ha-polgarmester-leveszi-zakojat-mar-tudjuk-hogy-minden-rendben/	alahuzott	default
1	<sub>	54.0	2.0	0.0	https://abcug.hu/magyar-ferfiak-tizszer-annyi-alkoholt-isznak-mint-nok/	alsoindex	default
237	<a href=@LINK style=@STYLE target=@target>	2.7974683544303796	0.0	2.7974683544303796	https://abcug.hu/milliokat-vasal-rendorseg-menekulteken/ https://abcug.hu/hogyan-el-az-atlagmagyar/ https://abcug.hu/szazmilliardokbol-ragadna-meg-a-szegenyeket-a-kormany/ https://abcug.hu/hogyan-el-az-atlagmagyar/ https://abcug.hu/evtizedekre-elassak-paksi-gigaberuhazas-titkait/	beagyazott_tartalom	href
122	<iframe allowfullscreen=allowfullscreen frameborder=@NUM height=@STYLE src=@LINK width=@STYLE>	0.01639344262295082	0.01639344262295082	0.0	https://abcug.hu/szuletesekor-lemondtak-rola-az-orvosok-ma-a-paralimpiara-keszul/ https://abcug.hu/a-fotelbol-valo-morgas-nem-nagyon-visz-elore/ https://abcug.hu/nincs-olyan-hogy-cigany-neplelek/ https://abcug.hu/nem-alternativ-x-faktort-akarunk/ https://abcug.hu/szinhazzal-nevelnek-eletre-az-elveszett-falvakban/	beagyazott_tartalom	src
13	<div class=jeti-roadblock ad>	96.53846153846153	3.230769230769231	31.0	https://abcug.hu/kezdodhet-magyar-civilek-ledaralasa/ https://abcug.hu/honapok-ota-nincs-futes-egy-autista-fiu-szobajaban-egy-bekes-megyei-otthonban/ https://abcug.hu/kezdodhet-magyar-civilek-ledaralasa/ https://abcug.hu/ha-be-lehet-tomni-a-pofankat-baj-van-kinevettek-a-kliket-a-tanarok-a-zart-forumon/ https://abcug.hu/horn-gyula-ota-nem-nott-az-oktatasra-koltott-penz/	bekezdes	default
1	<div class=kep popup kep_szeles keret id=@LONG>	56.0	0.0	56.0	https://abcug.hu/orban-kedvenceit-gyogyitjak-megis-rettegesben-elnek/	bekezdes	default
11	<div class=kiemelt-alahuzott>	32.90909090909091	1.7272727272727273	17.818181818181817	https://abcug.hu/orban-nem-szeretne-hogy-gazdagok-legyunk-es-keveset-dolgozzunk/ https://abcug.hu/orban-nem-szeretne-hogy-gazdagok-legyunk-es-keveset-dolgozzunk/ https://abcug.hu/orban-egy-harmadik-keritest-epittet-hatarra/ https://abcug.hu/orban-nem-szeretne-hogy-gazdagok-legyunk-es-keveset-dolgozzunk/ https://abcug.hu/hiaba-akarta-eltussolni-cigany-no-rasszista-zaklatasat-magyar-birosag/	bekezdes	default
1	<div class=wp-caption @STYLE id=@attachmentNUM>	56.0	0.0	56.0	https://abcug.hu/iden-mar-annyi-gyerekgyilkossagi-ugy-volt-mint-tavaly-osszesen/	bekezdes	default
3	<p align=@STYLE style=@STYLE>	21.666666666666668	0.6666666666666666	16.333333333333332	https://abcug.hu/csak-normalis-hetkoznapokra-vagynak-a-kunyholako-hajlektalan-emberek/ https://abcug.hu/csak-normalis-hetkoznapokra-vagynak-a-kunyholako-hajlektalan-emberek/ https://abcug.hu/nekem-o-a-masik-felem/	bekezdes	default
332	<p class=@gmailNUM>	45.355421686746986	1.2560240963855422	2.8795180722891565	https://abcug.hu/ujabb-tegla-a-ner-ben-a-ceu-kicsinalasa/ https://abcug.hu/tobb-tizezren-keseregtek-a-fidesz-gyozelmen/ https://abcug.hu/groteszk-szinhazat-jatszottunk-amiben-nem-szerepelt-halal/ https://abcug.hu/hiaba-dicsekszik-a-kormany-szep-lassan-leepulnek-az-ovodak-is/ https://abcug.hu/groteszk-szinhazat-jatszottunk-amiben-nem-szerepelt-halal/	bekezdes	default
423	<p class=@LONG>	37.53427895981088	1.2505910165484633	2.4704491725768323	https://abcug.hu/gyogyszerekkel-tartjak-kordaban-a-gyermekvedelemben-elo-psziches-beteg-gyerekeket/ https://abcug.hu/eselyuk-sincs-a-menekult-gyerekeknek-hogy-bizonyitsanak/ https://abcug.hu/honapok-ota-gornyednek-sorpadokon-a-halasztelki-iskolasok/ https://abcug.hu/eselyuk-sincs-a-menekult-gyerekeknek-hogy-bizonyitsanak/ https://abcug.hu/eselyuk-sincs-a-menekult-gyerekeknek-hogy-bizonyitsanak/	bekezdes	default
6	<p class=@NUM agj data-tid=@NUM id=@NUM>	12.5	0.0	12.5	https://abcug.hu/az-idegenrendeszeti-orizet-soha-nem-szunt-meg-nem-kell-visszaallitani/ https://abcug.hu/az-idegenrendeszeti-orizet-soha-nem-szunt-meg-nem-kell-visszaallitani/ https://abcug.hu/az-idegenrendeszeti-orizet-soha-nem-szunt-meg-nem-kell-visszaallitani/ https://abcug.hu/az-idegenrendeszeti-orizet-soha-nem-szunt-meg-nem-kell-visszaallitani/ https://abcug.hu/az-idegenrendeszeti-orizet-soha-nem-szunt-meg-nem-kell-visszaallitani/	bekezdes	default
1	<p class=@NUM ajU>	2.0	0.0	2.0	https://abcug.hu/bucsu-az-abcugtol/	bekezdes	default
52	<p class=@NUM style=@STYLE>	8.846153846153847	1.5384615384615385	5.115384615384615	https://abcug.hu/sajtofoto-2016-magocsi-marton-dijnyertes-kepei/ https://abcug.hu/sajtofoto-2016-magocsi-marton-dijnyertes-kepei/ https://abcug.hu/sajtofoto-2016-magocsi-marton-dijnyertes-kepei/ https://abcug.hu/sajtofoto-2016-magocsi-marton-dijnyertes-kepei/ https://abcug.hu/sajtofoto-2016-magocsi-marton-dijnyertes-kepei/	bekezdes	default
5444	<p class=@NUM>	46.10194709772226	1.342762674504041	2.2373254959588538	https://abcug.hu/jobbak-mint-az-allami-megsem-kapnak-eleg-penzt-csaladi-bolcsodek/ https://abcug.hu/szuken-meri-jot-kormany-lakaspolitikaja/ https://abcug.hu/jol-megszivatta-az-allam-a-foldjeit-hasznalo-gazdakat-amikor-tuladott-a-teruleteken/ https://abcug.hu/mindegy-van-e-eleg-ovoneni-ha-par-ora-utan-hazamennek-a-gyerekek/ https://abcug.hu/parizsig-kellett-mennie-hogy-ne-egy-roma-legyen/	bekezdes	default
18	<p class=>	51.44444444444444	0.3333333333333333	50.388888888888886	https://abcug.hu/megtorte-a-menekulteket-a-hatarmenti-daralo/ https://abcug.hu/megtorte-a-menekulteket-a-hatarmenti-daralo/ https://abcug.hu/megtorte-a-menekulteket-a-hatarmenti-daralo/ https://abcug.hu/megtorte-a-menekulteket-a-hatarmenti-daralo/ https://abcug.hu/megtorte-a-menekulteket-a-hatarmenti-daralo/	bekezdes	default
13	<p class=ecxMsoNormal>	57.84615384615385	0.15384615384615385	56.76923076923077	https://abcug.hu/nem-rohantak-meg-tomegek-az-ovodat/ https://abcug.hu/menekulnek-a-szulok-az-allami-oktatasbol/ https://abcug.hu/nem-rohantak-meg-tomegek-az-ovodat/ https://abcug.hu/menekulnek-a-szulok-az-allami-oktatasbol/ https://abcug.hu/menekulnek-a-szulok-az-allami-oktatasbol/	bekezdes	default
14	<p class=gmail_default>	59.214285714285715	0.2857142857142857	51.857142857142854	https://abcug.hu/ket-kez-keves-harom-babakocsihoz/ https://abcug.hu/ket-kez-keves-harom-babakocsihoz/ https://abcug.hu/ket-kez-keves-harom-babakocsihoz/ https://abcug.hu/ket-kez-keves-harom-babakocsihoz/ https://abcug.hu/ket-kez-keves-harom-babakocsihoz/	bekezdes	default
2	<p class=indent>	109.5	0.0	109.5	https://abcug.hu/tiz-igaz-tortenet-megkinzott-aldozatokrol/ https://abcug.hu/tiz-igaz-tortenet-megkinzott-aldozatokrol/	bekezdes	default
1	<p class=kerdes>	9.0	1.0	0.0	https://abcug.hu/simicska-lajos-orban-egy-geci/	bekezdes	default
15	<p class=matrix-item-lead>	56.13333333333333	0.0	56.13333333333333	https://abcug.hu/kozeposztaly/ https://abcug.hu/kozeposztaly/ https://abcug.hu/kozeposztaly/ https://abcug.hu/kozeposztaly/ https://abcug.hu/kozeposztaly/	bekezdes	default
4	<p class=x_MsoNormal>	49.0	0.5	43.75	https://abcug.hu/egyre-eroszakosabban-lepnek-fel-menekulokkel-szemben-hataron/ https://abcug.hu/egyre-eroszakosabban-lepnek-fel-menekulokkel-szemben-hataron/ https://abcug.hu/egyre-eroszakosabban-lepnek-fel-menekulokkel-szemben-hataron/ https://abcug.hu/egyre-eroszakosabban-lepnek-fel-menekulokkel-szemben-hataron/	bekezdes	default
5	<p dir=ltr style=@STYLE>	9.4	2.0	5.2	https://abcug.hu/riport-toldrol-az-igazgyongy-alapitvany-tevekenysegerol/ https://abcug.hu/riport-udvarirol-polgarmester-nelkuli-falurol/ https://abcug.hu/riport-udvarirol-polgarmester-nelkuli-falurol/ https://abcug.hu/riport-udvarirol-polgarmester-nelkuli-falurol/ https://abcug.hu/riport-udvarirol-polgarmester-nelkuli-falurol/	bekezdes	default
653	<p dir=ltr>	42.136294027565086	0.3767228177641654	38.08882082695253	https://abcug.hu/16468-2/ https://abcug.hu/korrupcio-kormanya-ellen-tuntetnek/ https://abcug.hu/16468-2/ https://abcug.hu/100-ezer-forintra-emeli-a-kormany-az-apolasi-dijat/ https://abcug.hu/riport-toldrol-az-igazgyongy-alapitvany-tevekenysegerol/	bekezdes	default
2	<p id=@lbLeadNUM>	27.5	0.5	26.0	https://abcug.hu/magyarorszagon-legalabb-negyezer-ember-alszik-ejszakankent-az-utcan/ https://abcug.hu/ovodalatogatashoz-kotik-csaladi-potlekot/	bekezdes	default
1	<p id=@lbTitleNUM>	20.0	1.0	0.0	https://abcug.hu/tobbet-kapnak-korhazak-az-amputacioert-mint-az-ermutetert/	bekezdes	default
451	<p style=@STYLE>	20.64079822616408	1.2328159645232817	10.405764966740577	https://abcug.hu/milyen-az-elet-az-orszag-legnagyobb-nyomortelepen/ https://abcug.hu/vakkent-elni-allando-agymunka/ https://abcug.hu/lehetnek-professzor-neki-csak-egy-cigany-vagyok/ https://abcug.hu/budapesti-tuntetes-kepekben/ https://abcug.hu/lelkemben-nem-ereztem-karacsonyi-hangulatot/	bekezdes	default
38346	<p>	47.890366661451	0.5805820685338757	34.447660772961974	https://abcug.hu/nagy-arat-fizet-jozsef-gyerekei-turo-rudijaret/ https://abcug.hu/allando-buntudatot-okoz-noverhivo-megnyomasa/ https://abcug.hu/erdon-mezon-bogracsoznak-az-ehes-hajlektalanok/ https://abcug.hu/a-fidesz-szerint-soros-gyorgy-penzeli-a-menekulteken-segitoket/ https://abcug.hu/elete-vegeig-bortonben-marad-az-aroktoi-banda/	bekezdes	default
77	<p class=keretes>	22.545454545454547	0.7532467532467533	16.038961038961038	https://abcug.hu/nincs-aki-megmentene-az-ongyilkossagtol-az-idos-embereket/ https://abcug.hu/eddig-is-hajlektalan-voltam-de-most-leszek-csak-igazan-az/ https://abcug.hu/470-et-adott-es-csak-egy-kicsit-fojtogatott/ https://abcug.hu/vannak-nagyon-kemeny-szegyenfoltok-ha-nokent-drogozol/ https://abcug.hu/felirtak-anyunak-a-pelenkat-es-annyi/	bekezdes;doboz	default
2	<h1 class=@NUM>	1.5	1.5	0.0	https://abcug.hu/lebontani-mindent-mintha-nem-is-letezett-volna/ https://abcug.hu/lebontani-mindent-mintha-nem-is-letezett-volna/	cimsor	default
4	<h1>	1.0	0.25	0.5	https://abcug.hu/nemcsak-kicsiszolni-hanem-a-melyere-nyulni/ https://abcug.hu/videken-mar-azt-mondjak-rank-uri-nepseg/ https://abcug.hu/videken-mar-azt-mondjak-rank-uri-nepseg/ https://abcug.hu/a-karacsonyi-langszoro-nem-fel-semmitol/	cimsor	default
25	<h2 class=@gmailNUM>	4.36	1.52	0.0	https://abcug.hu/hencidarol-indult-parizsba-keszul-az-egyetlen-roma-pannonhalmi-bences-diak/ https://abcug.hu/tobb-tizezren-keseregtek-a-fidesz-gyozelmen/ https://abcug.hu/tiz-osztalynyi-diaknak-nem-maradt-hely-halaszteleki-iskolaban/ https://abcug.hu/tiz-osztalynyi-diaknak-nem-maradt-hely-halaszteleki-iskolaban/ https://abcug.hu/tiz-osztalynyi-diaknak-nem-maradt-hely-halaszteleki-iskolaban/	cimsor	default
24	<h2 class=@LONG>	5.125	1.3333333333333333	0.0	https://abcug.hu/parizsig-kellett-mennie-hogy-ne-egy-roma-legyen/ https://abcug.hu/az-ingyen-tankonyvvel-csak-zurzavart-okozott-kormany-az-iskolakban/ https://abcug.hu/parizsig-kellett-mennie-hogy-ne-egy-roma-legyen/ https://abcug.hu/eselyuk-sincs-a-menekult-gyerekeknek-hogy-bizonyitsanak/ https://abcug.hu/az-ingyen-tankonyvvel-csak-zurzavart-okozott-kormany-az-iskolakban/	cimsor	default
1	<h2 class=@NUM @NUM @NUM>	3.0	0.0	3.0	https://abcug.hu/ezt-a-momentumos-duracell-nyuszit-meg-barki-utoleri/	cimsor	default
456	<h2 class=@NUM>	4.975877192982456	1.7828947368421053	0.15789473684210525	https://abcug.hu/ha-egyetemistakent-jon-egy-irani-az-mar-nem-zavarja-kormanyt/ https://abcug.hu/eselyuk-sincs-a-menekult-gyerekeknek-hogy-bizonyitsanak/ https://abcug.hu/az-ingyen-tankonyvvel-csak-zurzavart-okozott-kormany-az-iskolakban/ https://abcug.hu/ha-egyetemistakent-jon-egy-irani-az-mar-nem-zavarja-kormanyt/ https://abcug.hu/tiz-osztalynyi-diaknak-nem-maradt-hely-halaszteleki-iskolaban/	cimsor	default
1	<h2 class=mceTemp>	5.0	0.0	5.0	https://abcug.hu/unios-es-arpad-savos-zaszlok-alatt-vonulnak-orban-ellen/	cimsor	default
1	<h2 dir=ltr>	2.0	0.0	2.0	https://abcug.hu/nagyon-oda-kell-most-figyelni-a-hos-utcara/	cimsor	default
1248	<h2>	5.4735576923076925	0.37259615384615385	3.4326923076923075	https://abcug.hu/mindig-legokosabb-csaladtagot-kuldik-elore-kivandorlo-romak/ https://abcug.hu/sziriai-gamer-jatekot-csinalt-sajat-menekulesebol/ https://abcug.hu/elkezdtek-nem-tantargyakban-gondolkodni-a-reformatus-iskolak/ https://abcug.hu/inkabb-megadom-magam-a-kormanynak-mielott-kivegeznenek/ https://abcug.hu/fogalmunk-sincs-mihez-kezdjunk-a-wizzair-generacioval/	cimsor	default
6	<h3 class=@gmailNUM>	5.666666666666667	1.5	0.0	https://abcug.hu/hiaba-dicsekszik-a-kormany-szep-lassan-leepulnek-az-ovodak-is/ https://abcug.hu/hiaba-dicsekszik-a-kormany-szep-lassan-leepulnek-az-ovodak-is/ https://abcug.hu/szetszedtek-a-jozsefvarosi-szulok-a-gorogkatolikusokat/ https://abcug.hu/hiaba-dicsekszik-a-kormany-szep-lassan-leepulnek-az-ovodak-is/ https://abcug.hu/szetszedtek-a-jozsefvarosi-szulok-a-gorogkatolikusokat/	cimsor	default
6	<h3 class=@LONG>	5.833333333333333	1.0	0.0	https://abcug.hu/gyogyszerekkel-tartjak-kordaban-a-gyermekvedelemben-elo-psziches-beteg-gyerekeket/ https://abcug.hu/gyogyszerekkel-tartjak-kordaban-a-gyermekvedelemben-elo-psziches-beteg-gyerekeket/ https://abcug.hu/gyogyszerekkel-tartjak-kordaban-a-gyermekvedelemben-elo-psziches-beteg-gyerekeket/ https://abcug.hu/gyogyszerekkel-tartjak-kordaban-a-gyermekvedelemben-elo-psziches-beteg-gyerekeket/ https://abcug.hu/gyogyszerekkel-tartjak-kordaban-a-gyermekvedelemben-elo-psziches-beteg-gyerekeket/	cimsor	default
43	<h3 class=@NUM>	5.558139534883721	1.5813953488372092	0.46511627906976744	https://abcug.hu/hiaba-dicsekszik-a-kormany-szep-lassan-leepulnek-az-ovodak-is/ https://abcug.hu/gyogyszerekkel-tartjak-kordaban-a-gyermekvedelemben-elo-psziches-beteg-gyerekeket/ https://abcug.hu/gyogyszerekkel-tartjak-kordaban-a-gyermekvedelemben-elo-psziches-beteg-gyerekeket/ https://abcug.hu/gyogyszerekkel-tartjak-kordaban-a-gyermekvedelemben-elo-psziches-beteg-gyerekeket/ https://abcug.hu/hiaba-dicsekszik-a-kormany-szep-lassan-leepulnek-az-ovodak-is/	cimsor	default
7	<h3 dir=ltr>	5.857142857142857	0.2857142857142857	4.0	https://abcug.hu/sztrajkolnak-tanarok-de-ha-lehet-titokban/ https://abcug.hu/riport-toldrol-az-igazgyongy-alapitvany-tevekenysegerol/ https://abcug.hu/riport-toldrol-az-igazgyongy-alapitvany-tevekenysegerol/ https://abcug.hu/mar-a-buktatashoz-is-faradtak-a-tanarok/ https://abcug.hu/sztrajkolnak-tanarok-de-ha-lehet-titokban/	cimsor	default
3	<h3 style=@STYLE>	4.666666666666667	0.0	4.666666666666667	https://abcug.hu/buta-utasitgatasok-viszik-sirba-az-iskolakat/ https://abcug.hu/buta-utasitgatasok-viszik-sirba-az-iskolakat/ https://abcug.hu/mitol-nem-lesz-a-parlament-ferfioltozo/	cimsor	default
558	<h3>	6.510752688172043	0.1935483870967742	5.224014336917563	https://abcug.hu/videken-mar-azt-mondjak-rank-uri-nepseg/ https://abcug.hu/magyarok-jol-jarnak-az-osztrak-menekultbiznisszel/ https://abcug.hu/bucsu-az-abcugtol/ https://abcug.hu/rafagytak-soros-penzcsapra-es-nem-tudtak-lejonni-rola/ https://abcug.hu/leszamolna-a-szegyellt-multtal-a-gettos-srac/	cimsor	default
2	<h4 class=@gmailNUM>	4.0	1.0	0.0	https://abcug.hu/jobbak-mint-az-allami-megsem-kapnak-eleg-penzt-csaladi-bolcsodek/ https://abcug.hu/jobbak-mint-az-allami-megsem-kapnak-eleg-penzt-csaladi-bolcsodek/	cimsor	default
179	<h4 class=@NUM>	7.575418994413408	1.8212290502793296	0.0	https://abcug.hu/jobbak-mint-az-allami-megsem-kapnak-eleg-penzt-csaladi-bolcsodek/ https://abcug.hu/jobbak-mint-az-allami-megsem-kapnak-eleg-penzt-csaladi-bolcsodek/	cimsor	default
25	<h4>	15.68	0.88	6.92	https://abcug.hu/jatszoterekkel-es-start-upokkal-hoditana-videken-a-momentum/ https://abcug.hu/mint-a-capa-fogai-ugy-valtjak-egymast-az-uzsorasok/ https://abcug.hu/mint-a-capa-fogai-ugy-valtjak-egymast-az-uzsorasok/ https://abcug.hu/a-jo-szegenyekkel-a-gazdak-is-jok/ https://abcug.hu/mint-a-capa-fogai-ugy-valtjak-egymast-az-uzsorasok/	cimsor	default
15	<p class=matrix-item-title>	2.8666666666666667	0.9333333333333333	2.8666666666666667	https://abcug.hu/kozeposztaly/ https://abcug.hu/kozeposztaly/ https://abcug.hu/kozeposztaly/ https://abcug.hu/kozeposztaly/ https://abcug.hu/kozeposztaly/	cimsor	default
302	<span class=Apple-converted-space>	0.056291390728476824	0.0	0.056291390728476824	https://abcug.hu/allasborzen-toboroz-vasutast-es-rendort-az-allam/ https://abcug.hu/ciganygyulekezetben-erdem-hazi-feladatot-kapni/ https://abcug.hu/felnek-a-menekultek-hogy-elveszitik-azt-a-keveset-is/ https://abcug.hu/szalkak-akarunk-lenni-a-hatalom-szemeben/ https://abcug.hu/csak-pszichest-ne-kuldjenek/	decompose	default
2053	<0_MDESC_a data-slb-active=@NUM data-slb-asset=@NUM data-slb-group=@NUM href=@LINK title=@title>	0.0063321967851924016	0.9990258158792011	0.0063321967851924016	https://abcug.hu/ukrajnabol-menekulo-magyarok-leptek-el-egy-kis-szabolcsi-falut/ https://abcug.hu/szazak-alltak-ki-a-telekis-iskolaigazgato-mellett/ https://abcug.hu/meginditottak-az-afgan-fiut-a-jolelku-szegediek/ https://abcug.hu/nyert-az-allami-gondozott-tinedzser-aki-beperelte-gyamhivatalt/ https://abcug.hu/volt-mar-itt-kerites-korabban-is/	default	default
1	<0_MDESC_a href=@LINK rel=nofollow>	1.0	0.0	1.0	https://abcug.hu/bucsu-az-abcugtol/	default	default
3	<0_MDESC_a href=@LINK rel=noopener noreferrer target=@target>	4.333333333333333	0.3333333333333333	4.333333333333333	https://abcug.hu/mint-a-capa-fogai-ugy-valtjak-egymast-az-uzsorasok/ https://abcug.hu/mint-a-capa-fogai-ugy-valtjak-egymast-az-uzsorasok/ https://abcug.hu/mint-a-capa-fogai-ugy-valtjak-egymast-az-uzsorasok/	default	default
6	<0_MDESC_a href=@LINK rel=noopener target=@target>	3.0	0.0	3.0	https://abcug.hu/civilek-menjenek-oda-az-emberekhez-es-mondjak-el-mire-jok/ https://abcug.hu/sorosek-videken-szallnak-szembe-kormannyal/ https://abcug.hu/gyerekek-vernek-el-szazezreket-kutyure-tilos-de-kit-erdekel/ https://abcug.hu/civilek-menjenek-oda-az-emberekhez-es-mondjak-el-mire-jok/ https://abcug.hu/gyerekek-vernek-el-szazezreket-kutyure-tilos-de-kit-erdekel/	default	default
26	<0_MDESC_a href=@LINK target=@target>	3.1923076923076925	0.038461538461538464	3.1923076923076925	https://abcug.hu/a-vevok-elott-soporte-le-a-polcrol-az-osszes-arut-amit-kiraktam/ https://abcug.hu/az-iskola-vegignezte-hogy-egy-idosebb-fiu-hasznalta/ https://abcug.hu/egy-11-eves-kislany-magatol-nem-szop-le-egy-13-eves-kisfiut-2/ https://abcug.hu/vallalkozoi-szellem-a-magyar-iskolakban/ https://abcug.hu/ha-kipecez-a-fonok-az-nem-diszkriminacio/	default	default
1	<0_MDESC_blockquote>	45.0	1.0	0.0	https://abcug.hu/csokolom-en-most-elmennek-kozosulni/	default	default
2	<0_MDESC_div class=fb-xfbml-parse-ignore>	25.5	1.5	23.5	https://abcug.hu/fidesz-nagyszeru-otlet-fiatalok-drogtesztje/ https://abcug.hu/ezert-kellett-szazmillios-iroda-romak-felzarkozasahoz/	default	default
1	<0_MDESC_em>	2.0	0.0	2.0	https://abcug.hu/a-jo-szegenyekkel-a-gazdak-is-jok/	default	default
433	<0_MDESC_figcaption class=wp-caption-text gallery-caption id=@galleryNUM>	9.963048498845266	0.0	9.963048498845266	https://abcug.hu/egy-kis-alfoldi-falu-lett-az-uj-plattensee/ https://abcug.hu/minek-ide-onkentes-110-szazalekos-kozmunka/ https://abcug.hu/attol-hogy-jozan-lettem-kint-az-elet-ugyanolyan-szar-tud-lenni/ https://abcug.hu/tobb-szazezren-vannak-megsem-sem-beszelunk-az-alkoholista-szulok-gyerekeirol/ https://abcug.hu/kongoi-kick-box-mester-bekiti-a-romakat-es-a-nem-romakat-tiszavasvariban/	default	default
4141	<0_MDESC_figcaption class=wp-caption-text>	11.93021009418015	0.06544312967882154	11.82129920309104	https://abcug.hu/szeretetbol-tobb-mindent-megcsinalnak-mint-felelembol/ https://abcug.hu/lehet-hogy-tenyleg-nem-ide-tartozom/ https://abcug.hu/kereples-es-futtykoncert-nyomta-el-orban-marcius-15-i-beszedet/ https://abcug.hu/indul-a-masodik-tuntetes-a-demokraciaert/ https://abcug.hu/az-arokparton-kezeli-a-megeroszakolt-kislanyokat/	default	default
1	<0_MDESC_p dir=ltr lang=de>	15.0	2.0	13.0	https://abcug.hu/akar-otven-ember-is-meghalhatott-egy-magyar-teherautoban/	default	default
1	<0_MDESC_p dir=ltr lang=en>	20.0	3.0	17.0	https://abcug.hu/biatorbagyon-tul-jarnak-mar-a-becsbe-menetelo-menekultek/	default	default
1	<0_MDESC_p dir=ltr lang=hu>	6.0	1.0	5.0	https://abcug.hu/kereples-es-futtykoncert-nyomta-el-orban-marcius-15-i-beszedet/	default	default
5	<0_MDESC_p dir=ltr lang=und>	1.0	1.0	0.0	https://abcug.hu/kereples-es-futtykoncert-nyomta-el-orban-marcius-15-i-beszedet/ https://abcug.hu/kereples-es-futtykoncert-nyomta-el-orban-marcius-15-i-beszedet/ https://abcug.hu/kereples-es-futtykoncert-nyomta-el-orban-marcius-15-i-beszedet/ https://abcug.hu/kereples-es-futtykoncert-nyomta-el-orban-marcius-15-i-beszedet/ https://abcug.hu/kereples-es-futtykoncert-nyomta-el-orban-marcius-15-i-beszedet/	default	default
167	<0_MDESC_p>	22.07185628742515	3.0059880239520957	17.473053892215567	https://abcug.hu/tuntetes-jozsef-nador-teren/ https://abcug.hu/tuntetesek-percrol-percre/ https://abcug.hu/tuntetesek-percrol-percre/ https://abcug.hu/tuntetesek-percrol-percre/ https://abcug.hu/tuntetes-jozsef-nador-teren/	default	default
2	<0_MDESC_span class=@NUM>	51.5	0.0	51.5	https://abcug.hu/ugy-indult-itt-az-elso-nagypalyas-merkozesem-hogy-birot-meg-akartak-verni-focistaim/ https://abcug.hu/ugy-indult-itt-az-elso-nagypalyas-merkozesem-hogy-birot-meg-akartak-verni-focistaim/ https://abcug.hu/ledozerolni-keszultek-de-inkabb-felujitanak-ket-salgotarjani-telepet/	default	default
3	<0_MDESC_span style=@STYLE>	28.333333333333332	0.0	28.333333333333332	https://abcug.hu/hogy-futja-47-ezerbol-cigire-es-kolara/ https://abcug.hu/hogy-futja-47-ezerbol-cigire-es-kolara/ https://abcug.hu/15-ev-utan-ujra-eliteltek-burkaekat/ https://abcug.hu/hogy-futja-47-ezerbol-cigire-es-kolara/	default	default
40	<0_MDESC_strong>	03.05	0.075	2.625	https://abcug.hu/a-karacsonyi-langszoro-nem-fel-semmitol/ https://abcug.hu/kinyitottak-kaput-es-kuldtek-kutyakat/ https://abcug.hu/a-karacsonyi-langszoro-nem-fel-semmitol/ https://abcug.hu/a-karacsonyi-langszoro-nem-fel-semmitol/ https://abcug.hu/forradalomban-nem-szamit-ki-cigany/	default	default
1	<a class=matrix-item matrix-title href=@LINK>	89.0	3.0	0.0	https://abcug.hu/kozeposztaly/	default	default
1	<div class=ajR data-tooltip=Kibontott tartalom elrejtÃ©se id=:248 tabindex=@NUM>	53.0	1.0	53.0	https://abcug.hu/csak-a-paksi-deneverek-kimentesere-van-otlete-a-kormanynak/	default	default
1	<div class=text_exposed_root text_exposed id=@NUM>	215.0	7.0	0.0	https://abcug.hu/gyerekbantalmazas-miatt-tettek-feljelentest-egy-tornatanar-ellen/	default	default
1	<div class=x_gmail_extra>	708.0	19.0	0.0	https://abcug.hu/bezarjak-szegregalo-iskolat-de-mi-lesz-gyerekekkel/	default	default
2	<span class=mce_SELRES_start data-mce-type=bookmark style=@STYLE>	1.0	0.0	1.0	https://abcug.hu/semmit-nem-jelentenek-a-megemlekezesek-a-romagyilkossagok-tuleloinek/ https://abcug.hu/szuletesekor-lemondtak-rola-az-orvosok-ma-a-paralimpiara-keszul/	default	default
1	<sup>	21.0	0.0	21.0	https://abcug.hu/semmit-nem-jelentenek-a-megemlekezesek-a-romagyilkossagok-tuleloinek/	default	default
5	<a class=matrix-item txt href=@LINK>	57.2	4.0	0.0	https://abcug.hu/kozeposztaly/ https://abcug.hu/kozeposztaly/ https://abcug.hu/kozeposztaly/ https://abcug.hu/kozeposztaly/ https://abcug.hu/kozeposztaly/	doboz	default
9	<a class=matrix-item vid href=@LINK>	56.666666666666664	4.0	0.0	https://abcug.hu/kozeposztaly/ https://abcug.hu/kozeposztaly/ https://abcug.hu/kozeposztaly/ https://abcug.hu/kozeposztaly/ https://abcug.hu/kozeposztaly/	doboz	default
104	<div class=keretes>	40.93269230769231	1.7019230769230769	16.221153846153847	https://abcug.hu/tobb-szazezren-vannak-megsem-sem-beszelunk-az-alkoholista-szulok-gyerekeirol/ https://abcug.hu/a-legkisebb-falvakban-eloknek-is-kiutat-mutat-a-fuggosegbol/ https://abcug.hu/szuletesekor-lemondtak-rola-az-orvosok-ma-a-paralimpiara-keszul/ https://abcug.hu/elkezdtek-nem-tantargyakban-gondolkodni-a-reformatus-iskolak/ https://abcug.hu/az-eletemet-kaptam-vissza-a-zugolydaban/	doboz	default
1	<span class=@NUM keretes>	63.0	0.0	63.0	https://abcug.hu/mitol-duhodtek-be-a-kivandorolt-romanok/	doboz	default
3	<span class=keretes style=@STYLE>	71.33333333333333	0.3333333333333333	71.0	https://abcug.hu/bevallaltak-hogy-mindenuket-feladjak-szuleikert/ https://abcug.hu/bevallaltak-hogy-mindenuket-feladjak-szuleikert/ https://abcug.hu/balatonban-az-jo-hogy-nem-kell-benne-felni/	doboz	default
1	<span class=keretes-jobb keretes style=@STYLE>	64.0	0.0	64.0	https://abcug.hu/elmeletben-voltam-meleg-ugy-eltunk-mint-egy-hazaspar/	doboz	default
2	<em style=@STYLE>	17.5	0.5	2.0	https://abcug.hu/vegleg-elengedte-az-eluzott-szamozott-utcaiak-kezet-miskolc-onkormanyzata/ https://abcug.hu/sehol-nem-jut-hely-egy-latasserult-gyereknek/	dolt	default
686	<em>	14.167638483965014	0.2434402332361516	12.615160349854227	https://abcug.hu/sehol-nem-jut-hely-egy-latasserult-gyereknek/ https://abcug.hu/ezeknel-van-aram-ezek-jol-elnek/ https://abcug.hu/migransok-es-felesleges-korhazi-agyak-fenyegetik-a-magyarokat/ https://abcug.hu/a-kozmunkasok-szavazatait-fenyegetessel-megszerzo-politikus-ket-legyet-ut-egy-csapasra/ https://abcug.hu/nem-akarnak-utni-ezert-fordulnak-segitsegert-a-bantalmazott-ferfiak/	dolt	default
2	<i style=@STYLE>	4.5	0.0	4.5	https://abcug.hu/mitol-duhodtek-be-a-kivandorolt-romanok/ https://abcug.hu/pont-ugy-mukodnek-az-uj-tanodak-amitol-ova-intettek-oket/	dolt	default
420	<i>	22.40714285714286	0.4119047619047619	12.480952380952381	https://abcug.hu/maganeletenek-reszleteivel-probaltak-egyuttmukodesre-birni-egy-magyar-ujsagirot/ https://abcug.hu/ido-kell-hogy-eltunjon-a-kepzeletbeli-uvegplafon-a-kanadai-roma-diakok-feje-folul/ https://abcug.hu/nem-tudnak-mit-kezdeni-a-gyermekotthonok-a-drogproblemaval/ https://abcug.hu/azt-kerem-a-fogtundertol-anya-ne-irjon-tobb-portfoliot/ https://abcug.hu/mozgasserultek-szazezrei-elhetnenek-onalloan-ha-hagynak/	dolt	default
7	<em class=keretes>	10.857142857142858	0.8571428571428571	7.428571428571429	https://abcug.hu/elmeletben-voltam-meleg-ugy-eltunk-mint-egy-hazaspar/ https://abcug.hu/10-12-ora-alatt-nehez-surgossegit-meguszni/ https://abcug.hu/10-12-ora-alatt-nehez-surgossegit-meguszni/ https://abcug.hu/mintha-a-don-kanyarbol-jottek-volna-vissza-a-gyerekek/ https://abcug.hu/kameraval-figyelik-meg-rabok-ugyvedjeit-miskolci-bortonben/	dolt;doboz	default
23	<b class=kiemelt>	18.608695652173914	0.0	18.608695652173914	https://abcug.hu/honapok-ota-gornyednek-sorpadokon-a-halasztelki-iskolasok/ https://abcug.hu/lazadok-azok-akik-nem-fuggenek/ https://abcug.hu/mozgasserultek-szazezrei-elhetnenek-onalloan-ha-hagynak/ https://abcug.hu/celtalan-varakozas-nyomoritja-a-menekultek-lelket-a-gorog-szigeteken/ https://abcug.hu/a-legmenobb-budapesti-helyekre-jarnak-az-elso-autista-es-aspergeres-futarok/	felkover	default
3	<b id=@LONG>	35.333333333333336	0.0	35.333333333333336	https://abcug.hu/100-ezer-forintra-emeli-a-kormany-az-apolasi-dijat/ https://abcug.hu/nyilt-levelben-zaklatta-romakat-polgarmester/ https://abcug.hu/nyilt-levelben-zaklatta-romakat-polgarmester/	felkover	default
12	<b style=@STYLE>	12.0	0.0	12.0	https://abcug.hu/a-gimnazium-akkor-jo-ha-sikerrel-dobbantanak-onnan-kulfoldre-a-diakok/ https://abcug.hu/abnormalis-de-kenytelenek-vagyunk-kulfoldieket-felvenni/ https://abcug.hu/epp-csak-azt-nem-adja-magyar-iskola-ami-boldogulashoz-kell/ https://abcug.hu/az-egymillio-dollaros-kerdes-hogyan-fognak-eljutni-a-civilek-az-emberekhez/ https://abcug.hu/eselyuk-sincs-a-menekult-gyerekeknek-hogy-bizonyitsanak/	felkover	default
2088	<b>	16.816570881226053	0.020593869731800767	16.754789272030653	https://abcug.hu/tordai-peter-jol-szervezett-cselnek-nevezte-visszahivasat/ https://abcug.hu/ezekrol-gyerekekrol-mar-lemondott-hatalom/ https://abcug.hu/barna-vagyok-de-ismerkednek/ https://abcug.hu/milliardokat-olnek-bele-de-csak-pillanatnyi-javulast-hoznak-gyerekesely-programok/ https://abcug.hu/lehetnek-professzor-neki-csak-egy-cigany-vagyok/	felkover	default
3	<h5 class=@NUM>	13.666666666666666	1.6666666666666667	0.0	https://abcug.hu/ezt-a-momentumos-duracell-nyuszit-meg-barki-utoleri/ https://abcug.hu/ezt-a-momentumos-duracell-nyuszit-meg-barki-utoleri/ https://abcug.hu/ezt-a-momentumos-duracell-nyuszit-meg-barki-utoleri/	felkover	default
1	<h5 style=@STYLE>	29.0	0.0	29.0	https://abcug.hu/mitol-nem-lesz-a-parlament-ferfioltozo/	felkover	default
199	<h5>	21.231155778894472	0.07537688442211055	20.2964824120603	https://abcug.hu/koszi-de-az-allam-ne-nezze-hulyenek-a-gyerekemet/ https://abcug.hu/hatvan-evig-birta-aztan-megszaladt-a-kes/ https://abcug.hu/rogan-szerint-uresek-a-menekulttaborok-a-szamok-szerint-nem/ https://abcug.hu/leszamolna-a-szegyellt-multtal-a-gettos-srac/ https://abcug.hu/ne-kerjen-segelyt-ugysincs-ra-penz/	felkover;bekezdes	default
2	<strong class=kiemelt>	20.0	0.0	20.0	https://abcug.hu/alamizsna-helyett-cserelakast-is-kaphatnanak-a-hos-utcai-tulajdonosok/ https://abcug.hu/tobb-halapenz-tobb-meginditott-szules-es-csaszarmetszes/	felkover	default
22	<strong style=@STYLE>	25.136363636363637	0.13636363636363635	19.818181818181817	https://abcug.hu/meg-varni-kell-hogy-beerjen-a-kormany-oktataspolitikaja/ https://abcug.hu/meg-varni-kell-hogy-beerjen-a-kormany-oktataspolitikaja/ https://abcug.hu/meg-varni-kell-hogy-beerjen-a-kormany-oktataspolitikaja/ https://abcug.hu/bezarjak-szegregalo-iskolat-de-mi-lesz-gyerekekkel/ https://abcug.hu/a-kortarsak-nyomasara-az-a-gyerek-is-ciganyellenes-lesz-akinek-semmi-baja-a-romakkal/	felkover	default
6239	<strong>	21.664048725757333	0.11492226318320244	20.263022920339797	https://abcug.hu/orban-durvan-raijesztett-baloldali-varosokra/ https://abcug.hu/csak-az-ugyintezon-mulik-hogy-egy-meleg-par-orokbe-fogadhat-e/ https://abcug.hu/hiaba-a-balaton-sound-most-a-pride-volt-a-legnagyobb-fesztival/ https://abcug.hu/pun-haboru-helyett-hitelt-szamolnanak-diakok/ https://abcug.hu/bereljen-ki-egy-ex-drogost-fel-orara/	felkover	default
297	<div class=gallery @galleryidNUM @galleryNUM @STYLE id=@galleryNUM>	14.525252525252526	8.35016835016835	0.0	https://abcug.hu/losonci-teri-iskola/ https://abcug.hu/a-fohost-nezve-elszegyelltem-magam-hogy-nem-igyekszem-elegge/ https://abcug.hu/nekem-ez-a-nehany-negyzetmeter-a-szabadsagomat-jelenti/ https://abcug.hu/kinyilnak-a-tiszavasvari-roma-gyerekek-ha-romani-nyelven-is-megszolalhatnak-az-oran/ https://abcug.hu/a-fohost-nezve-elszegyelltem-magam-hogy-nem-igyekszem-elegge/	galeria	default
551	<0_MDESC_a href=@LINK>	1.5607985480943738	0.016333938294010888	1.5607985480943738	https://abcug.hu/tuntetesek-percrol-percre/ https://abcug.hu/tuntetes-jozsef-nador-teren/ https://abcug.hu/sajtofoto-dijat-nyert-az-abcug-munkatarsa-2/ https://abcug.hu/tuntetes-jozsef-nador-teren/ https://abcug.hu/tuntetes-jozsef-nador-teren/	hivatkozas	href
1	<a class=@LONG href=@LINK id=@LONG rel=noopener noreferrer target=@target>	1.0	0.0	1.0	https://abcug.hu/csak-a-kepzettsegukon-aluli-munka-jut-az-allaskereso-otveneseknek/	hivatkozas	href
2	<a data-lynx-mode=asynclazy data-lynx-uri=@LINK href=@LINK rel=noopener nofollow style=@STYLE target=@target>	8.0	0.0	8.0	https://abcug.hu/az-abcug-munkatarsai-kaptak-az-oktoberi-minosegi-ujsagirasert-dijat/ https://abcug.hu/az-abcug-munkatarsai-kaptak-az-oktoberi-minosegi-ujsagirasert-dijat/	hivatkozas	href
1	<a data-lynx-mode=asynclazy data-lynx-uri=@LINK href=@LINK rel=noopener nofollow target=@target>	11.0	0.0	11.0	https://abcug.hu/az-abcug-munkatarsai-kaptak-az-oktoberi-minosegi-ujsagirasert-dijat/	hivatkozas	href
1	<a data-lynx-mode=asynclazy href=@LINK rel=noopener nofollow target=@target>	2.0	0.0	2.0	https://abcug.hu/minosegi-ujsagiras-dijat-nyertek-az-abcug-munkatarsai/	hivatkozas	href
12	<a data-mt-detrack-inspected=true data-saferedirecturl=@LINK href=@LINK rel=noopener target=@target>	1.75	0.5	0.8333333333333334	https://abcug.hu/ket-civil-szervezet-kisoprese-csak-egy-momentuma-a-novekvo-bortonszigornak/ https://abcug.hu/ket-civil-szervezet-kisoprese-csak-egy-momentuma-a-novekvo-bortonszigornak/ https://abcug.hu/mindegy-van-e-eleg-ovoneni-ha-par-ora-utan-hazamennek-a-gyerekek/ https://abcug.hu/az-ingyen-tankonyvvel-csak-zurzavart-okozott-kormany-az-iskolakban/ https://abcug.hu/ket-civil-szervezet-kisoprese-csak-egy-momentuma-a-novekvo-bortonszigornak/	hivatkozas	href
1	<a data-recommendation=bekezdes_utan data-recommendation-id=@NUM data-recommendation-preview=@LINK href=@LINK id=@LONG rel=nofollow target=@target title=@title>	2.0	0.0	2.0	https://abcug.hu/az-egesz-osztaly-hianyzik/	hivatkozas	href
7	<a data-recommendation=bekezdes_utan data-recommendation-id=@NUM data-recommendation-preview=@LINK href=@LINK id=@LONG target=@target title=@title>	2.7142857142857144	0.0	2.7142857142857144	https://abcug.hu/mar-szeptembertol-30-percesek-lehetnek-az-alsosok-tanorai/ https://abcug.hu/fizet-az-allam-annak-aki-otthagyja-a-kozmunkat/ https://abcug.hu/mediaworks-megsertette-nepszabadsag-munkavallaloinak-jogait/ https://abcug.hu/24-ora-alatt-keresztulverik-a-ceu-torvenyt/ https://abcug.hu/fizet-az-allam-annak-aki-otthagyja-a-kozmunkat/	hivatkozas	href
1	<a data-recommendation=bekezdes_utan data-recommendation-id=@NUM data-recommendation-preview=@LONG href=@LINK id=@LONG target=@target title=@title>	3.0	0.0	3.0	https://abcug.hu/orban-kedvenceit-gyogyitjak-megis-rettegesben-elnek/	hivatkozas	href
1	<a data-recommendation=jobb_hasab data-recommendation-id=@NUM data-recommendation-preview=@LINK href=@LINK id=@LONG target=@target title=@title>	7.0	0.0	7.0	https://abcug.hu/tiz-ev-fegyhazat-kapott-roszkei-megafonos-szir-ferfi/	hivatkozas	href
10	<a data-saferedirecturl=@LINK href=@LINK rel=noopener noreferrer target=@target>	3.0	0.0	3.0	https://abcug.hu/vakvagtaban-kepzi-milliardokert-az-allam-a-munkanelkulieket/ https://abcug.hu/nagyon-oda-kell-most-figyelni-a-hos-utcara/ https://abcug.hu/tuladagoljak-magukat-es-meg-a-rendoroket-is-rajuk-kuldik/ https://abcug.hu/bucsu-az-abcugtol/ https://abcug.hu/tuladagoljak-magukat-es-meg-a-rendoroket-is-rajuk-kuldik/	hivatkozas	href
2	<a data-saferedirecturl=@LINK href=@LINK rel=noopener style=@STYLE target=@target>	1.0	0.0	1.0	https://abcug.hu/helyi-fideszesek-gyulolkodese-utan-uj-helyet-keres-soros-fele-alapitvany/ https://abcug.hu/helyi-fideszesek-gyulolkodese-utan-uj-helyet-keres-soros-fele-alapitvany/	hivatkozas	href
48	<a data-saferedirecturl=@LINK href=@LINK rel=noopener target=@target>	3.1041666666666665	0.20833333333333334	2.4583333333333335	https://abcug.hu/csernus-doktorral-es-onismereti-treningekkel-mentenek-meg-a-kisgyerekes-anyakat/ https://abcug.hu/nehezen-birkoznak-meg-az-idosotthonok-a-nagybeteg-oregekkel/ https://abcug.hu/csak-megkapta-130-millios-allami-tamogatast-csalo-orvos/ https://abcug.hu/nehezen-birkoznak-meg-az-idosotthonok-a-nagybeteg-oregekkel/ https://abcug.hu/helyi-fideszesek-gyulolkodese-utan-uj-helyet-keres-soros-fele-alapitvany/	hivatkozas	href
5	<a data-saferedirecturl=@LINK href=@LINK target=@target>	2.2	0.0	2.2	https://abcug.hu/kicsinalna-a-ceu-t-a-kormany-uj-javaslata/ https://abcug.hu/csak-elbutulnak-szakmunkasok-kozmunkatol/ https://abcug.hu/tip-top-sportpalyak-lepik-el-sotet-szabolcsot/ https://abcug.hu/pazarolja-kormany-fogyatekosokra-szant-penzeket/ https://abcug.hu/pazarolja-kormany-fogyatekosokra-szant-penzeket/	hivatkozas	href
4	<a data-saferedirecturl=@LINK href=@LINK>	3.0	0.0	3.0	https://abcug.hu/emberi-jogokat-sert-a-kormany-uj-menekultugyi-torvenye/ https://abcug.hu/emberi-jogokat-sert-a-kormany-uj-menekultugyi-torvenye/ https://abcug.hu/emberi-jogokat-sert-a-kormany-uj-menekultugyi-torvenye/ https://abcug.hu/politikai-okok-miatt-furtak-meg-helsinki-nepszavazasos-bulijat/	hivatkozas	href
3	<a data-slb-active=@NUM data-slb-asset=@NUM data-slb-group=@NUM href=@LINK>	2.0	0.0	2.0	https://abcug.hu/blokkolna-a-tulhatalmi-torekveseket-ha-atmenne-az-uj-valasztasi-rendszer/ https://abcug.hu/meg-konyhabol-kiengedik-noket-csak-szuljenek-mar/ https://abcug.hu/meg-konyhabol-kiengedik-noket-csak-szuljenek-mar/	hivatkozas	href
5	<a href=@LINK id=@LONG rel=nofollow noopener noreferrer target=@target>	3.8	0.0	3.8	https://abcug.hu/az-ongyilkossagi-kiserletek-mogott-kevesebb-halalvagy-van-mint-gondolnank/ https://abcug.hu/az-ongyilkossagi-kiserletek-mogott-kevesebb-halalvagy-van-mint-gondolnank/ https://abcug.hu/futtattak-majd-eladtak-a-szeretetehes-allami-gondozott-kamaszlanyt/ https://abcug.hu/habony-arpad-vinne-a-slager-fm-et-is/ https://abcug.hu/24-ora-alatt-keresztulverik-a-ceu-torvenyt/	hivatkozas	href
6	<a href=@LINK id=@LONG rel=nofollow noopener target=@target>	2.5	0.0	2.5	https://abcug.hu/bekemenettel-es-diaktuntetessel-unnepel-az-orszag/ https://abcug.hu/bekemenettel-es-diaktuntetessel-unnepel-az-orszag/ https://abcug.hu/bekemenettel-es-diaktuntetessel-unnepel-az-orszag/ https://abcug.hu/bekemenettel-es-diaktuntetessel-unnepel-az-orszag/ https://abcug.hu/allami-gondozottakra-fogyatekosokra-csap-le-leggyakrabban-a-szexmaffia/	hivatkozas	href
24	<a href=@LINK id=@LONG rel=nofollow target=@target>	3.6666666666666665	0.0	3.6666666666666665	https://abcug.hu/horogkeresztet-fujtak-egy-roma-csalad-hazara/ https://abcug.hu/megkezdte-tisztogatast-mediaworks/ https://abcug.hu/meszaros-lorinc-kozeli-opimus-megvette-nepszabadsag-kiadojat/ https://abcug.hu/meszaros-lorinc-kozeli-opimus-megvette-nepszabadsag-kiadojat/ https://abcug.hu/bakondi-szerint-civil-szervezet-biztatasara-jonnek-bevandorlok-szerbiabol/	hivatkozas	href
14	<a href=@LINK id=@LONG target=@target title=@title>	2.7142857142857144	0.0	2.7142857142857144	https://abcug.hu/tiz-ev-fegyhazat-kapott-roszkei-megafonos-szir-ferfi/ https://abcug.hu/az-egesz-osztaly-hianyzik/ https://abcug.hu/bakancstalp-nyoma-volt-bortonorok-altal-megvert-rab-arcan/ https://abcug.hu/fizet-az-allam-annak-aki-otthagyja-a-kozmunkat/ https://abcug.hu/bakondi-szerint-civil-szervezet-biztatasara-jonnek-bevandorlok-szerbiabol/	hivatkozas	href
28	<a href=@LINK id=@LONG target=@target>	3.2857142857142856	0.0	3.2857142857142856	https://abcug.hu/ujra-kell-kezdeni-vorosiszap-pert/ https://abcug.hu/tomegesen-verik-a-menekulteket-a-magyar-egyenruhasok-a-hataron/ https://abcug.hu/24-ora-alatt-keresztulverik-a-ceu-torvenyt/ https://abcug.hu/ujra-kell-kezdeni-vorosiszap-pert/ https://abcug.hu/megiscsak-kiszabadulnak-megnyomorodott-roszkei-menedekkerok/	hivatkozas	href
3	<a href=@LINK id=@LONG>	2.3333333333333335	0.0	2.3333333333333335	https://abcug.hu/kozmedia-helyett-kormanymedia-van-magyarorszagon/ https://abcug.hu/kozmedia-helyett-kormanymedia-van-magyarorszagon/ https://abcug.hu/kozmedia-helyett-kormanymedia-van-magyarorszagon/	hivatkozas	href
24	<a href=@LINK rel=nofollow noopener noreferrer style=@STYLE target=@target>	2.6666666666666665	0.0	2.6666666666666665	https://abcug.hu/hiaba-rugdossak-problemas-gyerekeket-kizuhannak-az-oktatasbol/ https://abcug.hu/mas-talan-viszolyog-egy-hepatitisszel-fertozott-drogfuggotol/ https://abcug.hu/megvagjak-a-kozmunkat-milliardokat-dobnak-a-dolgozo-csaladokhoz/ https://abcug.hu/leepul-a-demokracia-duzzad-a-bunteto-allam/ https://abcug.hu/valasztaniuk-kell-egyenek-vagy-futsenek/	hivatkozas	href
30	<a href=@LINK rel=nofollow noopener style=@STYLE target=@target>	1.0	0.0	1.0	https://abcug.hu/ha-penzt-akar-inkabb-menjen-a-helpdeskre-mint-a-katedrara/ https://abcug.hu/orokre-palyakezdo-marad-akinek-nincs-szerencseje/ https://abcug.hu/inkabb-egymast-bantjak-menekultek-mint-nemeteket/ https://abcug.hu/nincs-sok-haszna-a-nyomortelepekre-koltott-milliardoknak/ https://abcug.hu/mit-adott-orban-kemenyen-dolgozo-kisembereknek/	hivatkozas	href
42	<a href=@LINK rel=nofollow style=@STYLE target=@target>	3.2142857142857144	0.0	3.2142857142857144	https://abcug.hu/orban-viktor-mindenkit-lenyom-a-teveben/ https://abcug.hu/orban-viktor-mindenkit-lenyom-a-teveben/ https://abcug.hu/az-orszag-ket-szelen-egyaltalan-nincs-haziorvos/ https://abcug.hu/orban-viktor-mindenkit-lenyom-a-teveben/ https://abcug.hu/orban-viktor-mindenkit-lenyom-a-teveben/	hivatkozas	href
6	<a href=@LINK rel=noopener noreferrer style=@STYLE target=@target>	2.5	0.0	2.5	https://abcug.hu/egy-stadion-araba-kerulne-hogy-az-emberek-ne-legyenek-negy-fal-koze-zarva/ https://abcug.hu/egy-stadion-araba-kerulne-hogy-az-emberek-ne-legyenek-negy-fal-koze-zarva/ https://abcug.hu/egy-stadion-araba-kerulne-hogy-az-emberek-ne-legyenek-negy-fal-koze-zarva/ https://abcug.hu/egy-stadion-araba-kerulne-hogy-az-emberek-ne-legyenek-negy-fal-koze-zarva/ https://abcug.hu/egy-stadion-araba-kerulne-hogy-az-emberek-ne-legyenek-negy-fal-koze-zarva/	hivatkozas	href
87	<a href=@LINK rel=noopener noreferrer target=@target>	2.632183908045977	0.05747126436781609	2.4482758620689653	https://abcug.hu/iden-mar-nem-ovonokent-kezdtem-a-szeptembert/ https://abcug.hu/kisfilmekkel-veszik-fel-a-harcot-az-iskolai-buzizassal/ https://abcug.hu/oriasi-arat-fizettetnek-a-nokkel-egy-reszmunkaidos-allasert/ https://abcug.hu/470-et-adott-es-csak-egy-kicsit-fojtogatott/ https://abcug.hu/iden-mar-nem-ovonokent-kezdtem-a-szeptembert/	hivatkozas	href
35	<a href=@LINK rel=noopener style=@STYLE target=@target>	5.514285714285714	0.0	5.514285714285714	https://abcug.hu/mit-adott-orban-kemenyen-dolgozo-kisembereknek/ https://abcug.hu/nott-az-oktatasra-szant-penz-mar-majdnem-ott-tartunk-ahol-15-eve/ https://abcug.hu/nincs-sok-haszna-a-nyomortelepekre-koltott-milliardoknak/ https://abcug.hu/tizezrek-vegzik-helyettunk-hazimunkat/ https://abcug.hu/nott-az-oktatasra-szant-penz-mar-majdnem-ott-tartunk-ahol-15-eve/	hivatkozas	href
29	<a href=@LINK rel=noopener target=@target>	3.5517241379310347	0.0	3.5517241379310347	https://abcug.hu/ha-penzt-akar-inkabb-menjen-a-helpdeskre-mint-a-katedrara/ https://abcug.hu/a-falnak-is-fule-van-az-ugyvedi-beszelokon/ https://abcug.hu/a-falnak-is-fule-van-az-ugyvedi-beszelokon/ https://abcug.hu/ha-penzt-akar-inkabb-menjen-a-helpdeskre-mint-a-katedrara/ https://abcug.hu/tizezreket-buknak-legtapasztaltabb-dadak/	hivatkozas	href
11	<a href=@LINK style=@STYLE>	3.0	0.0	3.0	https://abcug.hu/millios-mulabra-gyujt-hogy-ujra-jarhasson/ https://abcug.hu/konnyen-elkelnek-az-eluldozott-magyar-kutatok/ https://abcug.hu/egyre-kevesebben-elnek-gondnoksag-alatt-egyre-tobb-fogyatekos-ember-szavazhat/ https://abcug.hu/keresik-a-birok-meddig-lehet-ezt-egyenes-gerinccel-csinalni/ https://abcug.hu/egyre-kevesebben-elnek-gondnoksag-alatt-egyre-tobb-fogyatekos-ember-szavazhat/	hivatkozas	href
137	<a href=@LINK target=@target>	3.1094890510948905	0.08759124087591241	2.9927007299270074	https://abcug.hu/cigany-gyerekeknek-jarhat-luxus-ugyved/ https://abcug.hu/gulyas-gergely-szigoritana-gyulekezesi-torvenyt/ https://abcug.hu/jozsefvaros-lakok-panaszkodtak-hajlektalanokra-ezert-szereltek-le-az-ulokeket-nepszinhaz-utcai-villamosmegallokbol/ https://abcug.hu/kitiltottak-444-et-parlamentbol/ https://abcug.hu/lazarek-megallapodtak-svajccal/	hivatkozas	href
1	<a href=@LINK title=@title>	5.0	0.0	5.0	https://abcug.hu/nyari-gyermeketkeztetes-tanulsagai/	hivatkozas	href
4559	<a href=@LINK>	2.5610879578855013	0.06997148497477516	2.4014038166264533	https://abcug.hu/nyert-az-allami-gondozott-tinedzser-aki-beperelte-gyamhivatalt/ https://abcug.hu/hiaba-varjak-a-penzt-az-allami-palyazaton-nyert-civilek/ https://abcug.hu/nem-tudjak-elengedni-a-gyeplot-a-csaladi-vallalkozasok-kioregedo-vezetoi/ https://abcug.hu/a-kozmunkasok-szavazatait-fenyegetessel-megszerzo-politikus-ket-legyet-ut-egy-csapasra/ https://abcug.hu/mar-a-logot-keresik-a-ciganykonzervekre/	hivatkozas	href
3	<blockquote class=gmail_quote>	26.333333333333332	5.333333333333333	0.0	https://abcug.hu/nagyon-oda-kell-most-figyelni-a-hos-utcara/ https://abcug.hu/nagyon-oda-kell-most-figyelni-a-hos-utcara/ https://abcug.hu/nagyon-oda-kell-most-figyelni-a-hos-utcara/	idezet	default
1583	<blockquote>	32.056222362602654	1.713202779532533	0.0	https://abcug.hu/madar-nem-akkor-golya/ https://abcug.hu/megfogod-gyorshajtas-miatt-masnap-te-viszed-ki-neki-a-pizzat/ https://abcug.hu/huzos-hogy-mire-kimesz-a-hajlektalanhoz-mar-halalra-fagyott/ https://abcug.hu/az-aspirin-melle-az-embert-oda-kell-adni/ https://abcug.hu/elmehettem-volna-mindenki-cseledjenek-juhaszok-legelo-nelkul/	idezet	default
1	<a>	1.0	0.0	1.0	https://abcug.hu/sokat-bukhatnak-a-civilek-az-uj-eu-s-adatvedelmi-rendelet-miatt/	kiemelt	default
3	<span class=@LONG @LONG kiemelt>	19.0	0.0	19.0	https://abcug.hu/nagyon-oda-kell-most-figyelni-a-hos-utcara/ https://abcug.hu/nagyon-oda-kell-most-figyelni-a-hos-utcara/ https://abcug.hu/parizsig-latszott-hodaszi-ciganyok-valyogtemplomanak-tornya/	kiemelt	default
2	<span class=@LONG kiemelt>	24.0	0.0	24.0	https://abcug.hu/jol-megszivatta-az-allam-a-foldjeit-hasznalo-gazdakat-amikor-tuladott-a-teruleteken/ https://abcug.hu/parizsig-kellett-mennie-hogy-ne-egy-roma-legyen/	kiemelt	default
60	<span class=@NUM kiemelt>	21.033333333333335	0.06666666666666667	20.166666666666668	https://abcug.hu/az-eloiteletek-miatt-nem-szavazhat-50-ezer-fogyatekos-ember/ https://abcug.hu/jol-megszivatta-az-allam-a-foldjeit-hasznalo-gazdakat-amikor-tuladott-a-teruleteken/ https://abcug.hu/parizsig-kellett-mennie-hogy-ne-egy-roma-legyen/ https://abcug.hu/europa-vagy-gorbania-nem-allnak-meg-a-kormanyellenes-tuntetok/	kiemelt	default
43	<span class=kiemelt style=@STYLE>	35.093023255813954	0.0	35.093023255813954	https://abcug.hu/bevallaltak-hogy-mindenuket-feladjak-szuleikert/ https://abcug.hu/bevallaltak-hogy-mindenuket-feladjak-szuleikert/ https://abcug.hu/csaladon-beluli-eroszak/ https://abcug.hu/az-anyat-buntetik-ha-a-gyerek-nem-hajlando-lathatasra-menni/ https://abcug.hu/gyerekhez-kotni-a-lakastamogatast-olyan-mintha-a-szerveinket-kernek/	kiemelt	default
17	<span class=kiemelt>	25.58823529411765	0.0	25.58823529411765	https://abcug.hu/millios-birsagot-kapott-a-miskolci-szuleszet-romak-diszkriminacioja-miatt/ https://abcug.hu/kizsigerelik-az-egyetemekrol-elcsabitott-diakokat-a-cegek/ https://abcug.hu/evekig-nyeli-az-ideget-a-letartoztatott-mire-megkapja-a-bunteteset/ https://abcug.hu/ide-nem-szegyen-penzert-jonni/ https://abcug.hu/evekig-nyeli-az-ideget-a-letartoztatott-mire-megkapja-a-bunteteset/	kiemelt	default
2	<p class=@LONG kiemelt>	26.5	0.0	26.5	https://abcug.hu/kazincbarcikarol-kiszoritjak-a-problemasakat/ https://abcug.hu/parizsig-latszott-hodaszi-ciganyok-valyogtemplomanak-tornya/	kiemelt;bekezdes	default
6	<p class=@NUM kiemelt>	27.333333333333332	2.1666666666666665	4.833333333333333	https://abcug.hu/kazincbarcikarol-kiszoritjak-a-problemasakat/ https://abcug.hu/parizsig-latszott-hodaszi-ciganyok-valyogtemplomanak-tornya/	kiemelt;bekezdes	default
120	<p class=kiemelt>	28.35	0.1	26.925	https://abcug.hu/nincs-aki-megvedje-az-lmbtqi-diakokat-az-iskolaban/ https://abcug.hu/tul-gyorsan-kell-felnoni-a-beteg-gyerekek-testvereinek/ https://abcug.hu/rendorok-hurcoltak-intezetbe-gyerekeket/ https://abcug.hu/inkabb-anyam-mint-egy-foberlo/ https://abcug.hu/egesz-nap-eheznek-gyerekek-az-iskolaban-mert-nincs-idejuk-enni/	kiemelt;bekezdes	default
1	<blockquote class=kiemelt>	11.0	2.0	0.0	https://abcug.hu/a-felsosok-fekezik-meg-verekedo-alsosokat/	kiemelt;idezet	default
3	<ol class=@LONG>	68.0	7.333333333333333	0.0	https://abcug.hu/az-ingyen-tankonyvvel-csak-zurzavart-okozott-kormany-az-iskolakban/ https://abcug.hu/az-ingyen-tankonyvvel-csak-zurzavart-okozott-kormany-az-iskolakban/ https://abcug.hu/egyedul-maradnak-bajukkal-az-egyetemi-szexizmus-aldozatai/	lista	default
1	<ol class=@NUM>	10.0	6.0	0.0	https://abcug.hu/az-ingyen-tankonyvvel-csak-zurzavart-okozott-kormany-az-iskolakban/ https://abcug.hu/az-ingyen-tankonyvvel-csak-zurzavart-okozott-kormany-az-iskolakban/ https://abcug.hu/egyedul-maradnak-bajukkal-az-egyetemi-szexizmus-aldozatai/	lista	default
18	<ol start=@NUM>	17.944444444444443	1.7777777777777777	0.0	https://abcug.hu/ezt-csinalnak-tuntetok-ha-hatalomra-jutnanak/ https://abcug.hu/ki-mondja-legnagyobb-blodseget/ https://abcug.hu/ki-mondja-legnagyobb-blodseget/ https://abcug.hu/ezt-csinalnak-tuntetok-ha-hatalomra-jutnanak/ https://abcug.hu/ki-mondja-legnagyobb-blodseget/	lista	default
15	<ol>	105.2	7.266666666666667	0.0	https://abcug.hu/jo-levego-jo-oktatas-keves-menekult-ennyi-eleg-a-kotvenyes-kinaiaknak/ https://abcug.hu/levelet-irt-a-rendorsegnek-a-roszkenel-veresre-vert-ujsagiro/ https://abcug.hu/mutatjuk-mit-tehet-hogy-ne-maradjon-le-az-abcug-cikkeirol-facebookon/ https://abcug.hu/egy-eve-szivatjak-a-kivegzes-elol-menekulo-alit/ https://abcug.hu/tiz-evre-titkositottak-miert-is-van-most-valsaghelyzet/	lista	default
3	<ul class=@NUM>	93.66666666666667	12.666666666666666	0.0	https://abcug.hu/elszivtak-nagy-magyar-korhazak-az-unios-penzeket/ https://abcug.hu/elszivtak-nagy-magyar-korhazak-az-unios-penzeket/ https://abcug.hu/orban-durvan-raijesztett-baloldali-varosokra/	lista	default
1	<ul class=pflist>	84.0	3.0	0.0	https://abcug.hu/negyedevel-csokkentene-a-kormany-a-kozmunkasok-szamat/	lista	default
5	<ul style=@STYLE>	75.2	7.8	0.0	https://abcug.hu/jol-megszivatta-az-allam-a-foldjeit-hasznalo-gazdakat-amikor-tuladott-a-teruleteken/ https://abcug.hu/tobb-szazezren-vannak-megsem-sem-beszelunk-az-alkoholista-szulok-gyerekeirol/ https://abcug.hu/kameraval-figyelik-meg-rabok-ugyvedjeit-miskolci-bortonben/ https://abcug.hu/kameraval-figyelik-meg-rabok-ugyvedjeit-miskolci-bortonben/ https://abcug.hu/romak-gettoban-tartasa-legfontosabb-cel/	lista	default
816	<ul>	60.39705882352941	5.306372549019608	0.0	https://abcug.hu/kizsigerelt-rabokkal-sporolnanak-az-uj-bortonokon/ https://abcug.hu/orban-adta-parancsba-a-civilek-vegzalasat/ https://abcug.hu/egy-debrecennyi-penz-folyik-feketezo-orvosokhoz/ https://abcug.hu/rogton-engem-szedtek-elo-hogy-biztos-en-loptam-el/ https://abcug.hu/par-ezer-forintbol-mar-csodakat-lehet-tenni-a-szegenyekkel/	lista	default
24	<li class=@LONG>	16.791666666666668	1.375	0.0	https://abcug.hu/jol-megszivatta-az-allam-a-foldjeit-hasznalo-gazdakat-amikor-tuladott-a-teruleteken/ https://abcug.hu/az-ingyen-tankonyvvel-csak-zurzavart-okozott-kormany-az-iskolakban/ https://abcug.hu/jol-megszivatta-az-allam-a-foldjeit-hasznalo-gazdakat-amikor-tuladott-a-teruleteken/ https://abcug.hu/egyedul-maradnak-bajukkal-az-egyetemi-szexizmus-aldozatai/ https://abcug.hu/jol-megszivatta-az-allam-a-foldjeit-hasznalo-gazdakat-amikor-tuladott-a-teruleteken/	listaelem	default
5	<li class=@NUM agj data-tid=@NUM id=@NUM>	18.6	0.0	18.6	https://abcug.hu/az-idegenrendeszeti-orizet-soha-nem-szunt-meg-nem-kell-visszaallitani/ https://abcug.hu/az-idegenrendeszeti-orizet-soha-nem-szunt-meg-nem-kell-visszaallitani/ https://abcug.hu/az-idegenrendeszeti-orizet-soha-nem-szunt-meg-nem-kell-visszaallitani/ https://abcug.hu/az-idegenrendeszeti-orizet-soha-nem-szunt-meg-nem-kell-visszaallitani/ https://abcug.hu/semmi-sem-indokolja-az-orszagos-migracios-valsaghelyzetet/	listaelem	default
3	<li class=@NUM agj data-tid=@NUM>	30.333333333333332	0.0	30.333333333333332	https://abcug.hu/az-idegenrendeszeti-orizet-soha-nem-szunt-meg-nem-kell-visszaallitani/ https://abcug.hu/semmi-sem-indokolja-az-orszagos-migracios-valsaghelyzetet/ https://abcug.hu/semmi-sem-indokolja-az-orszagos-migracios-valsaghelyzetet/	listaelem	default
249	<li class=@NUM>	12.02008032128514	1.0481927710843373	0.03614457831325301	https://abcug.hu/eselyuk-sincs-a-menekult-gyerekeknek-hogy-bizonyitsanak/ https://abcug.hu/nagyon-oda-kell-most-figyelni-a-hos-utcara/ https://abcug.hu/jol-megszivatta-az-allam-a-foldjeit-hasznalo-gazdakat-amikor-tuladott-a-teruleteken/ https://abcug.hu/az-ingyen-tankonyvvel-csak-zurzavart-okozott-kormany-az-iskolakban/ https://abcug.hu/eselyuk-sincs-a-menekult-gyerekeknek-hogy-bizonyitsanak/	listaelem	default
4	<li class=textbox dir=ltr>	12.25	0.0	12.25	https://abcug.hu/sajtofoto-dijat-nyert-az-abcug-munkatarsa-2/ https://abcug.hu/sajtofoto-dijat-nyert-az-abcug-munkatarsa-2/ https://abcug.hu/sajtofoto-dijat-nyert-az-abcug-munkatarsa-2/ https://abcug.hu/sajtofoto-dijat-nyert-az-abcug-munkatarsa-2/	listaelem	default
44	<li dir=ltr>	15.113636363636363	0.8636363636363636	2.840909090909091	https://abcug.hu/milliardokat-buknak-el-evente-a-civil-szervezetek/ https://abcug.hu/16468-2/ https://abcug.hu/orban-minden-szep-es-jo-csak-szulethetne-tobb-gyerek/ https://abcug.hu/tomi-a-penzt-az-allam-a-hajlektalanszallokba/ https://abcug.hu/16468-2/	listaelem	default
427	<li style=@STYLE>	17.25526932084309	1.0608899297423888	0.5011709601873536	https://abcug.hu/orokre-vesszofutas-marad-mozgasserultek-kozlekedese/ https://abcug.hu/amikor-nincs-fam-akkor-cipot-dobok-ra/ https://abcug.hu/par-ezer-forintbol-mar-csodakat-lehet-tenni-a-szegenyekkel/ https://abcug.hu/ehen-fogunk-dogleni/ https://abcug.hu/hamis-ervekkel-zarja-kormany-menekulttaborokat/	listaelem	default
2503	<li>	16.137435077906513	0.21134638433879344	14.363963244107072	https://abcug.hu/beterelik-gyerekeket-szakkepzesbe-kozben-azt-lebontjak-korulottuk/ https://abcug.hu/minden-oldalrol-szorongatjak-menekultbarat-kancellart/ https://abcug.hu/ketgyerekesek-es-kommunizmus-aldozatai-nyernek-iden/ https://abcug.hu/orban-europanak-nem-kellenek-a-menekultek/ https://abcug.hu/pinter-sandor-szivesen-elnezo-az-eroszakos-rendorokkel/	listaelem	default
4	<0_MDESC_figure class=wp-caption @STYLE>	10.5	3.0	0.0	https://abcug.hu/csokolom-en-most-elmennek-kozosulni/ https://abcug.hu/csokolom-en-most-elmennek-kozosulni/ https://abcug.hu/csokolom-en-most-elmennek-kozosulni/ https://abcug.hu/csokolom-en-most-elmennek-kozosulni/	media_tartalom	default
4	<div class=wp-caption @STYLE style=@STYLE>	15.5	4.0	0.0	https://abcug.hu/hallgatjak-a-menok-a-csicskak-az-unalmasok-es-az-erdekesek/ https://abcug.hu/hallgatjak-a-menok-a-csicskak-az-unalmasok-es-az-erdekesek/ https://abcug.hu/hallgatjak-a-menok-a-csicskak-az-unalmasok-es-az-erdekesek/ https://abcug.hu/hallgatjak-a-menok-a-csicskak-az-unalmasok-es-az-erdekesek/	media_tartalom	default
674	<figure class=gallery-item>	6.400593471810089	2.679525222551929	0.0	https://abcug.hu/lebontani-mindent-mintha-nem-is-letezett-volna/ https://abcug.hu/megakad-a-tekintet-a-szurke-panelhomlokzaton-burjanzo-oazis-erkelyeken/ https://abcug.hu/162-melyszegenysegben-elo-kisgyerek-vegre-sajat-agyban-toltheti-a-karacsonyt/ https://abcug.hu/teljesen-berezelt-toluk-kormany-pedig-csak-segitenek-gyerekeknek/ https://abcug.hu/ha-kell-limuzinnal-repiti-haza-a-beteg-gyerekeket-a-szegedi-taxis/	media_tartalom	default
674	<figure class=wp-caption @STYLE id=@attachmentNUM>	9.047477744807122	2.3397626112759644	0.0	https://abcug.hu/meghalnak-az-idosek-mire-bekerulnenek-egy-otthonba/ https://abcug.hu/a-fohost-nezve-elszegyelltem-magam-hogy-nem-igyekszem-elegge/ https://abcug.hu/rohadnak-magyar-korhazak/ https://abcug.hu/mindig-vezer-volt-szegedi-botranyhos/ https://abcug.hu/fogyatekoskent-part-keresni-olyan-mint-minden-nap-kitolteni-a-lottot/	media_tartalom	default
3463	<figure class=wp-caption @STYLE>	12.49292520935605	2.6479930695928386	0.0	https://abcug.hu/szalkak-akarunk-lenni-a-hatalom-szemeben/ https://abcug.hu/erdon-mezon-bogracsoznak-az-ehes-hajlektalanok/ https://abcug.hu/vasalt-ingesek-es-alternativok-feledtetik-a-nyolcker-gettojat/ https://abcug.hu/most-jol-vagyunk-este-meg-ehen-fekszunk/ https://abcug.hu/ok-tuntettek-arcok-a-tomegbol/	media_tartalom	default
4	<p class=wp-caption-text>	15.5	1.0	4.0	https://abcug.hu/hallgatjak-a-menok-a-csicskak-az-unalmasok-es-az-erdekesek/ https://abcug.hu/hallgatjak-a-menok-a-csicskak-az-unalmasok-es-az-erdekesek/ https://abcug.hu/hallgatjak-a-menok-a-csicskak-az-unalmasok-es-az-erdekesek/ https://abcug.hu/hallgatjak-a-menok-a-csicskak-az-unalmasok-es-az-erdekesek/	media_tartalom	default
111	<section class=soundcloud-container>	10.35135135135135	1.3513513513513513	0.05405405405405406	https://abcug.hu/a-zarkaajtoban-derult-ki-hogy-fogyatekos-fogva-sem-tarthatnak/ https://abcug.hu/oriasi-sikert-ert-el-a-kormany-a-muszlimokat-jobban-utaljak-mint-a-ciganyokat/ https://abcug.hu/nem-birjak-ki-dolgozat-es-nyomasztas-nelkul/ https://abcug.hu/oriasit-sziv-aki-ma-epitkezesre-adja-fejet/ https://abcug.hu/meg-wc-reng-alattam-ha-raulok/	media_tartalom	default
1	<video class=wp-video-shortcode controls=controls height=@STYLE id=@videoNUM preload=metadata width=@STYLE>	1.0	2.0	0.0	https://abcug.hu/a-gyerekek-minden-reggel-kirazzak-az-iskolataskat-ha-a-poloska-nem-is-de-a-csotany-legalabb-kiesik/	media_tartalom	default
67	<blockquote class=twitter-tweet lang=en>	19.134328358208954	4.3283582089552235	0.0	https://abcug.hu/tuntetes-jozsef-nador-teren/ https://abcug.hu/tuntetes-jozsef-nador-teren/ https://abcug.hu/tuntetes-jozsef-nador-teren/ https://abcug.hu/tuntetes-jozsef-nador-teren/ https://abcug.hu/tuntetes-jozsef-nador-teren/	social_media	default
63	<blockquote class=twitter-tweet lang=hu>	19.73015873015873	5.396825396825397	0.0	https://abcug.hu/tuntetesek-percrol-percre/ https://abcug.hu/tuntetesek-percrol-percre/ https://abcug.hu/tuntetesek-percrol-percre/ https://abcug.hu/tuntetesek-percrol-percre/ https://abcug.hu/tuntetesek-percrol-percre/	social_media	default
6	<blockquote class=twitter-video data-lang=hu>	8.833333333333334	4.0	0.0	https://abcug.hu/kereples-es-futtykoncert-nyomta-el-orban-marcius-15-i-beszedet/ https://abcug.hu/kereples-es-futtykoncert-nyomta-el-orban-marcius-15-i-beszedet/ https://abcug.hu/kereples-es-futtykoncert-nyomta-el-orban-marcius-15-i-beszedet/ https://abcug.hu/kereples-es-futtykoncert-nyomta-el-orban-marcius-15-i-beszedet/ https://abcug.hu/kereples-es-futtykoncert-nyomta-el-orban-marcius-15-i-beszedet/	social_media	default
2	<blockquote class=twitter-video lang=en>	26.5	5.5	0.0	https://abcug.hu/biatorbagyon-tul-jarnak-mar-a-becsbe-menetelo-menekultek/ https://abcug.hu/biatorbagyon-tul-jarnak-mar-a-becsbe-menetelo-menekultek/	social_media	default
2	<div class=fb-post data-href=@LINK data-width=@STYLE>	25.5	2.5	0.0	https://abcug.hu/ezert-kellett-szazmillios-iroda-romak-felzarkozasahoz/ https://abcug.hu/fidesz-nagyszeru-otlet-fiatalok-drogtesztje/	social_media	default
1	<div aria-expanded=false aria-label=Show trimmed content class=ajR data-tooltip=Show trimmed content id=@NUM role=button tabindex=@NUM>	56.0	4.0	0.0	https://abcug.hu/konnyen-elkelnek-az-eluldozott-magyar-kutatok/	szakasz	default
1	<div class=@LONG @LONG>	1620.0	133.0	0.0	https://abcug.hu/gyogyszerekkel-tartjak-kordaban-a-gyermekvedelemben-elo-psziches-beteg-gyerekeket/	szakasz	default
9	<div class=@LONG>	321.3333333333333	20.88888888888889	0.0	https://abcug.hu/parizsig-kellett-mennie-hogy-ne-egy-roma-legyen/ https://abcug.hu/ennel-rajosabb-dolog-nincs-tarnabodon/ https://abcug.hu/ennel-rajosabb-dolog-nincs-tarnabodon/ https://abcug.hu/tul-sokat-kert-a-falu-a-helyhasznalatert-inkabb-elkoltozott-az-elte-golyatabora/ https://abcug.hu/ennel-rajosabb-dolog-nincs-tarnabodon/	szakasz	default
1	<div class=@NUM @NUM @NUM>	215.0	9.0	0.0	https://abcug.hu/gyerekbantalmazas-miatt-tettek-feljelentest-egy-tornatanar-ellen/	szakasz	default
3	<div class=@NUM ajU>	36.333333333333336	2.3333333333333335	0.0	https://abcug.hu/konnyen-elkelnek-az-eluldozott-magyar-kutatok/ https://abcug.hu/kihatral-a-kormany-a-ceu-hadjaratbol/ https://abcug.hu/csak-a-paksi-deneverek-kimentesere-van-otlete-a-kormanynak/	szakasz	default
1	<div class=@NUM aXjCH id=@NUM>	945.0	82.0	0.0	https://abcug.hu/az-eloiteletek-miatt-nem-szavazhat-50-ezer-fogyatekos-ember/	szakasz	default
1	<div class=@NUM id=@NUM>	40.0	3.0	0.0	https://abcug.hu/ma-egy-gyerek-tobbet-dolgozik-mint-egy-felnott/	szakasz	default
1	<div class=@NUM userContent data-ft={"tn":"K"} id=@NUM>	215.0	8.0	0.0	https://abcug.hu/gyerekbantalmazas-miatt-tettek-feljelentest-egy-tornatanar-ellen/	szakasz	default
1	<div class=@NUM>	76.0	2.0	0.0	https://abcug.hu/parizsig-kellett-mennie-hogy-ne-egy-roma-legyen/ https://abcug.hu/tul-sokat-kert-a-falu-a-helyhasznalatert-inkabb-elkoltozott-az-elte-golyatabora/ https://abcug.hu/gyogyszerekkel-tartjak-kordaban-a-gyermekvedelemben-elo-psziches-beteg-gyerekeket/ https://abcug.hu/tul-sokat-kert-a-falu-a-helyhasznalatert-inkabb-elkoltozott-az-elte-golyatabora/ https://abcug.hu/kinyilnak-a-tiszavasvari-roma-gyerekek-ha-romani-nyelven-is-megszolalhatnak-az-oran/	szakasz	default
2	<div class=@STYLE style=@STYLE>	18.5	9.0	0.0	https://abcug.hu/minek-ide-onkentes-110-szazalekos-kozmunka/ https://abcug.hu/minek-ide-onkentes-110-szazalekos-kozmunka/	szakasz	default
440	<div class=@STYLE>	16.37272727272727	6.886363636363637	3.5454545454545454	https://abcug.hu/delutan-negykor-mozgasserult-kipattan-kerekesszekebol/ https://abcug.hu/pest-fele-menne-felejtse-el/ https://abcug.hu/gazdag-telkesek-kozott-bujnak-meg-a-lakhatasi-valsag-aldozatai/ https://abcug.hu/gazdag-telkesek-kozott-bujnak-meg-a-lakhatasi-valsag-aldozatai/ https://abcug.hu/egy-no-akire-felnezhetnek-csodakat-tehetne-az-allami-gondozott-lanyokkal/	szakasz	default
1	<div class=>	945.0	84.0	0.0	https://abcug.hu/az-eloiteletek-miatt-nem-szavazhat-50-ezer-fogyatekos-ember/	szakasz	default
18	<div class=adL>	58.833333333333336	3.0555555555555554	0.0	https://abcug.hu/szogesdrotok-pokhaloja-szovi-korbe-a-tranzitzonaban-malmozo-menedekkeroket/ https://abcug.hu/nagyon-oda-kell-most-figyelni-a-hos-utcara/ https://abcug.hu/nagyon-oda-kell-most-figyelni-a-hos-utcara/ https://abcug.hu/nagyon-oda-kell-most-figyelni-a-hos-utcara/ https://abcug.hu/csak-a-paksi-deneverek-kimentesere-van-otlete-a-kormanynak/	szakasz	default
1	<div class=adn ads>	40.0	6.0	0.0	https://abcug.hu/ma-egy-gyerek-tobbet-dolgozik-mint-egy-felnott/	szakasz	default
8	<div class=anti_xsl>	20.75	1.375	13.125	https://abcug.hu/marad-a-ceu-budapesten-a-kovetkezo-tanevre/ https://abcug.hu/marad-a-ceu-budapesten-a-kovetkezo-tanevre/ https://abcug.hu/no-nyomor-az-eu-ban/ https://abcug.hu/marad-a-ceu-budapesten-a-kovetkezo-tanevre/ https://abcug.hu/marad-a-ceu-budapesten-a-kovetkezo-tanevre/	szakasz	default
1	<div class=article-content entry-content>	13.0	1.0	0.0	https://abcug.hu/fagyoskodo-menekulteket-fogadott-kormendi-plebanos/	szakasz	default
2	<div class=cikk-torzs>	533.5	19.0	0.0	https://abcug.hu/marad-a-ceu-budapesten-a-kovetkezo-tanevre/ https://abcug.hu/a-nemetek-visszakuldenek-magyarorszagra-a-menekulteket/	szakasz	default
7	<div class=column>	78.14285714285714	1.8571428571428572	0.0	https://abcug.hu/1500-gyerekre-jut-majd-egy-szocialis-munkas/ https://abcug.hu/megszolalnek-dik-igy-ciganyosan-gya-de-ego-lenne/ https://abcug.hu/jovore-csak-gazdagokra-gondol-kormany/ https://abcug.hu/megszolalnek-dik-igy-ciganyosan-gya-de-ego-lenne/ https://abcug.hu/rogton-engem-szedtek-elo-hogy-biztos-en-loptam-el/	szakasz	default
1	<div class=docWriteAdverticum id=@NUM>	23.0	3.0	0.0	https://abcug.hu/marad-a-ceu-budapesten-a-kovetkezo-tanevre/	szakasz	default
5	<div class=ecxquoted-text>	87.8	3.2	0.0	https://abcug.hu/lelkemben-nem-ereztem-karacsonyi-hangulatot/ https://abcug.hu/lelkemben-nem-ereztem-karacsonyi-hangulatot/ https://abcug.hu/lelkemben-nem-ereztem-karacsonyi-hangulatot/ https://abcug.hu/lelkemben-nem-ereztem-karacsonyi-hangulatot/ https://abcug.hu/lelkemben-nem-ereztem-karacsonyi-hangulatot/	szakasz	default
1	<div class=entry-content>	22.0	1.0	0.0	https://abcug.hu/az-ombudsman-rossznak-tartja-rendorsegi-videot/	szakasz	default
1	<div class=entry>	13.0	2.0	0.0	https://abcug.hu/fagyoskodo-menekulteket-fogadott-kormendi-plebanos/	szakasz	default
1	<div class=fb-video>	41.0	3.0	0.0	https://abcug.hu/szazak-rekedtek-a-hidegben-roszken/	szakasz	default
7	<div class=gmail_extra>	223.71428571428572	18.571428571428573	10.0	https://abcug.hu/azokat-is-szeressuk-akik-minket-nem-szeretnek/ https://abcug.hu/azokat-is-szeressuk-akik-minket-nem-szeretnek/ https://abcug.hu/azokat-is-szeressuk-akik-minket-nem-szeretnek/ https://abcug.hu/azokat-is-szeressuk-akik-minket-nem-szeretnek/ https://abcug.hu/azokat-is-szeressuk-akik-minket-nem-szeretnek/	szakasz	default
7	<div class=gmail_quote>	245.85714285714286	21.428571428571427	0.0	https://abcug.hu/azokat-is-szeressuk-akik-minket-nem-szeretnek/ https://abcug.hu/szogesdrotok-pokhaloja-szovi-korbe-a-tranzitzonaban-malmozo-menedekkeroket/ https://abcug.hu/azokat-is-szeressuk-akik-minket-nem-szeretnek/ https://abcug.hu/szogesdrotok-pokhaloja-szovi-korbe-a-tranzitzonaban-malmozo-menedekkeroket/ https://abcug.hu/azokat-is-szeressuk-akik-minket-nem-szeretnek/	szakasz	default
1	<div class=goAdverticum data-zone=@NUM>	23.0	4.0	0.0	https://abcug.hu/marad-a-ceu-budapesten-a-kovetkezo-tanevre/	szakasz	default
1	<div class=goAdverticum goa-embedded>	23.0	1.0	21.0	https://abcug.hu/marad-a-ceu-budapesten-a-kovetkezo-tanevre/	szakasz	default
2	<div class=gs>	492.5	45.0	0.0	https://abcug.hu/az-eloiteletek-miatt-nem-szavazhat-50-ezer-fogyatekos-ember/ https://abcug.hu/ma-egy-gyerek-tobbet-dolgozik-mint-egy-felnott/	szakasz	default
2	<div class=HOEnZb adL>	53.0	9.0	0.0	https://abcug.hu/ot-szem-diot-harom-cukorkat-varnak-mikulastol/ https://abcug.hu/ot-szem-diot-harom-cukorkat-varnak-mikulastol/	szakasz	default
1	<div class=ii gt @NUM adP adO id=@NUM>	40.0	4.0	0.0	https://abcug.hu/ma-egy-gyerek-tobbet-dolgozik-mint-egy-felnott/	szakasz	default
1	<div class=ii gt id=@NUM>	945.0	83.0	0.0	https://abcug.hu/az-eloiteletek-miatt-nem-szavazhat-50-ezer-fogyatekos-ember/	szakasz	default
5	<div class=im>	49.8	3.8	0.0	https://abcug.hu/belenyul-a-kormany-az-oktatasba-de-nem-mondjak-meg-mit-akarnak-vele/ https://abcug.hu/csernus-doktorral-es-onismereti-treningekkel-mentenek-meg-a-kisgyerekes-anyakat/ https://abcug.hu/gazdag-telkesek-kozott-bujnak-meg-a-lakhatasi-valsag-aldozatai/ https://abcug.hu/ot-szem-diot-harom-cukorkat-varnak-mikulastol/ https://abcug.hu/ot-szem-diot-harom-cukorkat-varnak-mikulastol/	szakasz	default
4	<div class=inner_margin>	194.5	9.5	0.0	https://abcug.hu/egyre-tobb-pedagogus-allitja-hogy-fenyegetik-oket-a-sztrajk-miatt/ https://abcug.hu/egyre-tobb-pedagogus-allitja-hogy-fenyegetik-oket-a-sztrajk-miatt/ https://abcug.hu/egyre-tobb-pedagogus-allitja-hogy-fenyegetik-oket-a-sztrajk-miatt/ https://abcug.hu/egyre-tobb-pedagogus-allitja-hogy-fenyegetik-oket-a-sztrajk-miatt/	szakasz	default
8	<div class=layoutArea>	69.75	2.75	0.0	https://abcug.hu/1500-gyerekre-jut-majd-egy-szocialis-munkas/ https://abcug.hu/ket-kezzel-csimpaszkodnak-a-ratermett-kozmunkasokba/ https://abcug.hu/ket-kezzel-csimpaszkodnak-a-ratermett-kozmunkasokba/ https://abcug.hu/1500-gyerekre-jut-majd-egy-szocialis-munkas/ https://abcug.hu/megszolalnek-dik-igy-ciganyosan-gya-de-ego-lenne/	szakasz	default
5	<div class=miniapp microsite id=microsite_microsite>	37.6	1.2	32.8	https://abcug.hu/marad-a-ceu-budapesten-a-kovetkezo-tanevre/ https://abcug.hu/egyre-tobb-gyereket-fogadnak-orokbe-otthonokbol/ https://abcug.hu/megkezdte-tisztogatast-mediaworks/ https://abcug.hu/eroszak-nelkul-bortont-kert-az-ugyesz-roszkei-migransokra/ https://abcug.hu/kitiltottak-az-index-ujsagiroit-a-parlamentbol/	szakasz	default
3	<div class=miniapp microsite>	51.0	1.0	18.666666666666668	https://abcug.hu/eroszak-nelkul-bortont-kert-az-ugyesz-roszkei-migransokra/ https://abcug.hu/eroszak-nelkul-bortont-kert-az-ugyesz-roszkei-migransokra/ https://abcug.hu/eroszak-nelkul-bortont-kert-az-ugyesz-roszkei-migransokra/	szakasz	default
3	<div class=miniapp szerkfotoimage id=@szerkfotoNUM>	18.666666666666668	0.3333333333333333	0.0	https://abcug.hu/orban-kedvenceit-gyogyitjak-megis-rettegesben-elnek/ https://abcug.hu/38524-2/ https://abcug.hu/15868-2/	szakasz	default
8	<div class=page title=@NUM>	69.75	3.75	0.0	https://abcug.hu/megszolalnek-dik-igy-ciganyosan-gya-de-ego-lenne/ https://abcug.hu/megszolalnek-dik-igy-ciganyosan-gya-de-ego-lenne/ https://abcug.hu/megszolalnek-dik-igy-ciganyosan-gya-de-ego-lenne/ https://abcug.hu/megszolalnek-dik-igy-ciganyosan-gya-de-ego-lenne/ https://abcug.hu/megszolalnek-dik-igy-ciganyosan-gya-de-ego-lenne/	szakasz	default
1	<div class=szelso-jobb-lead_container>	61.0	3.0	0.0	https://abcug.hu/marad-a-ceu-budapesten-a-kovetkezo-tanevre/	szakasz	default
1	<div class=szelso-jobb-lead-container>	42.0	3.0	0.0	https://abcug.hu/a-nemetek-visszakuldenek-magyarorszagra-a-menekulteket/	szakasz	default
1	<div class=wp-caption @STYLE>	18.0	1.0	0.0	https://abcug.hu/iden-mar-annyi-gyerekgyilkossagi-ugy-volt-mint-tavaly-osszesen/	szakasz	default
1	<div class=wp-video style=@STYLE>	1.0	3.0	0.0	https://abcug.hu/a-gyerekek-minden-reggel-kirazzak-az-iskolataskat-ha-a-poloska-nem-is-de-a-csotany-legalabb-kiesik/	szakasz	default
3	<div class=x_gmail_quote>	396.3333333333333	12.666666666666666	0.0	https://abcug.hu/100-ezer-forintra-emeli-a-kormany-az-apolasi-dijat/ https://abcug.hu/100-ezer-forintra-emeli-a-kormany-az-apolasi-dijat/ https://abcug.hu/bezarjak-szegregalo-iskolat-de-mi-lesz-gyerekekkel/	szakasz	default
1	<div data-canvas-width=@STYLE>	86.0	0.0	86.0	https://abcug.hu/csak-gancsoljak-az-autista-fiut-a-hivatalok/	szakasz	default
2	<div dir=auto>	32.5	0.5	32.0	https://abcug.hu/szemelyzeti-vezetobol-ugyintezot-csinal-a-szules/ https://abcug.hu/esoben-unnepel-az-orszag/	szakasz	default
232	<div dir=ltr>	97.98706896551724	5.107758620689655	0.7068965517241379	https://abcug.hu/nagyon-oda-kell-most-figyelni-a-hos-utcara/ https://abcug.hu/kinyilnak-a-tiszavasvari-roma-gyerekek-ha-romani-nyelven-is-megszolalhatnak-az-oran/ https://abcug.hu/tul-sokat-kert-a-falu-a-helyhasznalatert-inkabb-elkoltozott-az-elte-golyatabora/ https://abcug.hu/ket-civil-szervezet-kisoprese-csak-egy-momentuma-a-novekvo-bortonszigornak/ https://abcug.hu/eselyuk-sincs-a-menekult-gyerekeknek-hogy-bizonyitsanak/	szakasz	default
244	<div style=@STYLE>	18.200819672131146	2.2418032786885247	5.028688524590164	https://abcug.hu/elszigetelodnek-a-serult-gyereket-nevelo-anyak/ https://abcug.hu/valasztaniuk-kell-egyenek-vagy-futsenek/ https://abcug.hu/hogyan-el-az-atlagmagyar/ https://abcug.hu/milliardokat-buknak-el-evente-a-civil-szervezetek/ https://abcug.hu/egyre-jobban-lemaradunk-europatol/	szakasz	default
516	<div>	62.14147286821706	3.304263565891473	7.732558139534884	https://abcug.hu/jo-levego-jo-oktatas-keves-menekult-ennyi-eleg-a-kotvenyes-kinaiaknak/ https://abcug.hu/kiskoruak-megrontasa-nem-evulhet-el/ https://abcug.hu/horvath-vigad-orban-duhong/ https://abcug.hu/esoben-unnepel-az-orszag/ https://abcug.hu/az-eloiteletek-miatt-nem-szavazhat-50-ezer-fogyatekos-ember/	szakasz	default
2	<article style=@STYLE>	91.5	7.5	0.0	https://abcug.hu/kozeposztaly/ https://abcug.hu/kozeposztaly/	unwrap	default
36	<div dir=ltr id=@LONG>	78.63888888888889	1.8333333333333333	0.0	https://abcug.hu/jo-levego-jo-oktatas-keves-menekult-ennyi-eleg-a-kotvenyes-kinaiaknak/ https://abcug.hu/jo-levego-jo-oktatas-keves-menekult-ennyi-eleg-a-kotvenyes-kinaiaknak/ https://abcug.hu/jo-levego-jo-oktatas-keves-menekult-ennyi-eleg-a-kotvenyes-kinaiaknak/ https://abcug.hu/jo-levego-jo-oktatas-keves-menekult-ennyi-eleg-a-kotvenyes-kinaiaknak/ https://abcug.hu/bezarjak-szegregalo-iskolat-de-mi-lesz-gyerekekkel/	unwrap	default
1	<div id=content>	183.0	18.0	0.0	https://abcug.hu/kozeposztaly/	unwrap	default
1	<div id=mainwrapper>	183.0	19.0	0.0	https://abcug.hu/kozeposztaly/	unwrap	default
1	<footer>	183.0	17.0	0.0	https://abcug.hu/kozeposztaly/	unwrap	default
1	<header>	885.0	75.0	0.0	https://abcug.hu/kozeposztaly/	unwrap	default
1	<nav class=matrix-nav main-top>	885.0	74.0	0.0	https://abcug.hu/kozeposztaly/	unwrap	default
47	<span class= id=@NUM tabindex=-1>	1.0	0.0	1.0	https://abcug.hu/35-forint-lenne-egy-ora-facebookozas-netadoval/ https://abcug.hu/35-forint-lenne-egy-ora-facebookozas-netadoval/ https://abcug.hu/35-forint-lenne-egy-ora-facebookozas-netadoval/ https://abcug.hu/35-forint-lenne-egy-ora-facebookozas-netadoval/ https://abcug.hu/35-forint-lenne-egy-ora-facebookozas-netadoval/	unwrap	default
1	<span class=@gmailNUM kiemelt>	17.0	0.0	17.0	https://abcug.hu/az-eloiteletek-miatt-nem-szavazhat-50-ezer-fogyatekos-ember/	unwrap	default
368	<span class=@gmailNUM>	39.23097826086956	0.2907608695652174	37.29347826086956	https://abcug.hu/az-eloiteletek-miatt-nem-szavazhat-50-ezer-fogyatekos-ember/ https://abcug.hu/groteszk-szinhazat-jatszottunk-amiben-nem-szerepelt-halal/ https://abcug.hu/evekig-cikiztek-a-tanarai-megis-lediplomazott-a-diszlexias-fiu/ https://abcug.hu/egyedul-maradnak-bajukkal-az-egyetemi-szexizmus-aldozatai/ https://abcug.hu/az-eloiteletek-miatt-nem-szavazhat-50-ezer-fogyatekos-ember/	unwrap	default
1	<span class=@LONG style=@STYLE>	19.0	0.0	19.0	https://abcug.hu/helyi-fideszesek-gyulolkodese-utan-uj-helyet-keres-soros-fele-alapitvany/	unwrap	default
556	<span class=@LONG>	27.030575539568346	0.17805755395683454	25.857913669064747	https://abcug.hu/gyogyszerekkel-tartjak-kordaban-a-gyermekvedelemben-elo-psziches-beteg-gyerekeket/ https://abcug.hu/honapok-ota-gornyednek-sorpadokon-a-halasztelki-iskolasok/ https://abcug.hu/parizsig-latszott-hodaszi-ciganyok-valyogtemplomanak-tornya/ https://abcug.hu/parizsig-latszott-hodaszi-ciganyok-valyogtemplomanak-tornya/ https://abcug.hu/ha-egyetemistakent-jon-egy-irani-az-mar-nem-zavarja-kormanyt/	unwrap	default
1	<span class=@NUM @NUM>	44.0	0.0	44.0	https://abcug.hu/nem-tudtam-mit-csinal-az-elso-aktusnal-csak-hagytam-hadd-csinalja/	unwrap	default
26	<span class=@NUM style=@STYLE>	38.80769230769231	0.34615384615384615	33.69230769230769	https://abcug.hu/helyi-fideszesek-gyulolkodese-utan-uj-helyet-keres-soros-fele-alapitvany/	unwrap	default
7124	<span class=@NUM>	34.526389668725436	0.24298147108366086	32.604435710275126	https://abcug.hu/kinyilnak-a-tiszavasvari-roma-gyerekek-ha-romani-nyelven-is-megszolalhatnak-az-oran/ https://abcug.hu/parizsig-kellett-mennie-hogy-ne-egy-roma-legyen/ https://abcug.hu/parizsig-kellett-mennie-hogy-ne-egy-roma-legyen/ https://abcug.hu/europa-vagy-gorbania-nem-allnak-meg-a-kormanyellenes-tuntetok/ https://abcug.hu/europa-vagy-gorbania-nem-allnak-meg-a-kormanyellenes-tuntetok/	unwrap	default
288	<span class=@PJVNOcNUM data-g-spell-status=@NUM id=@NUM tabindex=-1>	1.0243055555555556	0.0	1.0243055555555556	https://abcug.hu/tomi-a-penzt-az-allam-a-hajlektalanszallokba/ https://abcug.hu/javitointezetben-meg-tanulas-jobban-megy/ https://abcug.hu/ahogy-tudnak-elvalasztanak-minket/ https://abcug.hu/jobban-fizet-mint-kozmunka-es-meg-ertelme-van/ https://abcug.hu/vagy-szint-valasztjuk-vagy-kenyeret/	unwrap	default
279	<span class=@PJVNOcNUM id=@NUM tabindex=-1>	1.003584229390681	0.0	1.003584229390681	https://abcug.hu/botka-ellen-az-arvahazbol/ https://abcug.hu/botka-ellen-az-arvahazbol/ https://abcug.hu/botka-ellen-az-arvahazbol/ https://abcug.hu/botka-ellen-az-arvahazbol/ https://abcug.hu/botka-ellen-az-arvahazbol/	unwrap	default
1	<span class=@STYLE selected>	1.0	0.0	1.0	https://abcug.hu/tip-top-sportpalyak-lepik-el-sotet-szabolcsot/	unwrap	default
3	<span class=>	6.333333333333333	0.0	6.333333333333333	https://abcug.hu/megtorte-a-menekulteket-a-hatarmenti-daralo/ https://abcug.hu/megtorte-a-menekulteket-a-hatarmenti-daralo/ https://abcug.hu/megtorte-a-menekulteket-a-hatarmenti-daralo/	unwrap	default
4	<span class=il>	1.0	0.0	1.0	https://abcug.hu/utaljak-a-kormany-listazos-tervet-de-nem-fogjak-bojkottalni/ https://abcug.hu/utaljak-a-kormany-listazos-tervet-de-nem-fogjak-bojkottalni/ https://abcug.hu/egy-autista-vilaga/ https://abcug.hu/egy-autista-vilaga/	unwrap	default
77	<span class=im>	37.57142857142857	0.6233766233766234	36.02597402597402	https://abcug.hu/ha-nem-segitunk-romaknak-akkor-soha/ https://abcug.hu/ha-nem-segitunk-romaknak-akkor-soha/ https://abcug.hu/csak-a-paksi-deneverek-kimentesere-van-otlete-a-kormanynak/ https://abcug.hu/a-szerbekre-locsoltuk-a-menekulteket-visszakaptuk-oket-a-horvatoktol/ https://abcug.hu/se-ido-se-penz-se-ember-nem-jut-az-allami-gondozattak-vedelmere/	unwrap	default
2	<span class=NormalTextRun @NUM>	26.0	0.0	26.0	https://abcug.hu/megalazzak-az-autistakat-a-kormanyhivatalban/ https://abcug.hu/megalazzak-az-autistakat-a-kormanyhivatalban/	unwrap	default
19	<span class=text_exposed_show>	19.94736842105263	0.21052631578947367	19.94736842105263	https://abcug.hu/az-oktatas-egesz-palyas-letamadasa-ellen-tiltakozik-egy-budapesti-gimnazium-is/ https://abcug.hu/az-oktatas-egesz-palyas-letamadasa-ellen-tiltakozik-egy-budapesti-gimnazium-is/ https://abcug.hu/az-operahaz-elott-lesz-az-ev-elso-tuntetese/ https://abcug.hu/sziv-alakban-alltak-ki-a-civilek-mellett-a-hosok-teren/ https://abcug.hu/sziv-alakban-alltak-ki-a-civilek-mellett-a-hosok-teren/	unwrap	default
2	<span class=TextRun @NUM lang=HU-HU xml:lang=HU-HU>	26.0	1.0	0.0	https://abcug.hu/megalazzak-az-autistakat-a-kormanyhivatalban/ https://abcug.hu/megalazzak-az-autistakat-a-kormanyhivatalban/	unwrap	default
1	<span class=uppercase-transform>	2.0	0.0	2.0	https://abcug.hu/tiz-igaz-tortenet-megkinzott-aldozatokrol/	unwrap	default
5	<span data-reactid=@LONG>	42.6	0.8	17.2	https://abcug.hu/nem-beszelt-dzsihadista-romakrol-trocsanyi-laszlo/ https://abcug.hu/nem-beszelt-dzsihadista-romakrol-trocsanyi-laszlo/ https://abcug.hu/nem-beszelt-dzsihadista-romakrol-trocsanyi-laszlo/ https://abcug.hu/nem-beszelt-dzsihadista-romakrol-trocsanyi-laszlo/ https://abcug.hu/nem-beszelt-dzsihadista-romakrol-trocsanyi-laszlo/	unwrap	default
33	<span data-scayt_word=@data-scayt_word data-scaytid=@NUM>	1.121212121212121	0.0	1.121212121212121	https://abcug.hu/valami-olyan-tortenik-ami-minden-racionalitast-nelkuloz/ https://abcug.hu/valami-olyan-tortenik-ami-minden-racionalitast-nelkuloz/ https://abcug.hu/valami-olyan-tortenik-ami-minden-racionalitast-nelkuloz/ https://abcug.hu/valami-olyan-tortenik-ami-minden-racionalitast-nelkuloz/ https://abcug.hu/valami-olyan-tortenik-ami-minden-racionalitast-nelkuloz/	unwrap	default
1	<span id=@LONG>	41.0	1.0	39.0	https://abcug.hu/nahat-ez-egy-korhaz-es-mosolyognak-ram/	unwrap	default
2	<span id=@NUM tabindex=-1>	1.0	0.0	1.0	https://abcug.hu/botka-ellen-az-arvahazbol/ https://abcug.hu/botka-ellen-az-arvahazbol/	unwrap	default
4	<span lang=EN-US>	74.75	1.0	74.25	https://abcug.hu/strasbourg-szerint-rendorseg-nem-vedte-meg-devecseri-romakat-szelsojobboldaliaktol/ https://abcug.hu/strasbourg-szerint-rendorseg-nem-vedte-meg-devecseri-romakat-szelsojobboldaliaktol/ https://abcug.hu/strasbourg-szerint-rendorseg-nem-vedte-meg-devecseri-romakat-szelsojobboldaliaktol/ https://abcug.hu/strasbourg-szerint-rendorseg-nem-vedte-meg-devecseri-romakat-szelsojobboldaliaktol/	unwrap	default
2	<span lang=EN>	5.5	0.0	5.5	https://abcug.hu/ha-csak-boldog-csaladapa-lesz-belole-en-annak-is-orulni-fogok/ https://abcug.hu/nem-kernek-az-allam-penzebol-a-ferencvarosi-civilek/	unwrap	default
3	<span lang=HU>	24.333333333333332	0.0	24.333333333333332	https://abcug.hu/magyar-rendor-es-68-as-cseh-emigrans-is-van-a-romaknak-segito-torontoiak-kozott/ https://abcug.hu/a-szirekbol-valosagos-luxus-menekultek-lettek-berlinben/ https://abcug.hu/a-szirekbol-valosagos-luxus-menekultek-lettek-berlinben/	unwrap	default
8419	<span style=@STYLE>	43.076731203230786	0.07447440313576434	42.82622639268322	https://abcug.hu/budos-bogarkent-razzak-le-az-orvosok-drogos-kismamakat/ https://abcug.hu/megmondtam-hogy-egyszer-agyon-fogja-utni/ https://abcug.hu/jatszottam-hogy-legyen-valami-csak-ne-a-valosag/ https://abcug.hu/az-utcan-elo-allami-gondozottak-kozott-tarolnak-a-dizajnerdrogok/ https://abcug.hu/egy-forintot-sem-kolt-a-kormany-a-menekultek-beilleszkedesere/	unwrap	default
468	<div class=before-more>	70.07478632478633	2.5982905982905984	0.0	https://abcug.hu/meg-wc-reng-alattam-ha-raulok/ https://abcug.hu/nappal-kisdiak-voltam-az-orvosin-este-cegvezeto/ https://abcug.hu/gyuloltem-az-alkoholista-apamat/ https://abcug.hu/ismerni-fogjak-a-drogokat-mire-kiszabadulnak/ https://abcug.hu/nem-eleg-odaadni-a-kiscsirket/	vez_bekezdes	default
1	<div class=lead_container>	61.0	2.0	0.0	https://abcug.hu/marad-a-ceu-budapesten-a-kovetkezo-tanevre/	vez_bekezdes	default
1	<div class=lead-container>	42.0	2.0	0.0	https://abcug.hu/a-nemetek-visszakuldenek-magyarorszagra-a-menekulteket/	vez_bekezdes	default
2	<div class=lead>	51.5	1.0	0.0	https://abcug.hu/marad-a-ceu-budapesten-a-kovetkezo-tanevre/ https://abcug.hu/a-nemetek-visszakuldenek-magyarorszagra-a-menekulteket/	vez_bekezdes	default