frequency	tag	average_word_count	average_descendant_num	immediate_texts_average_length	URL_example	normal_name	preserved_attribute	
1	<:->	210	123	160	https://eletmod.transindex.ro/?cikk=1301	default	default	
1	<a a= b= eggy= k= ki= lerontotta= mi= mind= nemzets= tette= v=>	2	0	2	https://itthon.transindex.ro/?hir=13417	default	default	
1	<a a= charlie= hebdo= href=@LINK miatt= pakiszt= style=@STYLE voltak=>	9	0	9	https://welemeny.transindex.ro/?cikk=24881	default	default	
3	<a a= fert= href=@LINK lesznek= miatt= style=@STYLE t=>	6	0	6	https://itthon.transindex.ro/?hir=42880 https://itthon.transindex.ro/?hir=42851 https://itthon.transindex.ro/?hir=42824	default	default	
1	<a ad= class=trdeflink href=@LINK image= only-smartphone=>	3	1	3	https://itthon.transindex.ro/?hir=11245	default	default	
1	<a at= href=@LINK livestream.com= szinhazvilagnap= title=@title>	1	0	1	https://multikult.transindex.ro/?hir=8590	default	default	
118	<a class=dossz href=@LINK>	4.669491525	0	4.669491525	https://tech.transindex.ro/?cikk=1124 https://tech.transindex.ro/?cikk=338 https://sarm.transindex.ro/?cikk=63 https://tech.transindex.ro/?cikk=1121 https://sarm.transindex.ro/?cikk=68	default	default	
3	<a class=external free href=@LINK rel=nofollow>	1	0	1	https://itthon.transindex.ro/?hir=59751 https://itthon.transindex.ro/?hir=60230 https://eletmod.transindex.ro/?cikk=27636	default	default	
2	<a class=external text href=@LINK rel=nofollow>	2.5	0	2.5	https://eletmod.transindex.ro/?cikk=27636 https://vilag.transindex.ro/?hir=36201	default	default	
2	<a class=extiw href=@LINK title=@title>	1.5	0	1.5	https://eletmod.transindex.ro/?cikk=25704 https://vilag.transindex.ro/?hir=35622	default	default	
789	<a class=galeria_more onclick=@galeriaNUM style=@STYLE>	2	0	2	https://eletmod.transindex.ro/?cikk=19208 https://multikult.transindex.ro/?cikk=20848 https://itthon.transindex.ro/?cikk=16351 https://eletmod.transindex.ro/?hir=19706 https://multikult.transindex.ro/?cikk=14801	default	default	
1	<a class=galeria_more onclick=@LONG style=@STYLE>	2	0	2	https://eletmod.transindex.ro/?cikk=17248	default	default	
1	<a class=gie-single href=@LINK id=@gFnKSKNUM style=@STYLE target=@target>	4	0	4	https://multikult.transindex.ro/?cikk=29012	default	default	
1	<a class=gie-single href=@LINK id=@ILaQGJbNUM style=@STYLE target=@target>	4	0	4	https://vilag.transindex.ro/?hir=37519	default	default	
1	<a class=gie-single href=@LINK id=@LTEpeeRWBBSmnPANUM style=@STYLE target=@target>	4	0	4	https://eletmod.transindex.ro/?cikk=28568	default	default	
1	<a class=gie-single href=@LINK id=@qxqHvgweNUM style=@STYLE target=@target>	4	0	4	https://multikult.transindex.ro/?cikk=29012	default	default	
1	<a class=gie-single href=@LINK id=@uqMyTQNUM style=@STYLE target=@target>	4	0	4	https://vilag.transindex.ro/?hir=37519	default	default	
1	<a class=gie-single href=@LINK id=@VDoESQRORaNNUM style=@STYLE target=@target>	4	0	4	https://eletmod.transindex.ro/?cikk=28568	default	default	
1	<a class=gie-single href=@LINK id=@XmYEobcwNUM style=@STYLE target=@target>	4	0	4	https://multikult.transindex.ro/?cikk=29012	default	default	
1	<a class=gie-single href=@LINK id=FMFjjVCdQChnjBxYczBncw style=@STYLE target=@target>	4	0	4	https://vilag.transindex.ro/?hir=37519	default	default	
1	<a class=gie-single href=@LINK id=jmS_Ty-lSFREfHYWOVAcwg style=@STYLE target=@target>	4	0	4	https://multikult.transindex.ro/?cikk=29012	default	default	
7	<a class=keklink href=@LINK target=@target>	2.714285714	0	2.714285714	https://eletmod.transindex.ro/?cikk=3365	default	default	
1	<a class=main-button>	1	0	1	https://itthon.transindex.ro/?hir=63583	default	default	
726	<a class=navlink href=@LINK target=@target>	3.67630854	0.06473829201	3.6184573	https://itthon.transindex.ro/?cikk=5698 https://sarm.transindex.ro/?cikk=6500 https://eletmod.transindex.ro/?cikk=4472 https://welemeny.transindex.ro/?cikk=12532 https://tech.transindex.ro/?cikk=3065	hivatkozas	href	
1	<a class=title left href=@LINK id=@buttonNUM>	3	0	3	https://itthon.transindex.ro/?hir=63583	default	default	
1	<a class=title right active href=@LINK id=@buttonNUM>	3	0	3	https://itthon.transindex.ro/?hir=63583	default	default	
74020	<a class=trdeflink href=@LINK target=@target>	3.031032153	0.0296271278	2.982558768	https://itthon.transindex.ro/?hir=24881 https://multikult.transindex.ro/?cikk=10475 https://itthon.transindex.ro/?hir=48551 https://multikult.transindex.ro/?cikk=28291 https://itthon.transindex.ro/?hir=57336	hivatkozas	href	
4	<a class=trdeflink href=@LINK>	1.75	0	1.75	https://tech.transindex.ro/?cikk=340 https://multikult.transindex.ro/?cikk=1938 https://eletmod.transindex.ro/?cikk=2211 https://itthon.transindex.ro/?cikk=25	default	default	
4	<a class=twitter-timeline data-widget-id=@NUM href=@LINK>	3.25	0	3.25	https://vilag.transindex.ro/?cikk=25455 https://vilag.transindex.ro/?hir=24393 https://vilag.transindex.ro/?hir=30623 https://multikult.transindex.ro/?hir=8804	default	default	
1	<a data-quiz=@NUM data-type=@NUM href=@LINK>	1	0	1	https://think.transindex.ro/?cikk=29007	default	default	
1	<a href=@LINK id=@NUM rel=nofollow>	1	0	1	https://eletmod.transindex.ro/?cikk=27157	default	default	
1	<a href=@LINK m= style=@STYLE>	7	0	7	https://vilag.transindex.ro/?cikk=14310	default	default	
256	<a href=@LINK rel=nofollow style=@STYLE target=@target>	1.671875	0	1.671875	https://itthon.transindex.ro/?cikk=27150 https://itthon.transindex.ro/?hir=61496 https://itthon.transindex.ro/?hir=45066 https://itthon.transindex.ro/?hir=63473 https://itthon.transindex.ro/?cikk=28939	default	default	nemkell
4	<a href=@LINK rel=nofollow>	0.5	0.5	0.5	https://itthon.transindex.ro/?hir=62037 https://itthon.transindex.ro/?hir=63373	default	default	
4	<a href=@LINK rel=noopener noreferrer style=@STYLE target=@target title=@title>	2	5	0	https://itthon.transindex.ro/?hir=58611 https://vilag.transindex.ro/?hir=35619 https://itthon.transindex.ro/?hir=58612 https://vilag.transindex.ro/?hir=35718	default	default	
14	<a href=@LINK role=button>	2.071428571	0	2.071428571	https://itthon.transindex.ro/?cikk=25721 https://vilag.transindex.ro/?cikk=28823 https://eletmod.transindex.ro/?hir=21785 https://itthon.transindex.ro/?hir=41064 https://eletmod.transindex.ro/?cikk=28339	default	default	
1	<a href=@LINK streaming= title=@title video=>	3	0	3	https://multikult.transindex.ro/?hir=8590	default	default	
1	<a href=@LINK style=@STYLE szeptember=>	10	0	10	https://vilag.transindex.ro/?cikk=15560	default	default	
1098	<a href=@LINK style=@STYLE target=@target>	8.382513661	2.95992714	7.863387978	https://itthon.transindex.ro/?hir=62555 https://itthon.transindex.ro/?hir=43007 https://itthon.transindex.ro/?hir=38148 https://multikult.transindex.ro/?hir=11416 https://itthon.transindex.ro/?hir=46560	default	default	NEM TALÁLOM, csak olyat ami nem kell... 
1	<a href=@LINK style=@STYLE title=@title>	3	0	3	https://vilag.transindex.ro/?cikk=24425	default	default	
30560	<a href=@LINK style=@STYLE>	8.888743455	0	8.888743455	https://vilag.transindex.ro/?hir=35991 https://itthon.transindex.ro/?cikk=27904 https://itthon.transindex.ro/?hir=57054 https://eletmod.transindex.ro/?hir=18712 https://itthon.transindex.ro/?hir=58785	hivatkozas	href	
10	<a href=@LINK target=@target title=@title>	3	0	3	https://eletmod.transindex.ro/?cikk=22508 https://vilag.transindex.ro/?cikk=26183 https://eletmod.transindex.ro/?hir=25043	hivatkozas	href	
42	<a href=@LINK target=@target>	2.095238095	0.1428571429	1.857142857	https://itthon.transindex.ro/?hir=38115 https://itthon.transindex.ro/?cikk=24532 https://itthon.transindex.ro/?hir=38076 https://itthon.transindex.ro/?hir=38114 https://itthon.transindex.ro/?hir=38051	hivatkozas	href	
118	<a href=@LINK title=@title>	1.016949153	0.813559322	0.6016949153	https://itthon.transindex.ro/?hir=60230 https://vilag.transindex.ro/?hir=33204 https://eletmod.transindex.ro/?hir=22559 https://eletmod.transindex.ro/?hir=23691 https://multikult.transindex.ro/?hir=8872	hivatkozas	href	
501519	<a href=@LINK>	6.951278017	0.08856294577	6.951262066	https://multikult.transindex.ro/?hir=7167 https://vilag.transindex.ro/?hir=32609 https://vilag.transindex.ro/?hir=19184 https://vilag.transindex.ro/?hir=24648 https://vilag.transindex.ro/?cikk=8254	hivatkozas	href	
1	<aside class=poll data-id=@NUM>	24	19	0	https://vilag.transindex.ro/?cikk=7161	default	default	
158	<aside class=quote>	49.39873418	1.221518987	45.3164557	https://itthon.transindex.ro/?cikk=28184 https://itthon.transindex.ro/?cikk=24811 https://itthon.transindex.ro/?cikk=28449 https://itthon.transindex.ro/?cikk=24995 https://think.transindex.ro/?cikk=28508	idezet	default	
6594	<aside class=simple>	100.085684	8.482711556	87.35941765	https://itthon.transindex.ro/?cikk=3010 https://vilag.transindex.ro/?cikk=28725 https://itthon.transindex.ro/?cikk=3360 https://multikult.transindex.ro/?cikk=10432 https://itthon.transindex.ro/?cikk=28994	bekezdes	default	doboz léesz, csak van 1 fejlesztenivaló
22169	<aside id=popup>	32	18	0	https://itthon.transindex.ro/?cikk=9793 https://vilag.transindex.ro/?cikk=25636 https://eletmod.transindex.ro/?cikk=1422 https://itthon.transindex.ro/?cikk=10412 https://multikult.transindex.ro/?cikk=8135	default	default	
1	<aside>	240	131	0	https://itthon.transindex.ro/?hir=63583	default	default	
1	<az esztend= ezel= gy= haz= hiszen= j= kilencven= l= magyar= nagyrom= r= sz= tragikus=>	46	1	46	https://itthon.transindex.ro/?hir=25049	default	default	
295328	<b>	2.35715882	0.02159294073	2.330232826	https://itthon.transindex.ro/?hir=44223 https://multikult.transindex.ro/?hir=11291 https://multikult.transindex.ro/?cikk=16070 https://multikult.transindex.ro/?hir=4359 https://itthon.transindex.ro/?hir=34599	felkover	default	
258	<blockquote cite=@LINK class=fb-xfbml-parse-ignore>	24.40697674	4.534883721	2.096899225	https://eletmod.transindex.ro/?hir=24722 https://itthon.transindex.ro/?hir=59347 https://itthon.transindex.ro/?hir=63532 https://itthon.transindex.ro/?hir=64020 https://itthon.transindex.ro/?hir=64075	hivatkozas	cite	lehet nem kell mert a parent tag-ben is benne van a hivatkozás
1	<blockquote cite=@LINK class=tiktok-embed data-video-id=@NUM style=@STYLE>	14	10	0	https://eletmod.transindex.ro/?hir=25043	default	default	
302	<blockquote cite=@LINK>	22.69536424	2.831125828	3.278145695	https://eletmod.transindex.ro/?cikk=25791 https://itthon.transindex.ro/?hir=39348 https://eletmod.transindex.ro/?hir=20870 https://itthon.transindex.ro/?hir=41050 https://multikult.transindex.ro/?cikk=25800	hivatkozas	cite	
5	<blockquote cite=@LONG>	12.8	3	6.6	https://itthon.transindex.ro/?hir=39453 https://multikult.transindex.ro/?cikk=25301 https://eletmod.transindex.ro/?hir=21015 https://itthon.transindex.ro/?hir=39796 https://itthon.transindex.ro/?hir=40080	default	default	
77	<blockquote class=instagram-media data-instgrm-captioned= data-instgrm-permalink=@LINK data-instgrm-version=@NUM style=@STYLE>	62.35064935	31.64935065	0	https://eletmod.transindex.ro/?hir=23947 https://multikult.transindex.ro/?cikk=27507 https://vilag.transindex.ro/?hir=34631 https://eletmod.transindex.ro/?cikk=28339 https://eletmod.transindex.ro/?hir=23706	social_media	data-instgrm-permalink	
127	<blockquote class=instagram-media data-instgrm-captioned= data-instgrm-version=@NUM style=@STYLE>	35.76377953	7.181102362	0	https://eletmod.transindex.ro/?cikk=24955 https://eletmod.transindex.ro/?hir=22970 https://vilag.transindex.ro/?cikk=26287 https://eletmod.transindex.ro/?hir=21783 https://eletmod.transindex.ro/?hir=22477	social_media	default	
44	<blockquote class=instagram-media data-instgrm-permalink=@LINK data-instgrm-version=@NUM style=@STYLE>	18.36363636	35	0	https://multikult.transindex.ro/?cikk=27947 https://multikult.transindex.ro/?cikk=27608 https://multikult.transindex.ro/?cikk=28054 https://multikult.transindex.ro/?cikk=28408 https://multikult.transindex.ro/?cikk=27994	social_media	data-instgrm-permalink	
2	<blockquote class=instagram-media data-instgrm-version=@NUM style=@STYLE>	14	6	0	https://eletmod.transindex.ro/?cikk=24955 https://eletmod.transindex.ro/?cikk=25460	default	default	
4	<blockquote class=twitter-tweet data-conversation=none data-lang=en>	15.5	3.75	4	https://eletmod.transindex.ro/?hir=22565	default	default	
2	<blockquote class=twitter-tweet data-conversation=none data-lang=ro>	26	4	5.5	https://vilag.transindex.ro/?hir=34139	default	default	
2	<blockquote class=twitter-tweet data-conversation=none lang=en>	17.5	4.5	3	https://vilag.transindex.ro/?cikk=22677 https://vilag.transindex.ro/?cikk=24144	default	default	
1	<blockquote class=twitter-tweet data-conversation=none lang=hu>	20	5	3	https://vilag.transindex.ro/?hir=26980	default	default	
1	<blockquote class=twitter-tweet data-lang=en-gb>	14	4	4	https://eletmod.transindex.ro/?hir=23970	default	default	
448	<blockquote class=twitter-tweet data-lang=en>	22.06026786	5.209821429	4.098214286	https://vilag.transindex.ro/?hir=35144 https://itthon.transindex.ro/?hir=44432 https://vilag.transindex.ro/?hir=29471 https://vilag.transindex.ro/?hir=31590 https://vilag.transindex.ro/?hir=31998	social_media	default	
152	<blockquote class=twitter-tweet data-lang=hu>	23.70394737	4.789473684	4.282894737	https://itthon.transindex.ro/?hir=44326 https://vilag.transindex.ro/?hir=34400 https://vilag.transindex.ro/?hir=34414 https://vilag.transindex.ro/?hir=31507 https://vilag.transindex.ro/?hir=33073	social_media	default	
13	<blockquote class=twitter-tweet data-lang=ro>	28.61538462	3.923076923	4.153846154	https://vilag.transindex.ro/?hir=30196 https://vilag.transindex.ro/?hir=32169 https://vilag.transindex.ro/?hir=32295 https://vilag.transindex.ro/?hir=31253 https://eletmod.transindex.ro/?hir=22935	social_media	default	
648	<blockquote class=twitter-tweet lang=en>	20.27469136	4.99691358	4.049382716	https://vilag.transindex.ro/?cikk=23826 https://vilag.transindex.ro/?hir=25559 https://vilag.transindex.ro/?hir=22714 https://vilag.transindex.ro/?hir=24869 https://eletmod.transindex.ro/?hir=20818	social_media	default	
94	<blockquote class=twitter-tweet lang=hu>	20.23404255	4.744680851	3.968085106	https://vilag.transindex.ro/?hir=24813 https://eletmod.transindex.ro/?hir=20346 https://vilag.transindex.ro/?hir=22677 https://eletmod.transindex.ro/?hir=20971 https://eletmod.transindex.ro/?hir=20330	social_media	default	
231	<blockquote class=twitter-tweet>	31.78354978	4.770562771	4.441558442	https://vilag.transindex.ro/?hir=36967 https://vilag.transindex.ro/?hir=37095 https://vilag.transindex.ro/?hir=37594 https://multikult.transindex.ro/?hir=11605 https://vilag.transindex.ro/?hir=36908	social_media	default	
2	<blockquote class=twitter-video data-lang=en-gb>	18	4	3.5	https://eletmod.transindex.ro/?hir=22853 https://eletmod.transindex.ro/?cikk=26879	default	default	
7	<blockquote class=twitter-video data-lang=en>	20.85714286	5.571428571	3.857142857	https://vilag.transindex.ro/?hir=29847 https://vilag.transindex.ro/?hir=31439 https://vilag.transindex.ro/?hir=32344 https://vilag.transindex.ro/?hir=31415 https://vilag.transindex.ro/?hir=29126	default	default	
15	<blockquote class=twitter-video data-lang=hu>	21.13333333	5.466666667	4.066666667	https://vilag.transindex.ro/?hir=32416 https://eletmod.transindex.ro/?hir=21953 https://eletmod.transindex.ro/?hir=22835 https://vilag.transindex.ro/?hir=29441 https://eletmod.transindex.ro/?hir=22875	media_tartalom	default	
1	<blockquote class=twitter-video lang=hu>	15	4	3	https://eletmod.transindex.ro/?hir=21479	default	default	
880	<div align=@STYLE id=@galeriaNUM style=@STYLE>	22.53636364	56.79772727	0	https://multikult.transindex.ro/?cikk=20747 https://multikult.transindex.ro/?cikk=14927 https://eletmod.transindex.ro/?hir=18824 https://itthon.transindex.ro/?hir=28367 https://multikult.transindex.ro/?cikk=17116	default	default	ez nem kell.
1108	<div align=@STYLE id=galeria_holder>	35.78429603	86.32400722	0	https://eletmod.transindex.ro/?cikk=21329 https://multikult.transindex.ro/?cikk=20851 https://multikult.transindex.ro/?cikk=18119 https://eletmod.transindex.ro/?cikk=14545 https://itthon.transindex.ro/?cikk=18460	default	default	
790	<div align=@STYLE id=galeria_more style=@STYLE>	2	3	0	https://eletmod.transindex.ro/?cikk=19701 https://multikult.transindex.ro/?cikk=17847 https://itthon.transindex.ro/?cikk=25296 https://eletmod.transindex.ro/?cikk=17903 https://eletmod.transindex.ro/?cikk=13344	default	default	ez 'teljes galéria' résznek a kattintós sávja. Nincs link benne meg semmi.
1108	<div align=@STYLE>	17.88537906	39.41967509	0	https://itthon.transindex.ro/?cikk=23339 https://eletmod.transindex.ro/?cikk=22102 https://eletmod.transindex.ro/?cikk=13213 https://multikult.transindex.ro/?cikk=16976 https://multikult.transindex.ro/?cikk=15139	default	default	
1	<div class=dipity_embed style=@STYLE>	3	4	0	https://itthon.transindex.ro/?cikk=23193	default	default	
4	<div class=fb-post data-href=@LINK data-show-text=false data-width=@STYLE>	26.75	4.25	0	https://eletmod.transindex.ro/?cikk=28339 https://eletmod.transindex.ro/?hir=24722 https://eletmod.transindex.ro/?hir=24422 https://itthon.transindex.ro/?cikk=28840	default	default	
248	<div class=fb-post data-href=@LINK data-show-text=true data-width=@STYLE>	24.38306452	5.588709677	0	https://itthon.transindex.ro/?hir=63607 https://itthon.transindex.ro/?hir=63616 https://itthon.transindex.ro/?hir=59452 https://eletmod.transindex.ro/?cikk=28752 https://itthon.transindex.ro/?hir=59492	social_media	data-href	
536	<div class=fb-post data-href=@LINK data-width=@STYLE>	12.3880597	3.888059701	0	https://itthon.transindex.ro/?hir=41064 https://itthon.transindex.ro/?hir=42386 https://itthon.transindex.ro/?hir=38075 https://multikult.transindex.ro/?hir=9173 https://vilag.transindex.ro/?hir=26993	social_media	data-href	
19	<div class=fb-video data-allowfullscreen=@NUM data-href=@LINK>	31.68421053	5	0	https://eletmod.transindex.ro/?cikk=25534 https://eletmod.transindex.ro/?hir=21288 https://eletmod.transindex.ro/?cikk=25533 https://itthon.transindex.ro/?cikk=25848 https://multikult.transindex.ro/?hir=9587	media_tartalom	data-href	
18	<div class=fb-video data-allowfullscreen=@NUM data-href=@LONG>	38.38888889	5	0	https://itthon.transindex.ro/?cikk=25721 https://eletmod.transindex.ro/?cikk=25364 https://eletmod.transindex.ro/?hir=21217 https://itthon.transindex.ro/?hir=41677 https://vilag.transindex.ro/?hir=28438	media_tartalom	default	
1	<div class=fb-video data-allowfullscreen=@NUM data-href=@STYLE>	28	5	0	https://eletmod.transindex.ro/?hir=21569	default	default	
2	<div class=fb-video data-allowfullscreen=true data-href=@LINK>	41.5	5	0	https://eletmod.transindex.ro/?hir=21015 https://multikult.transindex.ro/?cikk=25054	default	default	
2	<div class=fb-video data-allowfullscreen=true data-href=@LONG>	10.5	5	0	https://itthon.transindex.ro/?hir=39453 https://itthon.transindex.ro/?hir=39796	default	default	
7	<div class=fb-video data-href=@LINK data-show-text=false data-width=@STYLE>	20.42857143	3.571428571	0	https://itthon.transindex.ro/?cikk=28569 https://multikult.transindex.ro/?cikk=27906 https://multikult.transindex.ro/?hir=11560 https://itthon.transindex.ro/?hir=61153 https://eletmod.transindex.ro/?hir=24754	default	default	
577	<div class=fb-xfbml-parse-ignore>	13.97746967	2.975736568	0.9012131716	https://multikult.transindex.ro/?hir=9722 https://multikult.transindex.ro/?hir=9450 https://itthon.transindex.ro/?hir=39807 https://multikult.transindex.ro/?hir=9203 https://itthon.transindex.ro/?hir=39321	social_media	default	
125	<div class=getty embed image style=@STYLE>	3.992	5.12	0	https://eletmod.transindex.ro/?hir=22116 https://eletmod.transindex.ro/?hir=22002 https://eletmod.transindex.ro/?cikk=26149 https://itthon.transindex.ro/?cikk=25053 https://multikult.transindex.ro/?hir=9618	beagyazott_tartalom	default	
12875	<div class=highslide-caption>	3.079533981	4	3.079533981	https://multikult.transindex.ro/?cikk=25824 https://vilag.transindex.ro/?cikk=16833 https://itthon.transindex.ro/?cikk=13804 https://eletmod.transindex.ro/?hir=19831 https://multikult.transindex.ro/?cikk=14782	default	default	
1	<div class=idogep-panel>	11	6	0	https://itthon.transindex.ro/?hir=63583	default	default	
1	<div class=inner style=@STYLE>	28	49	0	https://itthon.transindex.ro/?hir=63583	default	default	
93278	<div class=inner>	29.2116469	9.534005875	0	https://eletmod.transindex.ro/?hir=15123 https://eletmod.transindex.ro/?hir=13202 https://multikult.transindex.ro/?hir=5513 https://eletmod.transindex.ro/?hir=17267 https://itthon.transindex.ro/?hir=34305	default	default	kapcsolódó cikkek. decompose?
865	<div class=kozvitabox style=@STYLE>	318.1271676	105.9606936	0	https://itthon.transindex.ro/?hir=58625 https://welemeny.transindex.ro/?cikk=22749 https://itthon.transindex.ro/?cikk=27022 https://vilag.transindex.ro/?hir=31615 https://multikult.transindex.ro/?cikk=27576	decompose	default	ez olyan mint a related cikkek
2	<div class=links>	4	4.5	0	https://itthon.transindex.ro/?hir=63583	default	default	
1310	<div class=MagazinFelvezeto>	21.6259542	0.506870229	20.60916031	https://sarm.transindex.ro/?cikk=2009 https://sarm.transindex.ro/?cikk=13360 https://tech.transindex.ro/?cikk=8483 https://sarm.transindex.ro/?cikk=11609 https://sarm.transindex.ro/?cikk=8365	vez_bekezdes	default	
10377	<div class=MagazinSzoveg>	193.2601908	14.78047605	183.3995374	https://tech.transindex.ro/?hir=5268 https://tech.transindex.ro/?cikk=1270 https://tech.transindex.ro/?hir=5093 https://tech.transindex.ro/?hir=2730 https://tech.transindex.ro/?hir=6488	default	default	ez is cikktörzs
1	<div class=mahir>	2	1	0	https://itthon.transindex.ro/?hir=63583	default	default	
18	<div class=qp_a onclick=@LONG style=@STYLE>	5.611111111	2	0	https://eletmod.transindex.ro/?cikk=27157	beagyazott_tartalom	default	
1	<div class=right-col>	8	11	0	https://itthon.transindex.ro/?hir=63583	default	default	
5906	<div class=section image>	5.51794785	2.017609211	0	https://eletmod.transindex.ro/?cikk=22592 https://vilag.transindex.ro/?hir=34172 https://itthon.transindex.ro/?hir=58741 https://itthon.transindex.ro/?hir=55106 https://itthon.transindex.ro/?hir=54703	media_tartalom	default	
1	<div cmt=@NUM fp=@NUM id=@NUM results=@NUM style=@STYLE>	85	70	0	https://eletmod.transindex.ro/?cikk=27157	default	default	
7	<div id=@NUM style=@STYLE>	12.42857143	10.71428571	0	https://eletmod.transindex.ro/?cikk=27157	default	default	
1210	<div id=CikkHozzaszolas>	14	22	0	https://tech.transindex.ro/?hir=8445 https://tech.transindex.ro/?hir=8619 https://tech.transindex.ro/?hir=8377 https://tech.transindex.ro/?hir=8891 https://tech.transindex.ro/?hir=9052	decompose	default	kommenttelésnek hely
1108	<div id=galeria_keret>	36.89530686	90.17599278	0	https://itthon.transindex.ro/?hir=29143 https://itthon.transindex.ro/?cikk=18429 https://itthon.transindex.ro/?hir=29935 https://eletmod.transindex.ro/?cikk=19208 https://multikult.transindex.ro/?cikk=17679	galeria	default	
22169	<div id=newest>	16	6	0	https://multikult.transindex.ro/?cikk=13341 https://itthon.transindex.ro/?cikk=9584 https://multikult.transindex.ro/?cikk=12137 https://eletmod.transindex.ro/?cikk=2980 https://itthon.transindex.ro/?cikk=6106	default	default	
22169	<div id=top>	14	6	0	https://eletmod.transindex.ro/?cikk=23322 https://itthon.transindex.ro/?cikk=15533 https://eletmod.transindex.ro/?cikk=4456 https://multikult.transindex.ro/?cikk=17293 https://multikult.transindex.ro/?cikk=21500	default	default	nem talalom
3883	<div style=@STYLE>	3.554468195	2.522791656	0.1774401236	https://itthon.transindex.ro/?hir=61417 https://itthon.transindex.ro/?hir=61833 https://itthon.transindex.ro/?hir=59382 https://itthon.transindex.ro/?hir=63447 https://eletmod.transindex.ro/?cikk=25133	default	default	
1429	<div>	440.3358992	50.89153254	0	https://tech.transindex.ro/?cikk=4079 https://sarm.transindex.ro/?cikk=19746 https://sarm.transindex.ro/?cikk=8623 https://tech.transindex.ro/?cikk=3410 https://tech.transindex.ro/?cikk=2994	default	default	
2	<em>	1.5	0	1.5	https://multikult.transindex.ro/?cikk=26457 https://vilag.transindex.ro/?cikk=25785	default	default	
1	<eredm>	368	19	367	https://itthon.transindex.ro/?hir=21367	default	default	
5	<font color=>	6.6	2.8	5.4	https://tech.transindex.ro/?cikk=171 https://tech.transindex.ro/?hir=7242	default	default	
1	<footer>	28	50	0	https://itthon.transindex.ro/?hir=63583	decompose	default	
356	<form action= class=magszavopt method=post name=szavazogep>	22.03932584	20.24438202	0	https://eletmod.transindex.ro/?cikk=22757 https://eletmod.transindex.ro/?cikk=1507 https://eletmod.transindex.ro/?cikk=6532 https://eletmod.transindex.ro/?cikk=1684 https://multikult.transindex.ro/?cikk=7319	valaszblokk	default	
55	<form action=@LINK class=magszavopt method=post name=szavazogep>	34.87272727	26.43636364	0	https://sarm.transindex.ro/?cikk=4734 https://tech.transindex.ro/?cikk=9954 https://sarm.transindex.ro/?cikk=16116 https://sarm.transindex.ro/?cikk=4388 https://sarm.transindex.ro/?cikk=4702	valaszblokk	default	
1	<form action=@LINK id=@NUM method=post style=@STYLE target=@target>	84	60	0	https://eletmod.transindex.ro/?cikk=27157	decompose	default	
1210	<form action=@LINK id=HUrlap method=post name=HUrlap onsubmit=return mehete(this);>	7	18	0	https://tech.transindex.ro/?hir=8651 https://tech.transindex.ro/?cikk=14673 https://tech.transindex.ro/?hir=9028 https://tech.transindex.ro/?hir=8610 https://tech.transindex.ro/?hir=8622	valaszblokk	default	ez eltűnik a CikkHozzaszolas decompose-al
1	<form action=@LINK id=szavazogepf method=post name=szavazogepf>	59	27	0	https://itthon.transindex.ro/?hir=63583	valaszblokk	default	
1	<form action=@NUM method=post>	20	17	0	https://vilag.transindex.ro/?cikk=7161	valaszblokk	default	
124146	<h2>	5.194786783	0.0002497059913	5.194416252	https://itthon.transindex.ro/?hir=5621 https://vilag.transindex.ro/?hir=33729 https://itthon.transindex.ro/?hir=53831 https://multikult.transindex.ro/?hir=5182 https://itthon.transindex.ro/?hir=5735	kiemelt	default	ez cikken kívüli 'További információ'
865	<h3 style=@STYLE>	2.572254335	0	2.572254335	https://itthon.transindex.ro/?hir=36811 https://itthon.transindex.ro/?hir=35330 https://itthon.transindex.ro/?hir=24580 https://itthon.transindex.ro/?hir=56669 https://itthon.transindex.ro/?hir=58301	default	default	ez is megy a kozvitabox-al^
44339	<h3>	13.99979702	0.9999774465	0.000112767541	https://multikult.transindex.ro/?cikk=21543 https://eletmod.transindex.ro/?cikk=15360 https://multikult.transindex.ro/?cikk=14726 https://eletmod.transindex.ro/?cikk=5269 https://vilag.transindex.ro/?cikk=27682	kiemelet	default	cikktörzsön kívül
232555	<i>	2.821646492	0.09525058588	2.820481176	https://eletmod.transindex.ro/?hir=19002 https://vilag.transindex.ro/?hir=15073 https://multikult.transindex.ro/?hir=9621 https://itthon.transindex.ro/?hir=45960 https://vilag.transindex.ro/?hir=29098	dolt	default	
1	<iframe seamless= src=@LINK style=@STYLE>	7	1	0	https://multikult.transindex.ro/?hir=11463	default	default	
1	<istennek>	24	0	24	https://eletmod.transindex.ro/?cikk=6536	default	default	
2626	<label for=@valaszidNUM>	3.748286367	1	2.748286367	https://eletmod.transindex.ro/?cikk=14313 https://tech.transindex.ro/?cikk=3293 https://sarm.transindex.ro/?cikk=2482 https://eletmod.transindex.ro/?cikk=1590 https://itthon.transindex.ro/?cikk=9315	valasz	default	
1	<li class=recommended>	10	3	0	https://itthon.transindex.ro/?hir=63583	default	default	
2	<li class=title>	1	1	0	https://itthon.transindex.ro/?hir=63583	default	default	
35	<li>	5.457142857	2.2	0	https://itthon.transindex.ro/?hir=63583	listaelem	default	
1	<megc>	187	3	186	https://itthon.transindex.ro/?cikk=35	default	default	
1	<meggugulunk>	32	2	30	https://tech.transindex.ro/?hir=6197	default	default	
1	<most a= cs= el= hat= hogy= kell= meg= mennyit= mit= pr= szabads= tehet=>	161	3	161	https://itthon.transindex.ro/?hir=851	default	default	
1	<munka k=>	245	17	241	https://itthon.transindex.ro/?cikk=10221	default	default	
1	<ne keresnek= titeket=>	31	0	31	https://multikult.transindex.ro/?cikk=12479	default	default	
7436	<noscript>	7.934238838	1.008472297	6.940962883	https://multikult.transindex.ro/?cikk=9225 https://eletmod.transindex.ro/?cikk=21199 https://eletmod.transindex.ro/?cikk=24272 https://multikult.transindex.ro/?cikk=11576 https://itthon.transindex.ro/?cikk=9689	default	default	
39	<object classid=@LONG codebase=@LINK height=@STYLE width=@STYLE>	9	7	0	https://eletmod.transindex.ro/?cikk=3659 https://multikult.transindex.ro/?cikk=3292 https://eletmod.transindex.ro/?cikk=3570 https://eletmod.transindex.ro/?cikk=5759 https://eletmod.transindex.ro/?cikk=3545	default	default	
39	<object data=@LONG height=@STYLE type=application/x-shockwave-flash width=@STYLE>	9	3	9	https://sarm.transindex.ro/?cikk=3047 https://sarm.transindex.ro/?cikk=3855 https://eletmod.transindex.ro/?cikk=3882 https://eletmod.transindex.ro/?cikk=3659 https://eletmod.transindex.ro/?cikk=3717	default	default	
1	<p dir=ltr lang=cs>	18	1	17	https://vilag.transindex.ro/?hir=36822	default	default	
2	<p dir=ltr lang=da>	15	1.5	14	https://vilag.transindex.ro/?hir=28438 https://vilag.transindex.ro/?hir=34650	default	default	
19	<p dir=ltr lang=de>	20.73684211	3.526315789	18.21052632	https://vilag.transindex.ro/?hir=31390 https://vilag.transindex.ro/?hir=26352 https://multikult.transindex.ro/?hir=11402 https://vilag.transindex.ro/?cikk=25455 https://vilag.transindex.ro/?cikk=25719	bekezdes	default	
870	<p dir=ltr lang=en>	18.4045977	2.945977011	16.30229885	https://vilag.transindex.ro/?hir=28766 https://vilag.transindex.ro/?cikk=27682 https://vilag.transindex.ro/?hir=37638 https://eletmod.transindex.ro/?hir=22352 https://vilag.transindex.ro/?cikk=28713	bekezdes	default	
21	<p dir=ltr lang=es>	12.80952381	3.047619048	10	https://vilag.transindex.ro/?hir=37643 https://vilag.transindex.ro/?hir=31930 https://vilag.transindex.ro/?hir=25936 https://vilag.transindex.ro/?hir=28294 https://itthon.transindex.ro/?hir=45617	bekezdes	default	
1	<p dir=ltr lang=et>	13	6	8	https://itthon.transindex.ro/?hir=40864	default	default	
44	<p dir=ltr lang=fr>	16.88636364	3.659090909	14.52272727	https://itthon.transindex.ro/?hir=47053 https://eletmod.transindex.ro/?hir=22515 https://eletmod.transindex.ro/?hir=24576 https://eletmod.transindex.ro/?hir=22707 https://vilag.transindex.ro/?hir=36792	bekezdes	default	
1	<p dir=ltr lang=hi>	15	7	9	https://vilag.transindex.ro/?hir=28867	default	default	
7	<p dir=ltr lang=hu>	15.57142857	2.714285714	13.42857143	https://itthon.transindex.ro/?hir=45981 https://multikult.transindex.ro/?hir=11717 https://vilag.transindex.ro/?hir=37642 https://itthon.transindex.ro/?cikk=26471 https://vilag.transindex.ro/?hir=32137	default	default	
2	<p dir=ltr lang=in>	4.5	1.5	3	https://eletmod.transindex.ro/?hir=21681 https://eletmod.transindex.ro/?hir=24850	default	default	
1	<p dir=ltr lang=is>	12	4	11	https://multikult.transindex.ro/?hir=11402	default	default	
16	<p dir=ltr lang=it>	16.5	3.1875	14.125	https://vilag.transindex.ro/?hir=29521 https://vilag.transindex.ro/?hir=37095 https://vilag.transindex.ro/?hir=35142 https://eletmod.transindex.ro/?hir=21748 https://vilag.transindex.ro/?hir=29708	bekezdes	default	
8	<p dir=ltr lang=nl>	14.625	3.625	14.125	https://vilag.transindex.ro/?hir=34400 https://vilag.transindex.ro/?hir=29324 https://vilag.transindex.ro/?hir=34701 https://vilag.transindex.ro/?hir=28406 https://vilag.transindex.ro/?hir=28438	default	default	
4	<p dir=ltr lang=no>	22.5	1.75	20.75	https://eletmod.transindex.ro/?hir=21963 https://vilag.transindex.ro/?hir=28844 https://eletmod.transindex.ro/?hir=23068 https://multikult.transindex.ro/?hir=9644	default	default	
1	<p dir=ltr lang=pl>	7	1	6	https://vilag.transindex.ro/?hir=36765	default	default	
2	<p dir=ltr lang=pt>	19	2.5	18	https://vilag.transindex.ro/?hir=30544 https://vilag.transindex.ro/?hir=35710	default	default	
9	<p dir=ltr lang=ro>	24.11111111	2.666666667	22.88888889	https://itthon.transindex.ro/?hir=44326 https://eletmod.transindex.ro/?hir=23725 https://eletmod.transindex.ro/?hir=22556 https://itthon.transindex.ro/?hir=50116 https://vilag.transindex.ro/?hir=37368	default	default	
8	<p dir=ltr lang=ru>	13.5	3.375	10.875	https://vilag.transindex.ro/?hir=31281 https://multikult.transindex.ro/?hir=10890 https://vilag.transindex.ro/?hir=36483 https://vilag.transindex.ro/?hir=34145 https://vilag.transindex.ro/?hir=34619	default	default	
1	<p dir=ltr lang=sr>	11	2	9	https://vilag.transindex.ro/?hir=25821	default	default	
2	<p dir=ltr lang=sv>	21	4	19	https://eletmod.transindex.ro/?hir=23861 https://vilag.transindex.ro/?hir=31057	default	default	
6	<p dir=ltr lang=tr>	16	2.833333333	16	https://vilag.transindex.ro/?hir=29404 https://itthon.transindex.ro/?hir=62359 https://vilag.transindex.ro/?hir=32007 https://vilag.transindex.ro/?hir=27183	default	default	
2	<p dir=ltr lang=uk>	21	2.5	19	https://vilag.transindex.ro/?hir=35452 https://vilag.transindex.ro/?hir=29213	default	default	
21	<p dir=ltr lang=und>	5	2.80952381	2.285714286	https://vilag.transindex.ro/?hir=37529 https://eletmod.transindex.ro/?hir=24118 https://vilag.transindex.ro/?hir=31818 https://multikult.transindex.ro/?cikk=25824 https://eletmod.transindex.ro/?hir=21638	bekezdes	default	
1	<p dir=ltr lang=zh>	9	5	4	https://eletmod.transindex.ro/?hir=21342	default	default	
1	<p dir=rtl lang=ar>	11	2	9	https://eletmod.transindex.ro/?hir=21185	default	default	
30285	<p style=@STYLE>	10.18428265	1.980452369	0.04678883936	https://itthon.transindex.ro/?hir=32380 https://itthon.transindex.ro/?hir=58713 https://multikult.transindex.ro/?hir=9618 https://itthon.transindex.ro/?hir=55878 https://vilag.transindex.ro/?cikk=14310	default	default	
163806	<p>	46.64047105	2.523204278	43.54878942	https://itthon.transindex.ro/?hir=57355 https://itthon.transindex.ro/?hir=36245 https://itthon.transindex.ro/?hir=39202 https://eletmod.transindex.ro/?hir=7560 https://itthon.transindex.ro/?hir=52143	bekezdes	default	
1	<politikai akaratuk= kinyilv=>	218	6	216	https://itthon.transindex.ro/?hir=47086	default	default	
1	<rend>	113	7	107	https://tech.transindex.ro/?hir=8954	default	default	
1	<script id=trfc_trafic_script type=text/javascript>	45	0	45	https://itthon.transindex.ro/?hir=63583	default	default	
1210	<script language=JavaScript>	183	0	183	https://tech.transindex.ro/?hir=8429 https://tech.transindex.ro/?hir=9169 https://tech.transindex.ro/?hir=9072 https://tech.transindex.ro/?hir=9272 https://tech.transindex.ro/?hir=8893	default	default	
7423	<script type=text/javascript>	1.097265257	0	1.097265257	https://eletmod.transindex.ro/?cikk=16009 https://eletmod.transindex.ro/?cikk=14962 https://eletmod.transindex.ro/?cikk=24279 https://itthon.transindex.ro/?hir=31813 https://eletmod.transindex.ro/?cikk=11086	default	default	
718	<script>	21.23955432	0	21.23955432	https://itthon.transindex.ro/?cikk=26661 https://eletmod.transindex.ro/?hir=20396 https://eletmod.transindex.ro/?cikk=28108 https://multikult.transindex.ro/?cikk=25250 https://itthon.transindex.ro/?hir=57699	default	default	
1	<section class=@NUM>	111	44	0	https://itthon.transindex.ro/?hir=63583	default	default	
1	<section class=ezmegvolt>	6	5	0	https://itthon.transindex.ro/?hir=63583	default	default	
1	<section class=idogep>	11	8	0	https://itthon.transindex.ro/?hir=63583	default	default	
1	<section class=latest-posts>	48	30	0	https://itthon.transindex.ro/?hir=63583	default	default	
22169	<section class=lead>	19.90653615	1.000045108	0	https://eletmod.transindex.ro/?cikk=7668 https://itthon.transindex.ro/?cikk=23768 https://itthon.transindex.ro/?cikk=9729 https://eletmod.transindex.ro/?cikk=153 https://eletmod.transindex.ro/?cikk=23978	vez_bekezdes	default	
412	<section class=poll>	28.56067961	23.08737864	0	https://itthon.transindex.ro/?cikk=4423 https://sarm.transindex.ro/?cikk=5803 https://itthon.transindex.ro/?cikk=1147 https://itthon.transindex.ro/?cikk=15975 https://sarm.transindex.ro/?cikk=2666	kviz	default	
93278	<section class=related>	29.2116469	10.53400587	0	https://vilag.transindex.ro/?hir=7986 https://itthon.transindex.ro/?hir=55207 https://vilag.transindex.ro/?hir=18598 https://eletmod.transindex.ro/?hir=17018 https://itthon.transindex.ro/?hir=13745	decompose	default	kapcsolódó cikkek. decompose?
157482	<section class=text>	237.1563036	18.57539274	173.0349754	https://vilag.transindex.ro/?hir=508 https://eletmod.transindex.ro/?hir=2178 https://itthon.transindex.ro/?hir=52194 https://itthon.transindex.ro/?hir=58819 https://eletmod.transindex.ro/?cikk=4149	default	default	ez a cikktörzs
1	<section id=select-city>	11	23	0	https://itthon.transindex.ro/?hir=63583	default	default	
1	<section>	14	9	0	https://eletmod.transindex.ro/?hir=25043	default	default	
44364	<small>	1.001262285	0.00058606077	0.9995266432	https://eletmod.transindex.ro/?cikk=2424 https://eletmod.transindex.ro/?cikk=3754 https://multikult.transindex.ro/?cikk=20105 https://multikult.transindex.ro/?cikk=22622 https://eletmod.transindex.ro/?cikk=6507	default	default	
29	<span class=@LINK>	8.931034483	0.6206896552	8.448275862	https://welemeny.transindex.ro/?cikk=14156 https://vilag.transindex.ro/?cikk=7101 https://multikult.transindex.ro/?cikk=20702 https://multikult.transindex.ro/?hir=10761 https://tech.transindex.ro/?hir=8390	hivatkozas	default	
1	<span class=@NUM>	7	0	7	https://tech.transindex.ro/?cikk=6925	default	default	
10410	<span class=@STYLE>	14.15264169	0.09269932757	14.01690682	https://itthon.transindex.ro/?hir=60947 https://itthon.transindex.ro/?hir=56223 https://itthon.transindex.ro/?hir=64229 https://vilag.transindex.ro/?hir=36592 https://itthon.transindex.ro/?cikk=27460	kiemelt	default	
11	<span class=boldogszov>	30.81818182	2.727272727	28.90909091	https://eletmod.transindex.ro/?cikk=4783 https://itthon.transindex.ro/?cikk=4984 https://itthon.transindex.ro/?cikk=4811 https://eletmod.transindex.ro/?cikk=5559 https://itthon.transindex.ro/?cikk=5349	bekezdes	default	
1	<span class=bordo>	3	0	3	https://eletmod.transindex.ro/?cikk=3680	default	default	
64730	<span class=bordocim>	7.658643596	0.1007569906	7.592321953	https://eletmod.transindex.ro/?cikk=20915 https://multikult.transindex.ro/?cikk=2076 https://multikult.transindex.ro/?cikk=10266 https://eletmod.transindex.ro/?cikk=26810 https://multikult.transindex.ro/?cikk=25255	cimsor	default	
2	<span class=BORDOCIM>	3.5	0	3.5	https://eletmod.transindex.ro/?cikk=5458	default	default	
1	<span class=date data-time=2021-05-22 19:34:42>	2	0	2	https://itthon.transindex.ro/?hir=63583	default	default	
1	<span class=desc>	1	0	1	https://itthon.transindex.ro/?hir=63583	default	default	
5906	<span class=description>	5.51794785	0.01760921097	5.504910261	https://eletmod.transindex.ro/?cikk=28989 https://eletmod.transindex.ro/?cikk=1681 https://itthon.transindex.ro/?hir=57634 https://think.transindex.ro/?cikk=27697 https://multikult.transindex.ro/?cikk=7462	default	default	
21	<span class=elval>	26.23809524	11.23809524	5.619047619	https://tech.transindex.ro/?cikk=1123 https://tech.transindex.ro/?cikk=1124 https://tech.transindex.ro/?cikk=1122 https://tech.transindex.ro/?cikk=25983 https://tech.transindex.ro/?cikk=338	default	default	
35	<span class=fehercim>	9.542857143	0.4571428571	9.4	https://multikult.transindex.ro/?cikk=23493 https://eletmod.transindex.ro/?cikk=22068 https://tech.transindex.ro/?cikk=14689 https://eletmod.transindex.ro/?cikk=16458 https://sarm.transindex.ro/?cikk=4699	kiemelt	default	
2420	<span class=InputSzoveg>	2	0	2	https://tech.transindex.ro/?hir=8834 https://sarm.transindex.ro/?cikk=10085 https://tech.transindex.ro/?hir=8501 https://tech.transindex.ro/?hir=9144 https://tech.transindex.ro/?hir=8989	default	default	komment szekció email és név megadó rész
1	<span class=int-own-work lang=de>	2	0	2	https://vilag.transindex.ro/?hir=36316	default	default	
7	<span class=int-own-work lang=en>	2	0	2	https://vilag.transindex.ro/?hir=35853 https://vilag.transindex.ro/?hir=35622 https://eletmod.transindex.ro/?cikk=25704 https://eletmod.transindex.ro/?hir=24599 https://eletmod.transindex.ro/?hir=24621	default	default	
7891	<span class=kekcim>	4.831326828	0.03662400203	4.801419338	https://eletmod.transindex.ro/?cikk=1837 https://eletmod.transindex.ro/?cikk=3880 https://itthon.transindex.ro/?cikk=8534 https://eletmod.transindex.ro/?cikk=3088 https://multikult.transindex.ro/?cikk=2077	cimsor	default	
1	<span class=kekim>	2	0	2	https://itthon.transindex.ro/?cikk=4506	default	default	
45	<span class=magazinszoveg>	128.8	4.222222222	125.0444444	https://multikult.transindex.ro/?cikk=10503 https://itthon.transindex.ro/?cikk=6019 https://eletmod.transindex.ro/?cikk=4405 https://itthon.transindex.ro/?cikk=7274 https://itthon.transindex.ro/?cikk=6916	bekezdes	default	
1	<span class=MagazinSzoveg>	27	1	26	https://multikult.transindex.ro/?cikk=9600	default	default	
1422	<span class=navlink>	14.77988748	0.4599156118	14.21940928	https://eletmod.transindex.ro/?cikk=3269 https://tech.transindex.ro/?cikk=7625 https://eletmod.transindex.ro/?cikk=5033 https://tech.transindex.ro/?cikk=4658 https://eletmod.transindex.ro/?cikk=3876	default	default	ebben mindíg dátum van egy címsor alatt
10	<span class=number>	1	0	1	https://itthon.transindex.ro/?hir=63583	default	default	
1	<span class=plainlinks>	3	1	0	https://vilag.transindex.ro/?hir=36201	default	default	
15	<span class=text>	10	0.6666666667	2.933333333	https://itthon.transindex.ro/?hir=63583	default	default	
7	<span class=trdeflink>	33.42857143	0	33.42857143	https://eletmod.transindex.ro/?cikk=4498	default	default	
102	<span class=writer>	16.94117647	0.3823529412	16.14705882	https://eletmod.transindex.ro/?cikk=24968 https://vilag.transindex.ro/?cikk=24789 https://think.transindex.ro/?cikk=28676 https://vilag.transindex.ro/?hir=37467 https://welemeny.transindex.ro/?cikk=26630	default	default	
1421	<span class=zoldcim>	3.526389866	0.07811400422	3.51372273	https://eletmod.transindex.ro/?cikk=165 https://eletmod.transindex.ro/?cikk=3442 https://eletmod.transindex.ro/?cikk=2060 https://itthon.transindex.ro/?cikk=1611 https://itthon.transindex.ro/?cikk=2073	cimsor	default	
1210	<span id=megj>	3	0	3	https://sarm.transindex.ro/?cikk=14612 https://tech.transindex.ro/?hir=8388 https://tech.transindex.ro/?hir=9232 https://tech.transindex.ro/?hir=8841 https://tech.transindex.ro/?hir=8682	default	default	ez eltűnik a CikkHozzaszolas decompose-al
30504	<span style=@STYLE>	1.00291765	0.0009834775767	1.00278652	https://eletmod.transindex.ro/?cikk=24889 https://itthon.transindex.ro/?hir=58742 https://multikult.transindex.ro/?cikk=14711 https://itthon.transindex.ro/?hir=41071 https://itthon.transindex.ro/?hir=55615	default	default	
22216	<span>	2.005761613	0.003916096507	2.000450126	https://itthon.transindex.ro/?cikk=6828 https://eletmod.transindex.ro/?cikk=9416 https://itthon.transindex.ro/?cikk=372 https://eletmod.transindex.ro/?cikk=609 https://eletmod.transindex.ro/?cikk=1518	default	default	
2636	<strong>	1.014036419	0.001896813354	1.004552352	https://eletmod.transindex.ro/?cikk=2631 https://eletmod.transindex.ro/?cikk=18349 https://itthon.transindex.ro/?cikk=14032 https://think.transindex.ro/?cikk=28049 https://think.transindex.ro/?cikk=26469	felkover	default	
1	<style>	13	0	13	https://eletmod.transindex.ro/?cikk=27157	default	default	
4	<svg style=@STYLE viewbox=0 0 32 32 xmlns=@LINK>	1	2	0	https://vilag.transindex.ro/?hir=35619 https://vilag.transindex.ro/?hir=35718 https://itthon.transindex.ro/?hir=58612 https://itthon.transindex.ro/?hir=58611	default	default	
1	<sz>	175	11	171	https://vilag.transindex.ro/?hir=10783	default	default	
78	<table>	12.64102564	20.30769231	0	https://eletmod.transindex.ro/?cikk=3570 https://eletmod.transindex.ro/?cikk=4833 https://eletmod.transindex.ro/?cikk=6252 https://eletmod.transindex.ro/?cikk=3545 https://eletmod.transindex.ro/?cikk=3717	table_text	default	
39	<td class=magimgbox>	12.64102564	16.30769231	0	https://eletmod.transindex.ro/?cikk=3882 https://multikult.transindex.ro/?cikk=3354 https://multikult.transindex.ro/?cikk=3292 https://eletmod.transindex.ro/?cikk=3201 https://eletmod.transindex.ro/?cikk=3489	oszlop	default	
78	<td class=magimgtext>	1.820512821	0.6538461538	1.820512821	https://tech.transindex.ro/?cikk=5516 https://eletmod.transindex.ro/?cikk=5652 https://multikult.transindex.ro/?cikk=3316 https://eletmod.transindex.ro/?cikk=2957 https://eletmod.transindex.ro/?cikk=3882	oszlop	default	
117	<td>	3	3.333333333	0	https://eletmod.transindex.ro/?cikk=5759 https://eletmod.transindex.ro/?cikk=3391 https://multikult.transindex.ro/?cikk=3316 https://eletmod.transindex.ro/?cikk=3545 https://eletmod.transindex.ro/?cikk=2957	oszlop	default	
246	<time datetime=@NUM style=@STYLE>	6.146341463	0	6.146341463	https://vilag.transindex.ro/?hir=34902 https://eletmod.transindex.ro/?hir=20607 https://vilag.transindex.ro/?hir=34631 https://eletmod.transindex.ro/?hir=24003 https://multikult.transindex.ro/?hir=9705	default	default	
4	<title>	1	0	1	https://vilag.transindex.ro/?hir=35619 https://itthon.transindex.ro/?hir=58611 https://itthon.transindex.ro/?hir=58612 https://vilag.transindex.ro/?hir=35718	default	default	
195	<tr>	5.056410256	7.123076923	0	https://tech.transindex.ro/?cikk=5516 https://eletmod.transindex.ro/?cikk=4833 https://eletmod.transindex.ro/?cikk=3717 https://multikult.transindex.ro/?cikk=3316 https://tech.transindex.ro/?cikk=5502	sor	default	
3	<ul class=@columnNUM>	6.666666667	11.33333333	0	https://itthon.transindex.ro/?hir=63583	lista	default	
1	<ul id=@klikkNUM>	54	20	0	https://itthon.transindex.ro/?hir=63583	lista	default	
1	<ul id=@NUM style=@STYLE>	54	20	0	https://itthon.transindex.ro/?hir=63583	lista	default	
3	<ul>	22.33333333	15.33333333	0	https://itthon.transindex.ro/?hir=63583	lista	default	
1	<vad rendezv= szervez=>	59	0	59	https://eletmod.transindex.ro/?hir=497	default	default	