1	<a class=gif-load-button>	0.0	0.0	0.0	https://index.hu/mindekozben/poszt/2021/03/05/-pentek-hetvege-10-1-dolog-amit-mar-nagyon-csinalnank/	null	default	OK
9	<a class=icon-close kvizstop href=@LINK>	0.0	0.0	0.0	https://femina.hu/egeszseg/koronavirus-tudnivalok-kviz/	null	default	NEW
2	<a class=keplink href=@LINK target=@target>	0.0	1.0	0.0	https://index.hu/sport/boksz/2021/02/16/koronavirusban-elhunyt-turu-istvan-olimpikon-orszagos-bajnok/ https://index.hu/kulfold/2021/02/11/lengyelorszag_virusteszt/	null	default	OK
3	<a class=kockahas-menociki_voter_button ciki href=@LINK title=@title>	0.0	1.0	0.0	https://velvet.hu/kockahas/2020/03/12/koronavirus_otthonedzes/ https://velvet.hu/kockahas/2020/03/22/peleskey_bence_karanten_szakall_kihivas_itwillgrowback/ https://velvet.hu/kockahas/2020/05/27/az_olasz_vizimento_sracok_maszkban_es_fecskeben_keszulnek_a_strandszezonra/	null	default	NEW
3	<a class=kockahas-menociki_voter_button meno href=@LINK title=@title>	0.0	1.0	0.0	https://velvet.hu/kockahas/2020/05/27/az_olasz_vizimento_sracok_maszkban_es_fecskeben_keszulnek_a_strandszezonra/ https://velvet.hu/kockahas/2020/03/22/peleskey_bence_karanten_szakall_kihivas_itwillgrowback/ https://velvet.hu/kockahas/2020/03/12/koronavirus_otthonedzes/	null	default	NEW
1	<a class=linkpreview-read-more href=@LINK id=@LONG target=@target>	0.0	1.0	0.0	https://index.hu/kulfold/2021/03/10/koronavirus_ukrajna_brit-mutans/	null	default	OK
6	<a class=m-report-avatar href=@LINK id=@LONG title=@title>	0.0	1.0	0.0	https://index.hu/bcs/2020/09/30/covid_19_koronavirus_fertozes_antitest_antigen_teszt_vizygalat_nemzetkozi_oltokozpont_ichroma/ https://index.hu/kultur/eletmod/2020/04/18/karanten_hajfestes_oszules_koronavirus_jarvany/ https://index.hu/kulfold/2020/04/18/norvegia_rabok_hazaengedese/ https://index.hu/kulfold/2020/04/18/gruzia_georgia_husvet/ https://index.hu/bcs/2020/04/28/mi_lesz_a_kreativ_iparral_mediumokkal_reklamkoltesekkel/	null	default	NEW
1211	<a class=megosztas-gomb href=@LINK>	0.0	0.0	0.0	https://index.hu/belfold/2021/03/26/operativ-torzs-sajtotajekoztatokoronavirus/ https://index.hu/kulfold/2021/05/17/koronavirus-nemzetkozi-hirosszefoglalo-covid-19-vakcina-oltas/ https://index.hu/kulfold/2021/04/13/egy-honapja-folyamatosan-no-a-fertozottek-szama-az-egyesult-allamokban/ https://index.hu/kulfold/2021/04/09/koronavirus_jarvany_vilag_fertozes/ https://index.hu/kulfold/2021/05/04/koronavirus-keddi-hirosszefoglalo-covid-19-vakcina-oltas/	null	default	OK
1	<a class=nolink id=@LONG name=@LONG>	0.0	0.0	0.0	https://index.hu/belfold/2021/03/26/hatalmas-az-igeny-a-gyerekeknek-nyitott-poszt-covid-ambulanciara/	null	default	OK
1	<a class=nolink id=@LONG>	0.0	0.0	0.0	https://divany.hu/eletem/2021/01/20/jarvany-csaladon-beluli-eroszak/	null	default	NEW
2	<a class=QualityPlacement href=@LINK id=@LONG target=@target>	0.0	0.5	0.0	https://index.hu/belfold/2020/10/06/operativ_torzs/ https://index.hu/belfold/2020/07/19/koronavirus_magyarorszag_fertozes_adatok/	null	default	NEW
1	<a href=@LINK id=@LONG rel=follow>	0.0	0.0	0.0	https://index.hu/mindekozben/poszt/2020/09/21/rosszabbodott_az_edda_zeneszenek_allapota/	null	default	NEW
742	<br>	0.0	0.0	0.0	https://index.hu/belfold/2021/03/24/psz_koronavirus_pedagogusok/ https://index.hu/kulfold/2021/04/12/romania-koronavirus-pfizer/ https://index.hu/kulfold/2021/04/14/szerbia-koronavirus-vakcina/ https://index.hu/kulfold/2021/05/02/egyre-halalosabb-a-jarvany/huszonhet-magyarorszagnyi-vakcinat-adtak-be-eddig-kinaban/ https://index.hu/kulfold/2021/02/23/koronavirus_napiadat_vilag/	null	default	updated_new
1	<button class=o-button o-button-color-primary type=submit>	0.0	0.0	0.0	https://divany.hu/vilagom/egyperces-kviz-kazinczy-batsanyi/	null	default	OK
3	<col style=@STYLE>	0.0	0.0	0.0	https://index.hu/gazdasag/2021/04/07/koronavirus-oltas-lista-magyarorszag-vakcina-korlatozas-nyitas/	null	default	OK
18	<col>	0.0	0.0	0.0	https://index.hu/sport/amerikaifutball/2021/02/11/nfl-koronavirus-szezon-rekordok-super-bowl-lv/	null	default	OK
2	<colgroup span=@NUM>	0.0	0.0	0.0	https://index.hu/belfold/2021/05/18/koronavirus-oltas-vakcina/ https://index.hu/gazdasag/2021/01/31/igy_kezelik_jarvanyt_vilagban/	null	default	OK
4	<colgroup>	0.0	5.25	0.0	https://index.hu/sport/amerikaifutball/2021/02/11/nfl-koronavirus-szezon-rekordok-super-bowl-lv/ https://index.hu/gazdasag/2021/04/07/koronavirus-oltas-lista-magyarorszag-vakcina-korlatozas-nyitas/	null	default	OK
1	<div class=@innerNUM @NUM>	0.0	0.0	0.0	https://index.hu/kulfold/2021/03/08/szlovenia-oktatas-horvatorszag-gazdasag-koronavirus-egeszsegugy-jarvany/	null	default	OK
5	<div class=@LONG @NUM>	0.0	1.0	0.0	https://index.hu/kulfold/2021/05/15/koronavirus-jarvany-vilag-percrol-percre/ https://index.hu/kulfold/2021/02/19/emmanuel-macron-vakcinacio-egyenlotlenseg-europa-egyesult-allamok-vakcina-oltoanyag-koronavirus-covid-19/ https://index.hu/kulfold/2021/05/03/kozel-a-20-milliohoz-a-fertozottek-szama-indiaban/	null	default	OK
5	<div class=@LONG @tfeyiNUM>	0.0	0.0	0.0	https://index.hu/kulfold/2021/05/15/koronavirus-jarvany-vilag-percrol-percre/ https://index.hu/kulfold/2021/02/19/emmanuel-macron-vakcinacio-egyenlotlenseg-europa-egyesult-allamok-vakcina-oltoanyag-koronavirus-covid-19/ https://index.hu/kulfold/2021/05/03/kozel-a-20-milliohoz-a-fertozottek-szama-indiaban/	null	default	OK
45	<div class=@LONG m-icon-mail>	0.0	1.0	0.0	https://index.hu/belfold/2020/04/16/iskolateve_erettsegi_matematika_hatodik_ora_koordinatageometria_egyenesek_korok/ https://index.hu/video/2020/04/01/iskolateve_erettsegi_matematika_harmadik_ora_exponencialis_fuggveny_logaritmus_mertani_sorozat/ https://index.hu/video/2020/04/09/iskolateve_erettsegi_matematika_otodik_ora_koordinatageometria_1/ https://index.hu/belfold/2020/03/24/iskolateve_erettsegi_matematika_elso_ora_facebook_premier/ https://index.hu/belfold/2020/05/04/erettsegi_koronavirus_jarvany_szervezes_vizsga_irasbeli_kozepszintu_emelt_szintu_maszk/	null	default	NEW
1	<div class=@LONG m-icon-photo>	0.0	1.0	0.0	https://index.hu/gazdasag/2020/02/26/koronavirus_kezfertotlenito_tisztitoszer_elelmiszer_konzerv_aruhazak/	null	default	NEW
1	<div class=@NUM ajU>	0.0	0.0	0.0	https://index.hu/belfold/2020/05/10/koronavirus_operativ_torzs_sajtotajekoztato_elo_kozvetites/	null	default	NEW
2	<div class=ad-halfpage>	0.0	0.0	0.0	https://femina.hu/egeszseg/koronavirus-tudnivalok-kviz/	null	default	NEW
2	<div class=adL>	0.0	0.0	0.0	https://index.hu/belfold/2020/05/05/koronavirus_operativ_torzs_sajtotajekoztato_elo_kozvetites/	null	default	NEW
41	<div class=bar style=@STYLE>	0.0	0.0	0.0	https://index.hu/belfold/2021/05/22/pandemia-virus-jarvany/ https://index.hu/belfold/2021/04/06/atoltottsag-ujranyitas-korlatozasok-oldasa/ https://index.hu/belfold/2021/03/03/10-orvos-es-50-apolo-hagyta-el-a-gyori-korhazat/ https://index.hu/mindekozben/poszt/2021/01/31/vajna-timea-etterem-koronavirus/ https://index.hu/belfold/2021/04/24/kinyitottak-a-teraszok-de-mennyire-vagyunk-biztonsagban-/	null	default	OK
6	<div class=before-after before-after-cikk data-start=@NUM>	0.0	2.0	0.0	https://index.hu/techtud/2020/03/28/koronavirus_muholdkep_elotte_utana/	null	default	NEW
3	<div class=big_play_button>	0.0	0.0	0.0	https://index.hu/belfold/2021/02/01/kibeszelo_kiss_ambrus_budapest_csod/ https://index.hu/belfold/2021/05/01/igy-indult-ujra-az-elet-a-vedetteknek/ https://index.hu/belfold/2021/04/25/terasznyitas-vendeglato-koronavirus-jarvany/	null	default	OK
3	<div class=c-article-image_container>	0.0	2.0	0.0	https://divany.hu/szuloseg/2020/11/11/influenza-oltas-gyerek-jarvany/ https://divany.hu/vilagom/2020/10/08/koronavirus-noveny-gyogyszer-interju/ https://divany.hu/szuloseg/2020/11/29/koronavirus-gyerek-stressz/	null	default	NEW
14	<div class=cikk-roadblock-wrapper>	0.0	1.0	0.0	https://divany.hu/vilagom/egyperces-kviz-kazinczy-batsanyi/ https://divany.hu/eletem/spanyolnatha-vs-covid/ https://divany.hu/szuloseg/2021/01/18/gyerek-betegseg-jarvany/ https://divany.hu/eletem/koronavirus-szexualis-elet-tilos-vedekezes/ https://divany.hu/eletem/mult-eroforras-eletcelok-elegedettseg-pal-feri-atya/	null	default	OK
14	<div class=cikk-roadblock>	0.0	0.0	0.0	https://divany.hu/vilagom/schein-gabor-rinocerosz-konyv-szepirodalom-interju/ https://divany.hu/eletem/nagymama-telefon-idos-nagyszulo-segitseg-koronavirus-magany/ https://divany.hu/eletem/negativ-hirek-depresszio/ https://divany.hu/eletem/mult-eroforras-eletcelok-elegedettseg-pal-feri-atya/ https://divany.hu/vilagom/dobrosi-laura-interju/	null	default	OK
2	<div class=cikklead>	0.0	0.0	0.0	https://velvet.hu/elet/2020/03/29/ha_rossz_napja_van_nezze_meg_hogy_jart_ez_a_brit_menyasszony_galeria/ https://velvet.hu/gumicukor/2020/03/31/ben_affleck_ana_de_armas_kimarad_a_vilagvege-hangulatbol_galeria/	null	default	NEW
2	<div class=clear>	0.0	0.0	0.0	https://totalcar.hu/belsoseg/2020/04/13/ilyen_a_lakoautos_elet_a_karantenban/ https://femina.hu/egeszseg/koronavirus-tudnivalok-kviz/	null	default	NEW
1211	<div class=clearfix>	0.0	0.0	0.0	https://index.hu/kulfold/2021/05/05/hiaba-figyelmeztettek-a-brazil-elnokot-nem-erdekelte-a-jarvany/az-eu-kinai-vakcina-engedelyezesere-keszul/ https://index.hu/kulfold/2021/04/21/brazilia-kuzd-a-jarvannyal-de-mar-a-jovo-evi-oltasra-keszul/oltas-utan-pozitiv-tesztet-produkalt-india-miniszterelnoke/ https://index.hu/kulfold/2021/04/15/koronvirus-jarvany-csutortok-percrol-percre/valtoztatnak-a-facebook-amerikai-hirfolyaman-jon-az-oltasi-kisokos/ https://index.hu/kulfold/2021/05/02/egyre-halalosabb-a-jarvany/szeptembertol-olthatjak-a-12-eveseket-az-egyesult-kiralysagban/ https://index.hu/kulfold/2021/04/25/koronavirus-a-vilagban-vasarnapi-hirosszefoglalo-vakcina-oltas/	null	default	updated_new
124	<div class=contentexchange data-contentexchange-source=hu data-contentexchange-widget=@SHRTHdACixHNUM>	0.0	0.0	0.0	https://femina.hu/egeszseg/covid-beteg-otthoni-apolasa/ https://femina.hu/terasz/kijarasi-korlatozas-modosult/ https://femina.hu/terasz/pfizer-vakcina-erkezett/ https://femina.hu/egeszseg/covid-19-jovo/ https://femina.hu/terasz/koronavirus-husvethetfo/	null	default	OK
4	<div class=dot @NUM>	0.0	0.0	0.0	https://index.hu/mindekozben/poszt/2021/03/05/-pentek-hetvege-10-1-dolog-amit-mar-nagyon-csinalnank/	null	default	OK
9	<div class=fb-like data-action=like data-href=@LINK data-layout=button_count data-share=false data-show-faces=@STYLE data-size=@STYLE>	0.0	0.0	0.0	https://femina.hu/egeszseg/koronavirus-tudnivalok-kviz/	null	default	NEW
1	<div class=gif-load-badge data-img=@szerkfotoNUM>	0.0	6.0	0.0	https://index.hu/mindekozben/poszt/2021/03/05/-pentek-hetvege-10-1-dolog-amit-mar-nagyon-csinalnank/	null	default	OK
1	<div class=goAdverticum goa-embedded @NUM ad-label isQuality empty id=@NUM>	0.0	2.0	0.0	https://index.hu/belfold/2020/10/06/operativ_torzs/	null	default	NEW
1	<div class=goAdverticum goa-embedded @NUM ad-label isQuality empty>	0.0	1.0	0.0	https://index.hu/belfold/2020/10/06/operativ_torzs/	null	default	NEW
1	<div class=goAdverticum goa-embedded @NUM ad-label isQuality id=@NUM>	0.0	0.0	0.0	https://index.hu/kulfold/2020/04/03/olaszorszag_uj_halott_fertozott_koronavirus/	null	default	NEW
3	<div class=goAdverticum goa-embedded empty id=@NUM>	0.0	1.3333333333333333	0.0	https://index.hu/kulfold/2020/05/21/hatarnyitas_jarvany_koronavirus/ https://index.hu/belfold/2020/05/14/politikai_jatszmak_aldozatava_valt_budapest_a_jarvanyban/ https://index.hu/belfold/2020/01/30/koronavirus_kormany_intezkedes_repulojaratok_kina_leallitas/	null	default	NEW
1	<div class=gpecsma @gpecsmaNUM>	0.0	2.0	0.0	https://index.hu/sport/2020/09/18/a_pecsi_kosarlabda_csapat_fele_koronavirusos/	null	default	NEW
1	<div class=gpecsma-single @apecsmaNUM>	0.0	1.0	0.0	https://index.hu/sport/2020/09/18/a_pecsi_kosarlabda_csapat_fele_koronavirusos/	null	default	NEW
7	<div class=gtx-trans-icon>	0.0	0.0	0.0	https://index.hu/kulfold/2020/09/19/oroszorszag_hat_ezer_koronavirus_fertozott/ https://index.hu/techtud/2020/08/22/a_koronavirus_labon_lotte_a_legitarsasagok_arazomodszereit/ https://index.hu/belfold/2020/03/30/koronavirus_hirek_magyarorszag_vilag_marcius_30/ https://index.hu/szolgalati-kozlemeny/2020/04/20/meg_maradtak_kerdeseink/ https://index.hu/kulfold/2020/07/17/barcelonaban_kemeny_korlatozasok_jonnek_a_koronavirus_miatt_angliaban_ujra_nezokkel_rendeznek_sportesemenyt/	null	default	NEW
1	<div class=hi>	0.0	0.0	0.0	https://index.hu/belfold/2020/05/05/koronavirus_operativ_torzs_sajtotajekoztato_elo_kozvetites/	null	default	NEW
1	<div class=iap iap--ado ad-label isQuality id=@adoceanindexhuojhrptojtgNUM>	0.0	0.0	0.0	https://femina.hu/terasz/koronavirus-husvet/	null	default	OK
2	<div class=iap iap--ado data-id=adoceanindexhulemsdofnvv id=adoceanindexhulemsdofnvv>	0.0	0.0	0.0	https://index.hu/bcs/2020/04/28/mi_lesz_a_kreativ_iparral_mediumokkal_reklamkoltesekkel/ https://index.hu/bcs/2020/09/30/covid_19_koronavirus_fertozes_antitest_antigen_teszt_vizygalat_nemzetkozi_oltokozpont_ichroma/	null	default	NEW
1	<div class=iap iap--ado data-id=adoceanindexhumpfodnftbk id=adoceanindexhumpfodnftbk>	0.0	0.0	0.0	https://totalbike.hu/magazin/sport/2020/04/04/ugy_verzik_ki_a_motorsport_ahogyan_meg_soha/	null	default	NEW
4	<div class=iap iap--ado data-id=adoceanindexhunajoijjfiv id=adoceanindexhunajoijjfiv>	0.0	0.0	0.0	https://index.hu/belfold/2021/03/25/koronvirus_jarvany_magyarorszag_operativ_torzs_sajtotajekoztato/ https://index.hu/belfold/2021/04/15/gulyas-gergely-beszamol-a-kormany-legfrissebb-donteseirol/ https://index.hu/belfold/2021/03/26/orban-viktor-megszolal-a-jarvanyhelyzetrol-jonnek-a-bejelentesek/ https://index.hu/belfold/2021/03/25/koronvirus_jarvany_magyarorszag_operativ_torzs_sajtotajekoztato/mar-dolgoznak-a-pedagogusok-oltasi-terven-het-laboratoriumban-vizsgaljak-majd-a-mutaciokat/ https://index.hu/belfold/2021/03/25/koronvirus_jarvany_magyarorszag_operativ_torzs_sajtotajekoztato/innen-mindenki-megtudhatja-hogy-szamontartjak-e/	null	default	updated_new
4	<div class=iap iap--ado data-id=adoceanindexhunamnbtfimr id=adoceanindexhunamnbtfimr>	0.0	0.0	0.0	https://totalcar.hu/belsoseg/2020/03/31/tudod_hogy_lesz_virusmentes_a_mentoauto/ https://totalcar.hu/belsoseg/2020/04/13/ilyen_a_lakoautos_elet_a_karantenban/ https://totalcar.hu/belsoseg/2020/06/26/ennyi_moslekot_reg_lattam/ https://totalcar.hu/belsoseg/2020/11/21/viccet_csinaltak_az_automosasbol/	null	default	NEW
2	<div class=iap iap--ado data-id=adoceanindexhundcjqssfzl id=adoceanindexhundcjqssfzl>	0.0	0.0	0.0	https://index.hu/chart/2020/02/17/hogy_allunk_epp_a_koronavirussal/ https://index.hu/chart/2020/03/02/kasza_tibi_es_tibi_atya_taroltak_a_koronavirussal_facebookon/	null	default	NEW
9	<div class=iap iap--ado data-id=adoceanindexhuogiigxltku id=adoceanindexhuogiigxltku>	0.0	0.0	0.0	https://femina.hu/vilagsztar/fontos-a-takaritok-munkaja/ https://femina.hu/vilagsztar/karoly-herceg-koronavirus/ https://femina.hu/vilagsztar/tom-hanks-allapota/ https://femina.hu/vilagsztar/tom-hanks-koronavirus/ https://femina.hu/vilagsztar/karoly-herceg-allapota/	null	default	NEW
2	<div class=iap iap--ado data-id=adoceanindexhuojdodkrufq id=adoceanindexhuojdodkrufq>	0.0	0.0	0.0	https://index.hu/nagykep/2021/03/20/falak-mogul-a-falak-koze/ https://index.hu/nagykep/2021/02/20/pandemia-a-melynyomorban-ozd-melyszegenyseg-koronavirus/	null	default	OK
84	<div class=iap iap--ado data-id=adoceanindexhuojhrptojtg id=adoceanindexhuojhrptojtg>	0.0	0.0	0.0	https://femina.hu/terasz/koronavirus-majus-bejelentes/ https://femina.hu/terasz/pfizer-vakcina-erkezett/ https://femina.hu/terasz/kismamak-oltasa/ https://femina.hu/terasz/astrazeneca-verrog/ https://femina.hu/terasz/fiatalok-oltasa/	null	default	OK
44	<div class=iap iap--ado data-id=adoceanindexhupimpbuoqqj id=adoceanindexhupimpbuoqqj>	0.0	0.0	0.0	https://index.hu/sport/futball/2021/03/12/portugal-bajnoksag-visszaterhetnek-a-szurkolok/ https://index.hu/sport/futball/2021/02/08/a-dortmund-26-3-millio-euros-veszteseget-konyvelt-el-a-szezon-elso-feleben/ https://index.hu/sport/futball/2021/03/06/elmaradnak-a-del-amerikai-vb-selejtezok-koronavirus-conmebol-fifa/ https://index.hu/sport/futball/2021/02/02/real-madrid-florentino-perez-koronavirus/ https://index.hu/sport/futball/2021/03/02/a-lazio-torino-merkozest-is-elhalasztjak-a-virus-miatt/	null	default	OK
9	<div class=iap iap--ado data-id=adoceanindexhupiqqcidktd id=adoceanindexhupiqqcidktd>	0.0	0.0	0.0	https://index.hu/fomo/2021/05/06/hivatalos-elmarad-sziget-fesztival-jarvany/ https://index.hu/fomo/2021/05/22/fesztivalkorkep-koncertek-rendezvenyek-korlatozasok/ https://index.hu/fomo/2021/05/04/fezen-fesztival-szin-rendezvenyek-tervek/ https://index.hu/fomo/2021/05/04/lepattano-vakcinaval-oltottak-be-mila-kunist-koronavirus-oltas-vakcina-ashton-kutcher/ https://index.hu/fomo/2021/05/11/sziget-fesztival-kadar-tamas-interju/	null	default	OK
1	<div class=iap iap--ado data-id=adoceanindexhuppfhkrqfft id=adoceanindexhuppfhkrqfft>	0.0	0.0	0.0	https://femina.hu/hazai_sztar/feher-tamas-betegszallito/	null	default	OK
6	<div class=iap iap--ado data-id=adoceanindexhuqakobxogzq id=adoceanindexhuqakobxogzq>	0.0	0.0	0.0	https://femina.hu/kapcsolat/magyar-osszefogasok-koronavirus-idejen/ https://femina.hu/kapcsolat/idosek-nem-maradnak-otthon-koronavirus-alatt/ https://femina.hu/kapcsolat/eskuvo-koronavirus-ideje/ https://femina.hu/kapcsolat/koronavirus-nemek-kozti-egyenlotlenseg/ https://femina.hu/kapcsolat/tiltakozas-maszkviseles-ellen/	null	default	NEW
146	<div class=iap iap--ado data-id=adoceanindexhuqliqiukquo id=adoceanindexhuqliqiukquo>	0.0	0.0	0.0	https://velvet.hu/elet/2020/03/18/a_kep_keszitoinek_a_leheto_legrosszabbkor_jott_a_koronavirus/ https://velvet.hu/gumicukor/2020/08/11/antonio_banderasnak_pozitiv_lett_a_koronavirus-tesztje/ https://velvet.hu/gumicukor/2020/06/24/pasztor_anna_kiakadt/ https://velvet.hu/europa/2020/11/02/vilmos_herceg_aprilisban_koronavirusos_volt_mindenki_elol_eltitkoltak/ https://velvet.hu/gumicukor/2020/06/25/noah_schnapp_maszk/	null	default	NEW
2	<div class=iap iap--ado data-id=adoceanindexhuqohjcrngza id=adoceanindexhuqohjcrngza>	0.0	0.0	0.0	https://velvet.hu/gumicukor/2021/02/01/vajna_timea_mikor_engedik_mar_meg_magyarorszagon_is_hogy_kinyissanak_az_ettermek/ https://velvet.hu/gumicukor/2021/02/05/keleti_andrea_valsag/	null	default	OK
1156	<div class=iap iap--ado data-id=adoceanindexhuqprhfmpqsw id=adoceanindexhuqprhfmpqsw>	0.0	0.0	0.0	https://index.hu/belfold/2021/03/16/svaby-andras-karcsika-koronavirus-koronavirus-magyarorszagon-szaglas/ https://index.hu/belfold/2021/03/18/uj-kevesse-ismert-es-jarvanybiztos-turautvonalakat-ajanlanak/ https://index.hu/belfold/2021/03/07/muller-cecilia-koronavirus-harmadik-hullam/ https://index.hu/belfold/2021/02/10/koronavirus-koronavirus-magyarorszagon-zacher-gabor-korhaz-covid-19-oltas-vakcina/ https://index.hu/belfold/2021/04/06/honvedseg-ozonos-fertotlenites-virusmentesites-oktatasi-intezmenyekben/	null	default	updated_new
1	<div class=iap iap--ado data-id=adoceanindexhurdcjnudfnj id=adoceanindexhurdcjnudfnj>	0.0	0.0	0.0	https://index.hu/sport/bringa/2021/02/06/bora-peter-sagan-koronavirus-edzotabor/	null	default	OK
14	<div class=iap iap--ado data-id=adoceanindexhurjqkqnjrwz id=adoceanindexhurjqkqnjrwz>	0.0	0.0	0.0	https://index.hu/techtud/2020/04/07/tobben_halnak_bele_a_koronavirusba_ahol_rossz_a_levego/ https://index.hu/gazdasag/2020/04/02/kina_vadallat_piac_koronavirus_mezogazdasag_vuhan_denever_tobzoska_medve_epe_kornyezetvedelem_termeszet_kizsakmanyolas/ https://index.hu/belfold/2020/03/02/kocsis_a_klimahiszti_es_a_klimavedelmi_akcioterv_nem_ellentmondas/ https://index.hu/techtud/2020/05/15/nagy_britanniaban_a_ragadozomadarak_isszak_meg_a_karanten_levet/ https://index.hu/gazdasag/2020/05/12/koronavirus_jarvany_valsag_klimavaltozas_eghajlatvaltozas_szen-dioxid_kibocsatas_uveghaz_uveghazgaz/	null	default	NEW
18	<div class=iap iap--ado data-id=adoceanindexhurkltelpgip id=adoceanindexhurkltelpgip>	0.0	0.0	0.0	https://totalbike.hu/hirek/2020/03/02/a_koronavirus_miatt_toroltek_a_motogp_katari_futamat/ https://totalbike.hu/hirek/2020/03/03/ki_jart_jol_a_motogp-ben_a_koronavirussal/ https://totalbike.hu/hirek/2020/04/28/optimista_hozzaallas_novemberre_toltak_a_suzuka_8-hours-t/ https://totalbike.hu/hirek/2020/03/03/a_superbike_vb_katari_futamat_is_elhalasztjak/ https://totalbike.hu/hirek/2020/03/16/sorban_allnak_le_a_motorgyarak_a_jarvany_miatt/	null	default	NEW
1	<div class=iap iap--ado data-id=adoceanindexhuscojeiotdu id=adoceanindexhuscojeiotdu>	0.0	0.0	0.0	https://index.hu/kultur/2021/04/29/az-ordognel-is-ordogibb-az-indiai-mutans/a-who-figyelmezteti-az-europai-kormanyokat-hogy-a-lazitasoknak-rossz-vege-lehet/ https://index.hu/kultur/2021/04/29/az-ordognel-is-ordogibb-az-indiai-mutans/34-millioan-megkaptak-az-elso-oltast-az-egyesult-kiralysagban/ https://index.hu/kultur/2021/04/29/az-ordognel-is-ordogibb-az-indiai-mutans/majus-kozepetol-enyhitenek-a-kijarasi-tilalmon-franciaorszagban/ https://index.hu/kultur/2021/04/29/az-ordognel-is-ordogibb-az-indiai-mutans/csehorszagban-majus-10-en-nyithatnak-az-uzletek/ https://index.hu/kultur/2021/04/29/az-ordognel-is-ordogibb-az-indiai-mutans/	null	default	updated_new
1	<div class=iap iap--ado data-id=adoceanindexhushiihqrokk id=adoceanindexhushiihqrokk>	0.0	0.0	0.0	https://index.hu/gazdasag/2021/03/31/sulyosan-rapidan-zajlanak-a-megbetegedesek/	null	default	OK
4	<div class=iap iap--ado data-id=adoceanindexhutkrggohpjt id=adoceanindexhutkrggohpjt>	0.0	0.0	0.0	https://index.hu/sport/kezilabda/2021/02/22/toroltek-a-magyarorszagi-ferfi-junior-kezilabda-vilagbajnoksagot/ https://index.hu/sport/kezilabda/2021/03/10/ferencvaros-elek-gabor-koronavirus/ https://index.hu/sport/kezilabda/2021/03/03/ferfi-bajnokok-ligaja-telekom-veszprem-nantes-koronavirus-jatekvezeto-halasztas/ https://index.hu/sport/kezilabda/2021/03/09/koronavirus-bodo-richard-masodszor-fertozodott-meg/	null	default	OK
4	<div class=iap iap--ado data-id=adoceanindexhuujekcvlfxu id=adoceanindexhuujekcvlfxu>	0.0	0.0	0.0	https://femina.hu/gyerek/gyerekkel-beszelgetni-a-halalrol/ https://femina.hu/gyerek/koronavirus-ez-a-legrosszabb-dolog-a-gyerekek-szerint/ https://femina.hu/gyerek/raszorulo-idoseknek-segit-vakcinahoz-jutni-sam-keusch/ https://femina.hu/gyerek/maganklinikan-szules-arak/	null	default	OK
1	<div class=iap iap--ado data-id=adoceanindexhuukekgmqrki id=adoceanindexhuukekgmqrki>	0.0	0.0	0.0	https://index.hu/kultur/zene/2021/03/15/grammy-gala-koronavirus-dijazottak-beyonce-blue-ivy-lady-gaga/	null	default	OK
53	<div class=iap iap--ado data-id=adoceanindexhuvbhtqkepiz id=adoceanindexhuvbhtqkepiz>	0.0	0.0	0.0	https://index.hu/kultur/2021/02/07/jobban-hisznek-jarvanyugyben-az-emberek-a-hiressegeknek-/ https://index.hu/kultur/2021/03/01/szinhaz-es-filmmuveszeti-egyetem-szfe-halasz-peter-dij-koronavirus-kulondij/ https://index.hu/kultur/2021/03/04/szinhaz-egyesult-allamok-broadway-koronavirus-jarvany-korlatozas/ https://index.hu/kultur/2021/02/08/stephen-king-konyvkiadas-tamogatas/ https://index.hu/kultur/2021/04/06/kovacs-akos-koronavirus-fertozes-tunetek-halalkozeli-elmeny-videoblog/	null	default	updated_new
34	<div class=iap iap--ado data-id=adoceanindexhuvdgmgqsift id=adoceanindexhuvdgmgqsift>	0.0	0.0	0.0	https://femina.hu/egeszseg/covid-oltas-trombozis/ https://femina.hu/egeszseg/szaglas-elvesztes-okai/ https://femina.hu/egeszseg/koronavirus-oltas-tapasztalatok/ https://femina.hu/egeszseg/kezeletlen-allergia-kovetkezmenye/ https://femina.hu/egeszseg/koronavirus-sulyos-szovodmeny/	null	default	OK
220	<div class=iap iap--ado data-id=adoceanindexhuvgrrdthkpp id=adoceanindexhuvgrrdthkpp>	0.0	0.0	0.0	https://index.hu/gazdasag/2021/03/02/iskolabezaras-harmadik-hullam-pdsz-horvath-peter-nemzeti-pedagogus-kar/ https://index.hu/gazdasag/2021/03/28/jordan-ferenc-interju-koronavirus/ https://index.hu/gazdasag/2021/03/09/fizetesek_korlatozas_koronavirus_ugyvedi_iroda/ https://index.hu/gazdasag/2021/04/27/koronavirus-mfb-gazdasagi-valsag-turizmus-vendeglatas-ujrainditasi-gyorskolcson/ https://index.hu/gazdasag/2021/05/10/nagyot-kaszalt-az-ev-elso-harom-honapjaban-a-biontech/	null	default	OK
1	<div class=iap iap--ado data-id=adoceanindexhuvmjffjerxn id=adoceanindexhuvmjffjerxn>	0.0	0.0	0.0	https://index.hu/tudomany/til/2021/04/06/miert-hal-meg-tobb-ferfi-jarvanyok-idejen-/	null	default	OK
5	<div class=iap iap--ado data-id=adoceanindexhuvpirnoqtmv id=adoceanindexhuvpirnoqtmv>	0.0	0.0	0.0	https://velvet.hu/bpma/2020/03/25/bezart_allatkert/ https://velvet.hu/bpma/2020/03/22/koronavirus_budapest_ejszakai_elete/ https://velvet.hu/bpma/2020/04/20/gerendai_karoly_vallalkozasai_alatt_egyszerre_rengett_meg_a_talaj/ https://velvet.hu/bpma/2020/09/18/gerendai_karoly_hitel/ https://velvet.hu/bpma/2020/04/24/kovacs_peter_budapest_alternative/	null	default	NEW
3	<div class=iap iap--ado data-id=adoceanindexhuwaqepurkts id=adoceanindexhuwaqepurkts>	0.0	0.0	0.0	https://index.hu/kerekagy/2020/04/13/a_biciklisavok_szelesitese_lehet_a_megoldas_a_jarvany_alatt_a_tavolsagtartasra/ https://index.hu/kerekagy/2020/04/03/ideiglenes_kerekparsavokat_alakit_ki_a_bkk_a_fovaros_dontese_utan/ https://index.hu/kerekagy/2020/03/21/ha_mar_muszaj_kimozdulni_sokan_a_biciklit_vakasztjak/	null	default	NEW
36	<div class=iap iap--ado data-id=adoceanindexhuwijmljimgq id=adoceanindexhuwijmljimgq>	0.0	0.0	0.0	https://index.hu/kulfold/2021/04/30/boris-johnson-kiakasztotta-a-gyaszolo-csaladokat/ukrajnaban-mar-tobb-mint-44-ezren-haltak-bele-a-virus-okozta-betegsegbe/ https://index.hu/kulfold/2021/05/18/koronavirus-jarvany-pandemia-egeszsegugy-vilag/tajvan-mozgosit-a-lakoinak-eddig-csak-az-1-szazalekat-oltottak-be/ https://index.hu/kulfold/2021/05/01/koronavirus-vilagadat-vakcina-moderna/belebukott-a-lelegeztetogep-vasarlasba-rio-de-janeiro-allam-kormanyzoja/ https://index.hu/kulfold/2021/05/04/koronavirus-keddi-hirosszefoglalo-covid-19-vakcina-oltas/ https://index.hu/kulfold/2021/04/19/koronavirus-vilag-adat-jarvany/az-egyesult-kiralysag-is-vizsgalja-az-indiai-mutaciot/	null	default	updated_new
3	<div class=iap iap--ado data-id=adoceanindexhuwinphtfrvc id=adoceanindexhuwinphtfrvc>	0.0	0.0	0.0	https://femina.hu/szepseg/kezfertotlenito-hatasa-borre/ https://femina.hu/szepseg/koronavirus-korom-arc-haj/ https://femina.hu/szepseg/mit-kell-fertotleniteni/	null	default	NEW
1	<div class=iap iap--ado data-id=adoceanindexhuwlmibqihao id=adoceanindexhuwlmibqihao>	0.0	0.0	0.0	https://femina.hu/otthon/otthon-fertotlenites/	null	default	OK
2	<div class=iap iap--ado data-id=adoceanindexhuwnqlfipuzg id=adoceanindexhuwnqlfipuzg>	0.0	0.0	0.0	https://index.hu/sport/forma1/2021/04/23/nezok-elott-rendeznek-meg-az-f1-es-magyar-nagydijat/ https://index.hu/sport/forma1/2021/02/01/pierre-gasly-koronavirus-alpha-tauri/	null	default	OK
3	<div class=iap iap--ado data-id=adoceanindexhuwoepfjrfgo id=adoceanindexhuwoepfjrfgo>	0.0	0.0	0.0	https://index.hu/sport/jegkorong/2021/02/01/marco-rossi-koronavirus-szovodmenyek-hazateres-ausztria-minnesota-wild-nhl/ https://index.hu/sport/jegkorong/2021/04/04/nhl-vancouver-canucks-koronavirus-brazil-varians/ https://index.hu/sport/jegkorong/2021/03/03/nhl-pittsburgh-penguins-philadelphia-flyers-nezok-sidney-crosby-koronavirus/	null	default	OK
6	<div class=iap iap--ado data-id=adoceanindexhuwppelnnowa id=adoceanindexhuwppelnnowa>	0.0	0.0	0.0	https://femina.hu/utazas/horvatorszag-szlovenia-korlatozas-koronavirus-miatt/ https://femina.hu/utazas/koronavirus-panik-utazasszervezo-tortenetek/ https://femina.hu/utazas/maszk-szemet-tenger/ https://femina.hu/utazas/varosok-koronavirus-jarvany-alatt/ https://femina.hu/utazas/koronavirus-kozlekedesi-valtozasok/	null	default	NEW
2	<div class=iap iap--ado data-id=adoceanindexhuxedfqwsrxx id=adoceanindexhuxedfqwsrxx>	0.0	0.0	0.0	https://index.hu/2020/karacsony/zacher_gabor_ez_a_karacsony_most_a_tulelesrol_szol/ https://index.hu/2020/karacsony/meretes_pofont_kaptak_iden_az_apolok_a_kamarai_elnok_szerint/	null	default	NEW
1	<div class=iap iap--ado data-id=adoceanindexhuyidgiphgsk id=adoceanindexhuyidgiphgsk>	0.0	0.0	0.0	https://index.hu/velemeny/2021/04/12/a-fiatalabbak-eletet-is-komolyan-veszelyezteti-a-jarvany/	null	default	OK
2	<div class=iap iap--ado data-id=adoceanindexhuyninlnmktu id=adoceanindexhuyninlnmktu>	0.0	0.0	0.0	https://totalcar.hu/magazin/kozelet/2021/03/05/igy_vehetsz_javittathatsz_autot_hetfotol/ https://totalcar.hu/magazin/hirek/2021/03/03/oltobuszokkal_harcol_a_honvedseg_a_virus_ellen/	null	default	OK
140	<div class=iap iap--ado data-id=adoceanindexhuzcfimkojaj id=adoceanindexhuzcfimkojaj>	0.0	0.0	0.0	https://index.hu/techtud/2021/04/08/japan-kiotoi-egyetemi-korhaz-elo-donoros-tudoatultetes/ https://index.hu/techtud/2021/05/05/rovidesen-uj-vakcinakat-engedelyez-az-eu-gyogyszerugynokseg/ https://index.hu/techtud/2021/02/24/pfizer-vakcina-tarolas-oltoanyag-koronavirus-covid-19/ https://index.hu/techtud/2021/03/29/who-jelentes-virus-atterjedese-denever-ember-labor/ https://index.hu/techtud/2021/03/10/tenyleg-javulnak-az-antidepresszanssal-kezelt-covid-os-betegek/	null	default	OK
56	<div class=iap iap--ado data-id=adoceanindexhuzcihfukmef id=adoceanindexhuzcihfukmef>	0.0	0.0	0.0	https://index.hu/sport/2021/02/25/szurkolni-tilos-csak-tapsolni-lehet-az-olimpiai-langot-vivonek/ https://index.hu/sport/tenisz/2021/02/05/fucsovics-is-ujra-karantenba-kerult-az-australian-open-elott/ https://index.hu/sport/2021/03/09/kulfoldi-nezok-nelkul-rendezhetik-meg-az-olimpiat/ https://index.hu/sport/2021/03/06/tokio2020/ https://index.hu/sport/2021/03/23/koronavirus-mentes-bokszmeccset-rendeznek-gibraltarban/	null	default	OK
1165	<div class=iap iap--ado data-id=adoceanindexhuzhcgimohwv id=adoceanindexhuzhcgimohwv>	0.0	0.0	0.0	https://index.hu/kulfold/2021/02/19/pfizer-biontech-koronavirus-vakcina-hutes/ https://index.hu/kulfold/2021/03/01/kinyitottak-horvatorszagban-a-vendeglatohelyek-teraszai/ https://index.hu/kulfold/2021/03/04/fertozes-koronavirus-tulsuly-jarvany/ https://index.hu/kulfold/2021/02/09/koronavirus_mutansok_amerikai-egyesult-allamok/ https://index.hu/kulfold/2021/04/14/szlovakia-rendorok-ellenorzes-koronavirus/	null	default	updated_new
1211	<div class=index-social-box>	0.0	12.0	0.0	https://index.hu/belfold/2021/03/26/orban-viktor-megszolal-a-jarvanyhelyzetrol-jonnek-a-bejelentesek/ https://index.hu/kulfold/2021/04/22/mexikotol-lengyelorszagig-terjednek-a-hamis-vakcinak/ https://index.hu/kultur/2021/04/29/az-ordognel-is-ordogibb-az-indiai-mutans/ https://index.hu/kulfold/2021/05/21/halottnak-hittek-de-hamvasztas-elott-magahoz-tert/ https://index.hu/kulfold/2021/04/16/koronavirus-a-vilagban-penteki-hirosszefoglalo-covid-19-vakcina-oltas-jarvany-pandemia/	null	default	OK
3	<div class=jfk-bubble gtx-bubble>	0.0	6.0	0.0	https://index.hu/kultur/media/2020/05/15/kolosi_peter_interju_rtl_tv_karanten/ https://index.hu/kulfold/2020/08/03/koronavirus_europa_korkep/ https://index.hu/kultur/2020/05/21/berlin_koronavirus_karanten_mozi_kijarasi_korlatozas_filmvetites/	null	default	NEW
3	<div class=jfk-bubble-arrow-id jfk-bubble-arrow jfk-bubble-arrowdown>	0.0	2.0	0.0	https://index.hu/kulfold/2020/08/03/koronavirus_europa_korkep/ https://index.hu/kultur/2020/05/21/berlin_koronavirus_karanten_mozi_kijarasi_korlatozas_filmvetites/ https://index.hu/kultur/media/2020/05/15/kolosi_peter_interju_rtl_tv_karanten/	null	default	NEW
3	<div class=jfk-bubble-arrowimplafter>	0.0	0.0	0.0	https://index.hu/kultur/2020/05/21/berlin_koronavirus_karanten_mozi_kijarasi_korlatozas_filmvetites/ https://index.hu/kultur/media/2020/05/15/kolosi_peter_interju_rtl_tv_karanten/ https://index.hu/kulfold/2020/08/03/koronavirus_europa_korkep/	null	default	NEW
3	<div class=jfk-bubble-arrowimplbefore>	0.0	0.0	0.0	https://index.hu/kulfold/2020/08/03/koronavirus_europa_korkep/ https://index.hu/kultur/media/2020/05/15/kolosi_peter_interju_rtl_tv_karanten/ https://index.hu/kultur/2020/05/21/berlin_koronavirus_karanten_mozi_kijarasi_korlatozas_filmvetites/	null	default	NEW
3	<div class=jfk-bubble-closebtn-id jfk-bubble-closebtn>	0.0	0.0	0.0	https://index.hu/kulfold/2020/08/03/koronavirus_europa_korkep/ https://index.hu/kultur/media/2020/05/15/kolosi_peter_interju_rtl_tv_karanten/ https://index.hu/kultur/2020/05/21/berlin_koronavirus_karanten_mozi_kijarasi_korlatozas_filmvetites/	null	default	NEW
3	<div class=jfk-bubble-content-id id=@bubbleNUM>	0.0	1.0	0.0	https://index.hu/kultur/media/2020/05/15/kolosi_peter_interju_rtl_tv_karanten/ https://index.hu/kultur/2020/05/21/berlin_koronavirus_karanten_mozi_kijarasi_korlatozas_filmvetites/ https://index.hu/kulfold/2020/08/03/koronavirus_europa_korkep/	null	default	NEW
1	<div class=kep @STYLE infographic keret id=@LONG>	0.0	2.0	0.0	https://index.hu/belfold/2020/09/12/gyorstalpalo_mit_tegyen_koronavirus_altal_okozott_betegseg_vagy_annak_gyanuja_eseten/	null	default	NEW
1	<div class=kep kep_balra kep_tiny keret id=@LONG>	0.0	2.0	0.0	https://index.hu/mindekozben/poszt/2021/01/21/igazolasom_van_arrol_hogy_este_8_utan_driftelhetek/	null	default	NEW
1	<div class=kep kep_szeles infographic keret id=@LONG>	0.0	2.0	0.0	https://index.hu/kultur/2020/06/11/kulka_janos_csakanyi_eszter_lakatos_mark_dekameron_szinhaz_online_kozvetites_index_koronavirus_facebook_live/	null	default	NEW
2	<div class=lapozgato-pager open @LONG>	0.0	1.0	0.0	https://femina.hu/egeszseg/koronavirus-tudnivalok-kviz/	null	default	NEW
1	<div class=loader>	0.0	4.0	0.0	https://index.hu/mindekozben/poszt/2021/03/05/-pentek-hetvege-10-1-dolog-amit-mar-nagyon-csinalnank/	null	default	OK
34	<div class=m-poll-list_item_progress style=@STYLE>	0.0	0.0	0.0	https://divany.hu/vilagom/2020/05/07/jacinda-ardern/ https://divany.hu/bcs/2020/12/09/digitalis-bank-szavazas-mastercard/ https://divany.hu/eletem/2020/05/26/maszkviseles-ferfiassag/ https://divany.hu/podcast/2020/03/25/osszezartsag/ https://divany.hu/eletem/2020/04/15/szexualis-vagy-jarvany/	null	default	NEW
6	<div class=m-report-triangle>	0.0	0.0	0.0	https://index.hu/gazdasag/2020/04/18/mire_jatszik_az_allam_-_furcsa_veszelyhelyzeti_intezkedesek/ https://index.hu/bcs/2020/04/28/mi_lesz_a_kreativ_iparral_mediumokkal_reklamkoltesekkel/ https://index.hu/kulfold/2020/04/18/norvegia_rabok_hazaengedese/ https://index.hu/kultur/eletmod/2020/04/18/karanten_hajfestes_oszules_koronavirus_jarvany/ https://index.hu/kulfold/2020/04/18/gruzia_georgia_husvet/	null	default	NEW
13	<div class=microsite>	0.0	1.0	0.0	https://totalcar.hu/magazin/hirek/2021/03/03/oltobuszokkal_harcol_a_honvedseg_a_virus_ellen/ https://index.hu/nagykep/2021/02/20/pandemia-a-melynyomorban-ozd-melyszegenyseg-koronavirus/ https://index.hu/tech/godmode/2021/05/07/gamescom-2021-videojatek-koln-gameshow-koronavirus/ https://index.hu/kultur/zene/2021/03/15/grammy-gala-koronavirus-dijazottak-beyonce-blue-ivy-lady-gaga/ https://index.hu/tudomany/til/2021/04/06/miert-hal-meg-tobb-ferfi-jarvanyok-idejen-/	null	default	OK
6	<div class=miniapp beforeafter @STYLE id=@beforeafterNUM>	0.0	3.0	0.0	https://index.hu/techtud/2020/03/28/koronavirus_muholdkep_elotte_utana/	null	default	NEW
1	<div class=miniapp customscript id=@customscriptNUM>	0.0	1.0	0.0	https://divany.hu/bcs/2020/12/01/dienes-angela-karacsony-covid-telenor-interju/	null	default	NEW
1	<div class=miniapp indavideo @STYLE id=@indavideoNUM>	0.0	2.0	0.0	https://femina.hu/egeszseg/oncompass-online-konzultacio/	null	default	NEW
1	<div class=miniapp microsite id=@micrositeNUM>	0.0	1.0	0.0	https://index.hu/techtud/2020/10/22/megerezte_a_jarvanyt_a_vatera_is/	null	default	NEW
3068	<div class=miniapp microsite id=microsite_microsite>	0.0	0.9553455019556715	0.0	https://index.hu/kulfold/2021/02/25/ukrajnaban-nyolcezer-fole-emelkedett-az-uj-betegek-szama/ https://index.hu/sport/futball/2021/04/26/dardai-pal-ova-int-az-idegeskedestol/ https://index.hu/kulfold/2021/03/27/amerikai-egyesult-allamok-koronavirus-a-vilagban-novekedes/ https://index.hu/belfold/2021/04/20/koronavirus-koronavirus-magyarorszagon-galgoczi-agnes-maszk-covid-19/ https://index.hu/techtud/egeszseg/2021/02/17/enyhitheti-a-koronavirus-tuneteit-a-neandervolgyi-gen/	null	default	OK
4	<div class=miniapp video id=@videoNUM>	0.0	2.0	0.0	https://index.hu/kulfold/2021/02/16/bill-gates-bioterrorizmus/ https://index.hu/sport/futball/2021/05/20/25-covidos-serult-kozeppalyas-a-kapuban-igy-is-nyertek---video-/ https://index.hu/belfold/2021/03/18/fesztival-balaton-sound-volt/ https://index.hu/kultur/2021/03/21/jevgenyij-nyesztyerenko-opera-koronavirus-halal/	null	default	OK
2	<div class=object_container rtlklubembed style=@STYLE>	0.0	1.0	0.0	https://index.hu/belfold/2020/11/26/eu_dolgozok_koronavirus_halal/ https://index.hu/belfold/2021/01/18/orban_viktor_vakcina_kormany_oltas_kina_europai_unio/	null	default	NEW
1	<div class=object_container style=@STYLE>	0.0	1.0	0.0	https://index.hu/gazdasag/2021/04/26/gki-konjunkturaindex/	null	default	OK
197	<div class=pp_roadblock_bottom>	0.0	0.9187817258883249	0.0	https://index.hu/kulfold/2021/05/19/kesz-vege-nem-oltanak-tobbet-astraval-az-osztrakok/bojte-csaba-felveszi-a-vakcinat/ https://index.hu/kulfold/2021/04/30/boris-johnson-kiakasztotta-a-gyaszolo-csaladokat/walesben-jovo-heten-kinyitnak-az-uszodak-edzotermek-es-szabadidokozpontok/ https://index.hu/kulfold/2021/04/17/koronavirus-jarvany-vilag-fertozes/nem-tudja-magahoz-olelni-baratait-csaladjat-olelgessen-fakat-/ https://index.hu/kulfold/2021/04/30/boris-johnson-kiakasztotta-a-gyaszolo-csaladokat/mar-egy-oltassal-is-be-lehet-utazni-horvatorszagba/ https://index.hu/belfold/2021/03/25/koronvirus_jarvany_magyarorszag_operativ_torzs_sajtotajekoztato/innen-mindenki-megtudhatja-hogy-szamontartjak-e/	null	default	decomposed
90	<div class=pp_roadblock>	0.0	0.9333333333333333	0.0	https://index.hu/kulfold/2021/05/13/egyre-tobb-japan-varos-utasit-el-sportolokat/ https://index.hu/kulfold/2021/05/05/hiaba-figyelmeztettek-a-brazil-elnokot-nem-erdekelte-a-jarvany/az-indiai-legfelsobb-birosag-oxigentervet-szeretne-latni-a-kormanytol/ https://index.hu/kultur/2021/04/29/az-ordognel-is-ordogibb-az-indiai-mutans/34-millioan-megkaptak-az-elso-oltast-az-egyesult-kiralysagban/ https://index.hu/gazdasag/2021/03/31/sulyosan-rapidan-zajlanak-a-megbetegedesek/ https://index.hu/kulfold/2021/05/23/igy-pusztit-a-virus-166-5-millio-fertozott-kozel-3-5-millio-halott/egymillional-is-tobben-haltak-meg-latin-amerikaban/	null	default	updated_new
1453	<div class=pp-post-tags>	0.0	0.0	0.0	https://index.hu/belfold/2020/05/15/koronavirus_majus15/ https://index.hu/belfold/2020/04/16/koronavirus_aprilis16/ https://index.hu/belfold/2020/04/04/koronavirus_jarvany_fertozes_vilagjarvany_aprilis_4/ https://index.hu/belfold/2020/04/18/a_koronavirus_legfontosabb_hirei_aprilis_18-an_szombaton/ https://index.hu/belfold/2020/05/27/a_szerdai_nap_hirei_a_koronavirusrol_egy_helyen/	null	default	NEW
41	<div class=rating-bar>	0.0	1.0	0.0	https://index.hu/belfold/2021/05/22/pandemia-virus-jarvany/ https://index.hu/belfold/2021/04/24/kinyitottak-a-teraszok-de-mennyire-vagyunk-biztonsagban-/ https://index.hu/belfold/2021/04/06/atoltottsag-ujranyitas-korlatozasok-oldasa/ https://index.hu/mindekozben/poszt/2021/02/19/ez-a-srac-zsenialisan-mutatja-meg-hogy-milyen-az-amit-ez-a-politikus-csinalt/ https://index.hu/belfold/2021/02/24/koronavirus-magyarorszagon-jarvany-oltas-vakcina/	null	default	OK
1211	<div class=share>	0.0	13.0	0.0	https://index.hu/kulfold/2021/04/14/koronvirus-jarvany-percrol-percre/lengyelorszagban-aprilis-25-ig-meghosszabbitjak-a-korlatozasok-tobbseget/ https://index.hu/kulfold/2021/05/18/koronavirus-jarvany-pandemia-egeszsegugy-vilag/szingapurban-mar-a-gyerekeket-oltjak/ https://index.hu/kulfold/2021/05/05/hiaba-figyelmeztettek-a-brazil-elnokot-nem-erdekelte-a-jarvany/ https://index.hu/kulfold/2021/05/22/komoly-vadak-bolsonaro-ellen---egyaltalan-nem-vett-volna-vakcinat-/az-astrazeneca-elnoke-megvedte-a-vakcinajukat-a-fotelgeneralisoktol/ https://index.hu/kulfold/2021/05/21/halottnak-hittek-de-hamvasztas-elott-magahoz-tert/	null	default	updated_new
1	<div class=swoopContainer>	0.0	1.0	0.0	https://divany.hu/offline/2020/09/02/d-vitamin-a-covid-ellen/	null	default	NEW
1	<div class=td-adspot-title>	0.0	0.0	0.0	https://index.hu/sport/2020/09/18/a_pecsi_kosarlabda_csapat_fele_koronavirusos/	null	default	NEW
1	<div class=til-book__book til-book__box>	0.0	1.0	0.0	https://index.hu/tudomany/til/2021/04/06/miert-hal-meg-tobb-ferfi-jarvanyok-idejen-/	null	default	OK
1	<div class=til-book__logo til-book__box>	0.0	1.0	0.0	https://index.hu/tudomany/til/2021/04/06/miert-hal-meg-tobb-ferfi-jarvanyok-idejen-/	null	default	OK
1	<div class=til-book__title til-book__box>	0.0	1.0	0.0	https://index.hu/tudomany/til/2021/04/06/miert-hal-meg-tobb-ferfi-jarvanyok-idejen-/	null	default	OK
1	<div class=til-book__top>	0.0	4.0	0.0	https://index.hu/tudomany/til/2021/04/06/miert-hal-meg-tobb-ferfi-jarvanyok-idejen-/	null	default	OK
76	<div class=triangle>	0.0	0.0	0.0	https://femina.hu/egeszseg/kutyasetaltatas-karanten-alatt/ https://femina.hu/egeszseg/szivizomgyulladas-covid-utan/ https://femina.hu/terasz/koronavirus-friss-adatok/ https://femina.hu/terasz/korlatotozasok-2021-marcius/ https://femina.hu/terasz/covid-19-terjedese/	null	default	OK
5	<div class=x-panel x-panel-noborder id=@NUM>	0.0	3.0	0.0	https://index.hu/techtud/2020/03/16/zoonozis_covid19_koronavirus_jarvany_pandemia_azsia_afrika/ https://index.hu/techtud/2020/04/07/tobben_halnak_bele_a_koronavirusba_ahol_rossz_a_levego/ https://index.hu/techtud/2020/04/02/ugy_tunik_macskakat_is_fertozhet_az_uj_koronavirus/ https://index.hu/techtud/2020/05/13/magyar_kutatok_vizsgalnak_hogy_mit_tesz_a_virus_az_aggyal/ https://index.hu/techtud/2020/04/02/amerikai_szakertok_szerint_tusszentes_vagy_kohoges_nelkul_is_fertozhet_a_koronavirus/	null	default	NEW
5	<div class=x-panel-body x-panel-body-noheader x-panel-body-noborder id=@NUM>	0.0	1.0	0.0	https://index.hu/techtud/2020/04/07/tobben_halnak_bele_a_koronavirusba_ahol_rossz_a_levego/ https://index.hu/techtud/2020/04/02/amerikai_szakertok_szerint_tusszentes_vagy_kohoges_nelkul_is_fertozhet_a_koronavirus/ https://index.hu/techtud/2020/04/02/ugy_tunik_macskakat_is_fertozhet_az_uj_koronavirus/ https://index.hu/techtud/2020/03/16/zoonozis_covid19_koronavirus_jarvany_pandemia_azsia_afrika/ https://index.hu/techtud/2020/05/13/magyar_kutatok_vizsgalnak_hogy_mit_tesz_a_virus_az_aggyal/	null	default	NEW
5	<div class=x-panel-bwrap id=@NUM>	0.0	2.0	0.0	https://index.hu/techtud/2020/05/13/magyar_kutatok_vizsgalnak_hogy_mit_tesz_a_virus_az_aggyal/ https://index.hu/techtud/2020/03/16/zoonozis_covid19_koronavirus_jarvany_pandemia_azsia_afrika/ https://index.hu/techtud/2020/04/07/tobben_halnak_bele_a_koronavirusba_ahol_rossz_a_levego/ https://index.hu/techtud/2020/04/02/ugy_tunik_macskakat_is_fertozhet_az_uj_koronavirus/ https://index.hu/techtud/2020/04/02/amerikai_szakertok_szerint_tusszentes_vagy_kohoges_nelkul_is_fertozhet_a_koronavirus/	null	default	NEW
4	<div class=yt-video-container>	0.0	1.0	0.0	https://index.hu/belfold/2021/03/18/fesztival-balaton-sound-volt/ https://index.hu/sport/futball/2021/05/20/25-covidos-serult-kozeppalyas-a-kapuban-igy-is-nyertek---video-/ https://index.hu/kulfold/2021/02/16/bill-gates-bioterrorizmus/ https://index.hu/kultur/2021/03/21/jevgenyij-nyesztyerenko-opera-koronavirus-halal/	null	default	OK
12	<div class=zi-widget__logo>	0.0	1.0	0.0	https://index.hu/belfold/2021/01/18/tura_termeszet_jarvany_kektura_kozlemeny/ https://index.hu/techtud/2020/04/07/tobben_halnak_bele_a_koronavirusba_ahol_rossz_a_levego/ https://index.hu/kulfold/2020/04/28/zahara_de_los_atunes_strand_feherito_hipo_elnezest_kertek/ https://index.hu/belfold/2020/04/09/nyiregyhazi_kosar_helyi_gazdasag_koronavirus_belugyminiszterium_nemzeti_bank_klimavaltozas/ https://index.hu/gazdasag/2020/05/12/koronavirus_jarvany_valsag_klimavaltozas_eghajlatvaltozas_szen-dioxid_kibocsatas_uveghaz_uveghazgaz/	null	default	NEW
1	<div class=zn-body__paragraph>	0.0	0.0	0.0	https://index.hu/kulfold/2020/10/05/trump_feher_haz_koronavirus/	null	default	NEW
3	<div id=gtx-host>	0.0	0.0	0.0	https://index.hu/kultur/media/2020/05/15/kolosi_peter_interju_rtl_tv_karanten/ https://index.hu/kulfold/2020/08/03/koronavirus_europa_korkep/ https://index.hu/kultur/2020/05/21/berlin_koronavirus_karanten_mozi_kijarasi_korlatozas_filmvetites/	null	default	NEW
7	<div id=gtx-trans>	0.0	1.0	0.0	https://index.hu/kulfold/2020/09/19/oroszorszag_hat_ezer_koronavirus_fertozott/ https://index.hu/kulfold/2020/01/29/felfuggeszti_kinai_jaratait_a_british_airways/ https://index.hu/szolgalati-kozlemeny/2020/04/20/meg_maradtak_kerdeseink/ https://index.hu/techtud/2020/08/22/a_koronavirus_labon_lotte_a_legitarsasagok_arazomodszereit/ https://index.hu/belfold/2020/03/30/koronavirus_hirek_magyarorszag_vilag_marcius_30/	null	default	NEW
1	<div id=onequarter-of-article>	0.0	0.0	0.0	https://divany.hu/offline/2020/09/02/d-vitamin-a-covid-ellen/	null	default	NEW
1	<div id=swoopAd>	0.0	0.0	0.0	https://divany.hu/offline/2020/09/02/d-vitamin-a-covid-ellen/	null	default	NEW
1	<figcaption>	0.0	0.0	0.0	https://index.hu/techtud/2020/03/20/legszennyezes_koronavirus_esa_kina_40_szazalek/	null	default	NEW
1	<figure>	0.0	1.0	0.0	https://index.hu/techtud/2020/03/20/legszennyezes_koronavirus_esa_kina_40_szazalek/	null	default	NEW
1	<footer>	0.0	1.0	0.0	https://index.hu/kulfold/2020/01/23/lezart_varos_vuhanhuanggang_koronavirus/	null	default	NEW
2	<form action=@LINK id=@startQuizFormNUM method=POST>	0.0	3.0	0.0	https://divany.hu/eletem/2020/03/25/koronavirus-kviz/ https://index.hu/belfold/2020/02/23/orvan_viktor_evertekelo_novak_elod_fecskeallomany_kaleta_dikh_villam_koronavirus_evolucio/	null	default	NEW
1	<h1 id=@LONG>	0.0	0.0	0.0	https://index.hu/kulfold/2021/05/12/atprogramozhatja-immunvalaszainkat-pfizer-vakcina-koronavirus-covid-19-oltoanyag-mrns/	null	default	OK
3	<h1>	0.0	0.0	0.0	https://index.hu/kulfold/2021/05/17/koronavirus-nemzetkozi-hirosszefoglalo-covid-19-vakcina-oltas/ https://index.hu/belfold/2021/03/24/ei-kl.-.b/ https://index.hu/kulfold/2021/03/26/szlovakia_koronavirus_mellekhatas_moderna_vizsgalat/	null	default	NEW
3	<h2 class=block-title>	0.0	0.0	0.0	https://index.hu/kulfold/2021/04/15/koronvirus-jarvany-csutortok-percrol-percre/	null	default	OK
1	<h2 class=gmail-lead>	0.0	0.0	0.0	https://index.hu/kulfold/2021/02/14/koronavirus_antarktisz_delfin_balna/	null	default	OK
1	<h2 id=@titleNUM>	0.0	0.0	0.0	https://index.hu/techtud/2020/11/01/alvashormonnal_a_virusok_ellen/	null	default	NEW
1	<h2>	0.0	0.0	0.0	https://index.hu/techtud/2021/02/27/asztma-koronavirus-a-vilagban-halalozas/	null	default	OK
1	<hr>	0.0	0.0	0.0	https://index.hu/gazdasag/2021/03/28/jordan-ferenc-interju-koronavirus/	null	default	OK
18	<iframe allow=@LONG allowfullscreen=true frameborder=@NUM height=@STYLE scrolling=no src=@LINK style=@STYLE width=@STYLE>	0.0	0.0	0.0	https://index.hu/belfold/2021/03/19/szijjarto-peter-koronavirus-oltas/ https://index.hu/belfold/2021/03/07/orban-viktor-koronavirus-jarvany/ https://index.hu/belfold/2021/04/04/boldokoi-zsolt-koronavirus-oltas-nyitas/ https://index.hu/kulfold/2021/05/14/amerika-szinte-minden-resze-fertozott/csehorszagba-is-szabad-az-ut/ https://index.hu/belfold/2021/03/23/dk-orban-viktor-ne-szajhoskodjon-ez-most-az-eletmentes-ideje/	beagyazott_tartalom	src	updated_new
1	<iframe allow=autoplay allowfullscreen= class=lazy iframe-lazy-placeholder icon-embed data-original=@LONG frameborder=@NUM height=@STYLE width=@STYLE>	0.0	0.0	0.0	https://totalcar.hu/belsoseg/2020/03/31/tudod_hogy_lesz_virusmentes_a_mentoauto/	null	default	NEW
3	<iframe allow=autoplay; fullscreen allowfullscreen=true class=indavideo-player indavideo_newembed superlazy data-original=@STYLE frameborder=@NUM scrolling=no title=indavideo video player type=text/html>	0.0	0.0	0.0	https://index.hu/belfold/2021/02/01/kibeszelo_kiss_ambrus_budapest_csod/ https://index.hu/belfold/2021/05/01/igy-indult-ujra-az-elet-a-vedetteknek/ https://index.hu/belfold/2021/04/25/terasznyitas-vendeglato-koronavirus-jarvany/	null	default	OK
9	<iframe allow=encrypted-media allowtransparency=true frameborder=@NUM height=@STYLE scrolling=no src=@LINK style=@STYLE width=@STYLE>	0.0	0.0	0.0	https://index.hu/kulfold/2020/03/25/europaiak_iranti_bizalmatlansag_azsiaban_koronavirus/ https://index.hu/belfold/2020/08/10/ujfeherto_koronavirus_fertozes_karanten/ https://index.hu/belfold/2020/04/13/badacsonytomaj_korlatozasok_blokad_koronavirus/ https://index.hu/belfold/2020/05/27/tiz_koronavirus_fertozott_bujak/ https://index.hu/mindekozben/poszt/2020/11/07/ti_milyen_maszkban_nyomjatok/	beagyazott_tartalom	src	NEW
4	<iframe allowfullscreen= frameborder=@NUM height=@STYLE scrolling=no src=@LINK width=@STYLE>	0.0	0.0	0.0	https://index.hu/kulfold/2021/02/16/bill-gates-bioterrorizmus/ https://index.hu/belfold/2021/03/18/fesztival-balaton-sound-volt/ https://index.hu/kultur/2021/03/21/jevgenyij-nyesztyerenko-opera-koronavirus-halal/ https://index.hu/sport/futball/2021/05/20/25-covidos-serult-kozeppalyas-a-kapuban-igy-is-nyertek---video-/	beagyazott_tartalom	src	OK
1	<iframe allowfullscreen= frameborder=@NUM mozallowfullscreen= src=@LINK style=@STYLE webkitallowfullscreen=>	0.0	0.0	0.0	https://index.hu/gazdasag/2021/04/26/gki-konjunkturaindex/	beagyazott_tartalom	src	OK
10	<iframe allowfullscreen=true allowtransparency=true frameborder=@NUM height=@STYLE scrolling=no src=@LINK style=@STYLE width=@STYLE>	0.0	0.0	0.0	https://index.hu/kulfold/2020/07/11/belgradi_tuntetes_aleksandar_vucic_eu_koronavirus_szerbia/ https://index.hu/belfold/2020/04/17/fovaros_500_pesti_uti_koronatesztbol_74_ervenytelen_lett/ https://index.hu/kulfold/2020/04/05/kijevben_az_elelmiszerboltokban_is_mernek_testhomersekletet/ https://index.hu/belfold/2020/05/21/vegul_feljelenti_a_del-pesti_korhaz_bencsik_janos_fuggetlen_kepviselot_a_riportja_miatt/ https://index.hu/belfold/2020/11/10/orban_viktor_koronavirus_kormany_oltoanyag/	beagyazott_tartalom	src	NEW
1	<iframe allowfullscreen=true class=indavideo-player indavideo_newembed lazy data-original=@STYLE frameborder=@NUM scrolling=no style=@STYLE title=indavideo video player type=text/html>	0.0	0.0	0.0	https://femina.hu/egeszseg/oncompass-online-konzultacio/	null	default	NEW
2	<iframe allowfullscreen=true frameborder=@NUM src=@LINK style=@STYLE>	0.0	0.0	0.0	https://index.hu/belfold/2021/01/18/orban_viktor_vakcina_kormany_oltas_kina_europai_unio/ https://index.hu/belfold/2020/11/26/eu_dolgozok_koronavirus_halal/	beagyazott_tartalom	src	NEW
2	<iframe allowtransparency=true frameborder=@NUM height=@STYLE scrolling=no src=@LINK style=@STYLE width=@STYLE>	0.0	0.0	0.0	https://index.hu/gazdasag/defacto/2020/05/03/dezinformacio_korona_idejen/ https://index.hu/gazdasag/defacto/2020/03/17/iskolabezarasok_a_jo_a_rossz_es_a_csuf/	beagyazott_tartalom	src	NEW
11	<iframe frameborder=@NUM height=@STYLE marginheight=@STYLE marginwidth=@STYLE scrolling=no src=@LINK width=@STYLE>	0.0	0.0	0.0	https://velvet.hu/gumicukor/2020/04/01/lady_gaga_apja_koronavirus/ https://velvet.hu/randi/2020/03/22/koronavirus_idosek_otthona_karanten_hazassagi_evfordulo/ https://velvet.hu/gumicukor/2020/02/12/bodi_sylvi_senkit_nem_akart_megbantani_a_csikszemuzessel/ https://femina.hu/egeszseg/daganatos-beteg-ellatas-jarvany-alatt/ https://velvet.hu/helyszinelo/2020/07/29/stella_immanuel_koronavirus_covid_osszeeskuves_elmeletek/	beagyazott_tartalom	src	NEW
1	<iframe height=@STYLE src=@LINK width=@STYLE>	0.0	0.0	0.0	https://divany.hu/lajfhekk/2020/03/15/mobiltelefon-fertotlenites/	beagyazott_tartalom	src	NEW
2	<iframe loading=lazy src=@LINK style=@STYLE>	0.0	0.0	0.0	https://index.hu/kulfold/2021/04/29/mutatok-cafoljak-az-oltasellenesseget/ https://index.hu/belfold/2021/03/10/koronavirus-jarvany-vedekezes-beoltottsag-onworlddata/	beagyazott_tartalom	src	OK
18	<img alt=@alt border=@NUM class=@LONG lazy data-image_height=@STYLE data-image_width=@STYLE height=@STYLE id=@NUM src=@LINK width=@STYLE>	0.0	0.0	0.0	https://divany.hu/vilagom/2021/04/21/mit-varunk-a-nyitastol-budapest/	media_hivatkozas	src	OK
2	<img alt=@alt border=@NUM class=lazy beforelazy data-image_height=@STYLE data-image_width=@STYLE data-original=@LINK height=@STYLE id=@NUM src=@LINK width=@STYLE>	0.0	0.0	0.0	https://index.hu/kulfold/2021/05/02/egyre-halalosabb-a-jarvany/ https://index.hu/kulfold/2021/05/01/koronavirus-vilagadat-vakcina-moderna/	media_hivatkozas	src	OK
1	<img alt=@alt border=@NUM class=QualityPlacement__img src=@LINK style=@STYLE>	0.0	0.0	0.0	https://index.hu/belfold/2020/10/06/operativ_torzs/	media_hivatkozas	src	NEW
36	<img alt=@alt border=@NUM data-image_height=@STYLE data-image_width=@STYLE height=@STYLE id=@NUM src=@LINK width=@STYLE>	0.0	0.0	0.0	https://index.hu/kulfold/2021/01/31/bekes-imadkozasnak-indult-heves-tuntetes-lett-becsben/ https://index.hu/belfold/2021/04/07/tobb-tizezren-allnak-munkaba-a-mai-naptol/ https://index.hu/belfold/2021/05/01/igy-indult-ujra-az-elet-a-vedetteknek/ https://index.hu/belfold/2021/03/15/mi-hazank-godeny-gyorgy-marcius-15-tuntetes/ https://index.hu/belfold/2021/04/21/koronavirus-magyarorszagon-koronavirus-covid-19-jarvany-oltas-vakcina-regisztracio/	media_hivatkozas	src	OK
24	<img alt=@alt border=@NUM data-image_height=@STYLE data-image_width=@STYLE id=@szerkfotoNUM src=@LINK>	0.0	0.0	0.0	https://index.hu/belfold/2020/04/04/koronavirus_terezvaros_szocialis_ellatas/ https://index.hu/kultur/2020/05/21/berlin_koronavirus_karanten_mozi_kijarasi_korlatozas_filmvetites/	media_hivatkozas	src	NEW
41	<img alt=@alt border=@NUM data-image_height=@STYLE data-image_width=@STYLE src=@LINK>	0.0	0.0	0.0	https://index.hu/nagykep/2021/02/20/pandemia-a-melynyomorban-ozd-melyszegenyseg-koronavirus/ https://index.hu/nagykep/2021/03/20/falak-mogul-a-falak-koze/ https://index.hu/kulfold/2021/03/13/brazilia-nok-elleni-eroszak/	media_hivatkozas	src	OK
3	<img alt=@alt border=@NUM data-image_width=@STYLE id=@szerkfotoNUM src=@LINK>	0.0	0.0	0.0	https://index.hu/techtud/2020/06/15/a_tudomany_megdicsoulese_vagy_nevetsegesse_valasa_a_koronavirus-jarvany/	media_hivatkozas	src	NEW
3	<img alt=@alt border=@NUM src=@LINK style=@STYLE>	0.0	0.0	0.0	https://index.hu/gazdasag/2021/03/11/arizonaban-sikerult-visszaszoritani-a-jarvanyt---van-atveheto-modell-/ https://index.hu/kulfold/2021/05/02/egyre-halalosabb-a-jarvany/rekordot-dontott-a-sulyos-koronavirusos-fertozottek-szama-japanban/ https://index.hu/kulfold/2021/05/02/egyre-halalosabb-a-jarvany/ https://index.hu/belfold/2021/03/06/kosa_lajos_maszk_nelkuli_fenykepek/	media_hivatkozas	src	updated_new
1	<img alt=@alt border=@NUM src=@LINK>	0.0	0.0	0.0	https://femina.hu/egeszseg/megbizhato-koronavirus-teszt/	media_hivatkozas	src	OK
3	<img alt=@alt class=@LONG lazy data-image_height=@STYLE data-image_width=@STYLE id=@szerkfotoNUM src=@LINK>	0.0	0.0	0.0	https://divany.hu/szuloseg/2020/11/29/koronavirus-gyerek-stressz/ https://divany.hu/szuloseg/2020/11/11/influenza-oltas-gyerek-jarvany/ https://divany.hu/vilagom/2020/10/08/koronavirus-noveny-gyogyszer-interju/	media_hivatkozas	src	NEW
1	<img alt=@alt class=book src=@LINK>	0.0	0.0	0.0	https://index.hu/tudomany/til/2021/04/06/miert-hal-meg-tobb-ferfi-jarvanyok-idejen-/	media_hivatkozas	src	OK
19	<img alt=@alt class=lazy beforelazy data-image_height=@STYLE data-image_width=@STYLE data-original=@LINK id=@NUM src=@LINK>	0.0	0.0	0.0	https://index.hu/kulfold/2021/04/17/koronavirus-jarvany-vilag-fertozes/ https://index.hu/kulfold/2021/04/13/egy-honapja-folyamatosan-no-a-fertozottek-szama-az-egyesult-allamokban/ https://index.hu/kulfold/2021/05/13/egyre-tobb-japan-varos-utasit-el-sportolokat/ https://index.hu/kulfold/2021/04/27/uj-mintaorszaga-lett-a-koronavirus-elleni-harcnak/ https://index.hu/kulfold/2021/04/09/koronavirus_jarvany_vilag_fertozes/	media_hivatkozas	src	OK
400	<img alt=@alt class=lazy beforelazy data-image_height=@STYLE data-image_width=@STYLE data-original=@LINK id=@szerkfotoNUM src=@LINK>	0.0	0.0	0.0	https://index.hu/kulfold/2021/04/15/koronvirus-jarvany-csutortok-percrol-percre/ https://index.hu/kulfold/2021/04/23/jo-hirt-kozoltek-a-kutatok-a-vakcinak-hatekonysagarol/ https://index.hu/kulfold/2021/05/18/koronavirus-jarvany-pandemia-egeszsegugy-vilag/ https://index.hu/kulfold/2021/05/01/koronavirus-vilagadat-vakcina-moderna/ https://index.hu/kulfold/2021/05/02/egyre-halalosabb-a-jarvany/	media_hivatkozas	src	OK
1	<img alt=@alt data-ctl=@LINK data-image_height=@STYLE data-image_width=@STYLE id=@szerkfotoNUM src=@LINK>	0.0	0.0	0.0	https://index.hu/mindekozben/poszt/2021/03/05/-pentek-hetvege-10-1-dolog-amit-mar-nagyon-csinalnank/	media_hivatkozas	src	OK
188	<img alt=@alt data-image_height=@STYLE data-image_width=@STYLE height=@STYLE id=@szerkfotoNUM src=@LINK width=@STYLE>	0.0	0.0	0.0	https://femina.hu/terasz/koronavirus-uj-fertozottek-szama-nott/ https://femina.hu/terasz/pollen-koronavirus-nnk/ https://femina.hu/terasz/koronavirus-emelkedes/ https://femina.hu/egeszseg/covid-19-jovo/ https://femina.hu/terasz/vakcinak-keverese/	media_hivatkozas	src	OK
1	<img alt=@alt data-image_height=@STYLE data-image_width=@STYLE id=@LONG src=@LINK>	0.0	0.0	0.0	https://index.hu/kulfold/2020/08/11/meghaladta_a_20_milliot_a_fertozottek_szama_a_vilagon/	media_hivatkozas	src	NEW
9	<img alt=@alt data-image_height=@STYLE data-image_width=@STYLE id=@NUM src=@LINK>	0.0	0.0	0.0	https://index.hu/kulfold/2021/05/13/egyre-tobb-japan-varos-utasit-el-sportolokat/tobb-mint-38-millio-adag-vakcina-erkezett-eddig-az-afrikai-orszagokba/ https://index.hu/kulfold/2021/05/01/koronavirus-vilagadat-vakcina-moderna/ismet-nyitva-a-latogatok-elott-a-kaliforniai-disneyland/ https://index.hu/kulfold/2021/04/30/boris-johnson-kiakasztotta-a-gyaszolo-csaladokat/szazmillio-amerikai-fellelegezhet-es-megnyugodhat/ https://index.hu/kulfold/2021/04/30/boris-johnson-kiakasztotta-a-gyaszolo-csaladokat/a-jelenleti-oktatas-kockazatai-ovintezkedesekkel-csokkenthetok/ https://index.hu/kulfold/2021/05/18/koronavirus-jarvany-pandemia-egeszsegugy-vilag/csaknem-40-millio-eurot-kapott-magyarorszag-a-jarvany-elleni-vedekezesre/	media_hivatkozas	src	updated_new
750	<img alt=@alt data-image_height=@STYLE data-image_width=@STYLE id=@szerkfotoNUM src=@LINK>	0.0	0.0	0.0	https://index.hu/kulfold/2021/02/15/franciaorszag-nemetorszag-koronavirus-a-vilagban-hatarzar-csehorszag/ https://index.hu/techtud/egeszseg/2021/02/24/koronavirus-a-veszelyesek-koze-tartozik-a-kaliforniai-varians/ https://index.hu/belfold/2021/02/03/transparency-kozerdeku-adatigenyles-lelegeztetogepek-favipiravir-gyogyszer-kina-japan/ https://index.hu/belfold/2021/03/09/peterfalvi-attila-adatvedelmi-hatosag-oltas/ https://index.hu/kultur/2021/03/29/online-megtekintheto-a-louvre-teljes-kiallitasa/	media_hivatkozas	src	updated_new
1	<img alt=@alt data-image_width=@STYLE id=@LONG src=@LINK>	0.0	0.0	0.0	https://femina.hu/terasz/kijarasi-korlatozas/	media_hivatkozas	src	NEW
6	<img alt=@alt data-image_width=@STYLE id=@szerkfotoNUM src=@LINK>	0.0	0.0	0.0	https://index.hu/mindekozben/poszt/2021/03/08/verekedes-uzlet-egyesult-allamok/ https://index.hu/belfold/2021/02/23/szerdatol-olthatnak-a-kinai-vakcinaval-is/ https://index.hu/mindekozben/poszt/2021/02/11/brit-matematikusok-kiszamoltak-egy-kolas-doboz-feleben-elfer-a-vilag-osszes-koronavirus-reszecskeje/ https://index.hu/belfold/2021/02/02/optorzs-vazlat/ https://index.hu/belfold/2021/04/08/duborog-az-oltoprogram-meglehet-orban-viktor-alma-a-3-millio-beoltott-magyarrol/	media_hivatkozas	src	OK
1	<img alt=@alt id=@szerkfotoNUM src=@LINK>	0.0	0.0	0.0	https://index.hu/mindekozben/poszt/2021/01/21/igazolasom_van_arrol_hogy_este_8_utan_driftelhetek/	media_hivatkozas	src	NEW
1	<img alt=@alt src=@LINK title=@title>	0.0	0.0	0.0	https://femina.hu/egeszseg/koronavirus-tudnivalok-kviz/	media_hivatkozas	src	NEW
2	<img alt=@alt src=@LINK width=@STYLE>	0.0	0.0	0.0	https://index.hu/tudomany/til/2021/04/06/miert-hal-meg-tobb-ferfi-jarvanyok-idejen-/	media_hivatkozas	src	OK
1	<img alt=@alt src=@LINK>	0.0	0.0	0.0	https://index.hu/kulfold/ep/2020/04/25/donald_tusk_orban_viktor_koronavirus_jarvany/	media_hivatkozas	src	NEW
6	<img class=@LONG src=@LINK>	0.0	0.0	0.0	https://velvet.hu/kockahas/2020/05/27/az_olasz_vizimento_sracok_maszkban_es_fecskeben_keszulnek_a_strandszezonra/ https://velvet.hu/kockahas/2020/03/12/koronavirus_otthonedzes/ https://velvet.hu/kockahas/2020/03/22/peleskey_bence_karanten_szakall_kihivas_itwillgrowback/	media_hivatkozas	src	NEW
24	<img data-answer_result=@resultNUM src=@LINK>	0.0	0.0	0.0	https://femina.hu/egeszseg/koronavirus-tudnivalok-kviz/	media_hivatkozas	src	NEW
12	<img height=@STYLE src=@LINK width=@STYLE>	0.0	0.0	0.0	https://index.hu/techtud/2020/03/28/koronavirus_muholdkep_elotte_utana/	media_hivatkozas	src	NEW
1	<img src=@LINK>	0.0	0.0	0.0	https://divany.hu/bcs/2020/12/01/dienes-angela-karacsony-covid-telenor-interju/	media_hivatkozas	src	NEW
2	<input class=@LONG id=@valaszNUM name=@valaszNUM type=radio value=@NUM>	0.0	0.0	0.0	https://divany.hu/vilagom/egyperces-kviz-kazinczy-batsanyi/	null	default	OK
24	<input id=@valaszNUM name=@valaszNUM type=radio value=@NUM>	0.0	0.0	0.0	https://femina.hu/egeszseg/koronavirus-tudnivalok-kviz/	null	default	NEW
1	<input name=method type=hidden value=postZh>	0.0	0.0	0.0	https://divany.hu/vilagom/egyperces-kviz-kazinczy-batsanyi/	null	default	OK
2	<input name=method type=hidden value=startTimeQuiz>	0.0	0.0	0.0	https://divany.hu/eletem/2020/03/25/koronavirus-kviz/ https://index.hu/belfold/2020/02/23/orvan_viktor_evertekelo_novak_elod_fecskeallomany_kaleta_dikh_villam_koronavirus_evolucio/	null	default	NEW
1	<input name=mininame type=hidden value=@kvizjatekNUM>	0.0	0.0	0.0	https://divany.hu/vilagom/egyperces-kviz-kazinczy-batsanyi/	null	default	OK
1	<input name=number_of_question type=hidden value=@NUM>	0.0	0.0	0.0	https://femina.hu/egeszseg/koronavirus-tudnivalok-kviz/	null	default	NEW
1	<input name=op type=hidden value=postmini>	0.0	0.0	0.0	https://divany.hu/vilagom/egyperces-kviz-kazinczy-batsanyi/	null	default	OK
1211	<li class=@STYLE>	0.0	1.0	0.0	https://index.hu/kulfold/2021/04/22/mexikotol-lengyelorszagig-terjednek-a-hamis-vakcinak/ https://index.hu/kulfold/2021/05/05/hiaba-figyelmeztettek-a-brazil-elnokot-nem-erdekelte-a-jarvany/ https://index.hu/kulfold/2021/04/09/koronavirus_jarvany_vilag_fertozes/ https://index.hu/kulfold/2021/04/17/koronavirus-jarvany-vilag-fertozes/ https://index.hu/kulfold/2021/04/16/koronavirus-a-vilagban-penteki-hirosszefoglalo-covid-19-vakcina-oltas-jarvany-pandemia/	null	default	OK
1211	<li class=mail>	0.0	1.0	0.0	https://index.hu/kulfold/2021/05/17/koronavirus-nemzetkozi-hirosszefoglalo-covid-19-vakcina-oltas/ https://index.hu/kulfold/2021/05/02/egyre-halalosabb-a-jarvany/ https://index.hu/kulfold/2021/05/18/koronavirus-jarvany-pandemia-egeszsegugy-vilag/ https://index.hu/kulfold/2021/04/10/harommilliohoz-kozelit-a-koronavirus-halottainak-szama-a-vilagon/ https://index.hu/kulfold/2021/04/22/mexikotol-lengyelorszagig-terjednek-a-hamis-vakcinak/	null	default	OK
1211	<li class=tumblr>	0.0	1.0	0.0	https://index.hu/kulfold/2021/04/18/koronavirus-jarvany-vilag/ https://index.hu/kultur/2021/04/29/az-ordognel-is-ordogibb-az-indiai-mutans/ https://index.hu/belfold/2021/03/26/orban-viktor-megszolal-a-jarvanyhelyzetrol-jonnek-a-bejelentesek/ https://index.hu/kulfold/2021/04/27/uj-mintaorszaga-lett-a-koronavirus-elleni-harcnak/ https://index.hu/kulfold/2021/04/25/koronavirus-a-vilagban-vasarnapi-hirosszefoglalo-vakcina-oltas/	null	default	OK
1211	<li class=twitter>	0.0	1.0	0.0	https://index.hu/kulfold/2021/04/21/brazilia-kuzd-a-jarvannyal-de-mar-a-jovo-evi-oltasra-keszul/ https://index.hu/gazdasag/2021/03/31/sulyosan-rapidan-zajlanak-a-megbetegedesek/ https://index.hu/kulfold/2021/04/14/koronvirus-jarvany-percrol-percre/ https://index.hu/kulfold/2021/04/19/koronavirus-vilag-adat-jarvany/ https://index.hu/kulfold/2021/05/02/egyre-halalosabb-a-jarvany/	null	default	OK
1211	<li class=viber>	0.0	1.0	0.0	https://index.hu/kulfold/2021/04/25/koronavirus-a-vilagban-vasarnapi-hirosszefoglalo-vakcina-oltas/ https://index.hu/kulfold/2021/04/19/koronavirus-vilag-adat-jarvany/ https://index.hu/kulfold/2021/04/14/koronvirus-jarvany-percrol-percre/ https://index.hu/kulfold/2021/04/24/koronavirus-a-vilagban-szombati-hirosszefoglalo-aprilis-24-vakcina-oltas/ https://index.hu/kulfold/2021/05/12/koronavirus-a-vilagban-az-index-szerdai-hirosszefoglaloja-covid-19-vakcina-oltas/	null	default	OK
1	<section>	0.0	0.0	0.0	https://index.hu/kulfold/2020/01/23/lezart_varos_vuhanhuanggang_koronavirus/	null	default	NEW
1	<span class=@NUM @NUM @edcugNUM @NUM @NUM @NUM @NUM @NUM @NUM @NUM @NUM @NUM @hzawbcNUM>	0.0	0.0	0.0	https://index.hu/belfold/2020/05/20/a_legfontosabb_hirek_a_koronavirusrol_szerdan/	null	default	NEW
8	<span class=answered>	0.0	0.0	0.0	https://femina.hu/egeszseg/koronavirus-tudnivalok-kviz/	null	default	NEW
23	<span class=fb-poszt-doboz-fb-icon fb-icon-bg>	0.0	0.0	0.0	https://velvet.hu/gumicukor/2020/04/08/a_nap_videoja_teves_orvosok_koszonik_meg_a_valodiak_munkajat/ https://velvet.hu/gumicukor/2020/12/18/toth_gabi_kozszereplo_nem_maradt_volna_titokban_covid_video/ https://velvet.hu/gumicukor/2020/10/15/liptai_claudia_adam_koronavirus_betegseg/ https://velvet.hu/europa/2020/04/05/torino_gyerekek_a_koronavirusrol_karanten/ https://velvet.hu/bpma/2020/03/22/koronavirus_budapest_ejszakai_elete/	null	default	NEW
23	<span class=fb-poszt-doboz-like-icon fb-icon-bg>	0.0	0.0	0.0	https://velvet.hu/gumicukor/2020/10/15/liptai_claudia_adam_koronavirus_betegseg/ https://velvet.hu/gumicukor/2020/11/27/pal_denes_koronavirus_tagadok/ https://velvet.hu/gumicukor/2020/09/15/vajna_timea_4_5_kilot_fogyott_a_koronavirustol/ https://velvet.hu/gumicukor/2020/03/11/karalyos_gabor_baratok_kozt/ https://velvet.hu/europa/2020/04/05/torino_gyerekek_a_koronavirusrol_karanten/	null	default	NEW
9	<span class=femina-pink correct>	0.0	0.0	0.0	https://femina.hu/egeszseg/koronavirus-tudnivalok-kviz/	null	default	NEW
1	<span class=femina-pink results-percentage>	0.0	0.0	0.0	https://femina.hu/egeszseg/koronavirus-tudnivalok-kviz/	null	default	NEW
1	<span class=glyph age_icon @NUM @korhatarNUM>	0.0	0.0	0.0	https://index.hu/techtud/2020/01/31/katasztrofa-forgatokonyvek_a_koronavirus-jarvany_jovojerol/	null	default	NEW
28	<span class=icon-gallery-open gallery_open image-icon glyph gallery>	0.0	0.0	0.0	https://totalcar.hu/magazin/hirek/2021/03/03/oltobuszokkal_harcol_a_honvedseg_a_virus_ellen/ https://index.hu/belfold/2021/05/01/igy-indult-ujra-az-elet-a-vedetteknek/ https://index.hu/tech/mem/2021/03/13/anyak-hetfon---memek-az-online-oktatasrol/ https://index.hu/belfold/2021/04/21/koronavirus-magyarorszagon-koronavirus-covid-19-jarvany-oltas-vakcina-regisztracio/ https://index.hu/kulfold/2021/05/01/koronavirus-vilagadat-vakcina-moderna/	null	default	OK
27	<span class=imageholder clearafter>	0.0	1.8888888888888888	0.0	https://index.hu/kultur/2020/05/21/berlin_koronavirus_karanten_mozi_kijarasi_korlatozas_filmvetites/ https://index.hu/belfold/2020/04/04/koronavirus_terezvaros_szocialis_ellatas/ https://index.hu/techtud/2020/06/15/a_tudomany_megdicsoulese_vagy_nevetsegesse_valasa_a_koronavirus-jarvany/	null	default	NEW
1	<span class=imageholder gif-loadable>	0.0	8.0	0.0	https://index.hu/mindekozben/poszt/2021/03/05/-pentek-hetvege-10-1-dolog-amit-mar-nagyon-csinalnank/	null	default	OK
1361	<span class=imageholder>	0.0	1.819985304922851	0.0	https://index.hu/kulfold/2021/04/08/exkluziv-amerikai-beszamolo-a-johnson-johnson-vakcinajarol/ https://femina.hu/terasz/vakcina-tablazatok/ https://index.hu/belfold/2021/03/17/mihez-akarunk-ragaszkodni-a-jarvany-utan-is-/ https://index.hu/kulfold/2021/03/21/nemetorszag_korlatozasok_hosszabbitas/ https://index.hu/kulfold/2021/02/13/koronavirus_kina_washington_who/	null	default	updated_new
1116	<span class=open_popup icon-popup image-icon>	0.0	0.0	0.0	https://index.hu/techtud/egeszseg/2021/02/11/megmergezi-az-agysejteket-a-koronavirus/ https://index.hu/kulfold/2021/04/30/boris-johnson-kiakasztotta-a-gyaszolo-csaladokat/az-astrazeneca-reagalt-az-eu-s-perre/ https://index.hu/kulfold/2021/04/14/koronvirus-jarvany-percrol-percre/olaszorszag-csak-az-idoseket-oltana-a-johnson-johnson-vakcinajaval/ https://index.hu/belfold/2021/04/04/ot-tipp-az-unalom-ellen-ha-egyedul-vagy-a-karantenban/ https://index.hu/kulfold/2021/02/14/szerbia-tul-a-nyolcszazezer-oltason/	null	default	updated_new
24	<span class=td>	0.0	1.0	0.0	https://femina.hu/egeszseg/koronavirus-tudnivalok-kviz/	null	default	NEW
1	<span class=text_exposed_show>	0.0	0.0	0.0	https://divany.hu/eletem/2020/03/18/koronavirus-hibaztatas/	null	default	NEW
5	<span style=@STYLE>	0.0	0.0	0.0	https://index.hu/gazdasag/2021/05/19/negynapos-munkahet-mesterseges-intelligencia-kutatas-mta-elte-lendulet-abbyy-almultiple/ https://index.hu/gazdasag/2021/02/17/egeszsegugy-felmeres-technologiai-forradalom-tanulmany-roland-berger-kutatas/	null	default	OK
1	<strong style=@STYLE>	0.0	1.0	0.0	https://index.hu/sport/kosarlabda/2020/10/18/david_kornel_interju_nba_rajatszas_buborek_lebron_james_los_angeles_lakers_interju/	null	default	NEW
1211	<ul class=megosztas-doboz>	0.0	10.0	0.0	https://index.hu/kulfold/2021/05/09/koronavirus-jarvany-vilag/ https://index.hu/kulfold/2021/05/24/fontos-szamok-jelentek-meg-a-koronavirusrol/ https://index.hu/kulfold/2021/04/22/mexikotol-lengyelorszagig-terjednek-a-hamis-vakcinak/ https://index.hu/kulfold/2021/05/20/koronavirus-nemzetkozi-hirosszefoglalo-csutortok-covid-19-vakcina-oltas/ https://index.hu/kulfold/2021/05/18/koronavirus-jarvany-pandemia-egeszsegugy-vilag/	null	default	OK
12	<wbr>	0.0	0.0	0.0	https://index.hu/techtud/2020/02/28/koronavirus_a_gyogyszereszkamara_a_kamu_lanclevelet_kuldte_ki_a_budapesti_gyogyszereszeknek_tajekoztatasul/ https://index.hu/belfold/2020/03/20/koronavirus_kozigazgatas_home_office_szakszervezetek/ https://index.hu/belfold/2020/11/08/a_virus_a_borton_falain_is_atjut/	null	default	NEW
frequency	tag	average_word_count	average_descendant_num	immediate_texts_average_length	URL_example	normal_name	preserved_attribute	NEW