806	<0_MDESC_a class=zoom href=@LINK>	0.0	1.0	0.0	https://www.magyaridok.hu/lugas/gigantikus-metropolisz-3230872/ https://www.magyaridok.hu/kulfold/orban-viktor-a-sport-kozep-europa-kozos-nyelve-3522524/ https://www.magyaridok.hu/kulfold/orban-viktor-tusvanyoson-ujra-fel-kell-epiteni-a-karpat-medencet-3338708/ https://www.magyaridok.hu/kultura/az-arenaban-koncertezik-emeli-sande-brit-enekesno-2800593/ https://www.magyaridok.hu/kulfold/nemetorszagban-kelt-eletre-charlie-hebdo-2795667/	null	default	OK
2	<0_MDESC_a href=@LINK rel=attachment @NUM>	0.0	1.0	0.0	https://www.magyaridok.hu/belfold/taxikbol-raktak-ki-a-1353-as-adomanyvonal-szamjegyeit-1856/ https://www.magyaridok.hu/belfold/elkeszult-a-drotakadaly-csongrad-megyeben-2-1834/	null	default	OK
8953	<0_MDESC_br>	0.0	0.0	0.0	https://www.magyaridok.hu/sport/szivbemarkolo-videok-lezuhant-focicsapat-stadionjabol-1218103/ https://www.magyaridok.hu/kulfold/migransokat-mento-olasz-teherhajot-se-engedett-kikotni-az-olasz-belugyminiszter-3279701/	null	default	OK
806	<0_MDESC_h5>	0.0	0.0	0.0	https://www.magyaridok.hu/kulfold/orban-viktor-tusvanyoson-ujra-fel-kell-epiteni-a-karpat-medencet-3338708/ https://www.magyaridok.hu/sport/rossibol-falfestmeny-lett-3200302/ https://www.magyaridok.hu/gazdasag/varga-mihaly-jo-felzarkozasi-palyan-van-magyarorszag-3331724/ https://www.magyaridok.hu/kulfold/orban-viktor-a-sport-kozep-europa-kozos-nyelve-3522524/ https://www.magyaridok.hu/belfold/kampanya-ujabb-allomasan-jart-orban-viktor-2824521/	null	default	OK
1	<0_MDESC_img alt=@alt class=@imageNUM @STYLE @STYLE height=@STYLE sizes=@STYLE src=@LINK srcset=@LINK width=@STYLE>	0.0	0.0	0.0	https://www.magyaridok.hu/kulfold/a-kinai-aceldomping-elleni-fellepesre-surget-het-eu-tagallam-360733/	media_hivatkozas	src	NEW
5	<0_MDESC_img alt=@alt class=@imageNUM @STYLE height=@STYLE sizes=@STYLE src=@LINK srcset=@LINK style=@STYLE width=@STYLE>	0.0	0.0	0.0	https://www.magyaridok.hu/lugas/jelenetek-2017-bol-2632333/ https://www.magyaridok.hu/lugas/jelenetek-2017-bol-2632333/ https://www.magyaridok.hu/lugas/jelenetek-2017-bol-2632333/ https://www.magyaridok.hu/lugas/jelenetek-2017-bol-2632333/ https://www.magyaridok.hu/lugas/jelenetek-2017-bol-2632333/	media_hivatkozas	src	NEW
457	<0_MDESC_img alt=@alt class=@imageNUM @STYLE height=@STYLE sizes=@STYLE src=@LINK srcset=@LINK width=@STYLE>	0.0	0.0	0.0	https://www.magyaridok.hu/gazdasag/sulyos-szabalytalansagok-korhazi-kozbeszerzeseknel-404800/ https://www.magyaridok.hu/kulfold/ehinseg-pusztit-etiopiaban-300268/ https://www.magyaridok.hu/kulfold/hazhoz-es-gyujtopontokra-szallitana-dronjaival-wal-mart-76393/ https://www.magyaridok.hu/gazdasag/varhatoan-aprilisban-hirdetik-meg-az-ontozesfejlesztesi-palyazatokat-399100/ https://www.magyaridok.hu/kulfold/ujra-reflektorfenybe-allitjak-clintont-49195/	media_hivatkozas	src	NEW
70	<0_MDESC_img alt=@alt class=@imageNUM @STYLE height=@STYLE src=@LINK width=@STYLE>	0.0	0.0	0.0	https://www.magyaridok.hu/gazdasag/csokkenhet-az-adougyi-jogvitak-szama-312139/ https://www.magyaridok.hu/gazdasag/jelentos-tobblet-novemberben-2660227/ https://www.magyaridok.hu/gazdasag/megnohet-gaztarolok-biztonsagi-szerepe-353833/ https://www.magyaridok.hu/belfold/felhasznalhatja-a-rendorseg-amit-a-facebook-on-talal-316174/ https://www.magyaridok.hu/sport/alakulo-fitnesz-152203/	media_hivatkozas	src	NEW
45	<0_MDESC_img alt=@alt class=@imageNUM height=@STYLE sizes=@STYLE src=@LINK srcset=@LINK width=@STYLE>	0.0	0.0	0.0	https://www.magyaridok.hu/lugas/francia-kapcsolat-1428991/ https://www.magyaridok.hu/belfold/orban-viktor-bejelentette-a-kormany-tagjait-3044566/ https://www.magyaridok.hu/kulfold/uj-metropolisz-epul-zsufolt-peking-helyett-1597516/ https://www.magyaridok.hu/kulfold/kampanytema-lett-nemet-hadsereg-2064250/ https://www.magyaridok.hu/kulfold/soros-gyorgy-robert-fico-bevandorlasellenes-kormanyat-is-el-akarja-tuntetni-2874957/	media_hivatkozas	src	NEW
24	<0_MDESC_img alt=@alt class=@imageNUM height=@STYLE src=@LINK width=@STYLE>	0.0	0.0	0.0	https://www.magyaridok.hu/kulfold/megszokott-volt-thaifoldi-kormanyfo-2129911/ https://www.magyaridok.hu/kultura/kiserletezo-kedv-teret-enged-szabadsagnak-2034334/ https://www.magyaridok.hu/belfold/segitseg-helyett-kioktatas-brusszeltol-2161252/ https://www.magyaridok.hu/belfold/kilencven-eve-legjobbak-kozott-2108350/ https://www.magyaridok.hu/belfold/kiszoritanak-jogvedok-torvenytisztelo-forditokat-2088640/	media_hivatkozas	src	NEW
2729	<0_MDESC_img alt=@alt class=@STYLE @imageNUM @STYLE height=@STYLE sizes=@STYLE src=@LINK srcset=@LINK width=@STYLE>	0.0	0.0	0.0	https://www.magyaridok.hu/lugas/tehenfejek-1939597/ https://www.magyaridok.hu/lugas/a-puli-nyomaban-2591089/ https://www.magyaridok.hu/belfold/morvai-krisztina-2019-ben-befejezi-politikai-palyafutasat-2526685/ https://www.magyaridok.hu/kulfold/merkel-elleni-frontalis-tamadassal-beindult-nemet-valasztasi-kampany-1874644/ https://www.magyaridok.hu/belfold/alkotmanybirokat-valaszt-parlament-2-1190353/	media_hivatkozas	src	NEW
400	<0_MDESC_img alt=@alt class=@STYLE @imageNUM @STYLE height=@STYLE src=@LINK width=@STYLE>	0.0	0.0	0.0	https://www.magyaridok.hu/kulfold/visegradra-figyel-ausztria-2346751/ https://www.magyaridok.hu/kulfold/sulyos-bortonbuntetest-kapott-egy-eroszaktevo-ghanai-migrans-2360056/ https://www.magyaridok.hu/sport/baji-balazs-legeny-gaton-1906534/ https://www.magyaridok.hu/belfold/gyermeketkeztetes-ingyen-az-oszi-szunetben-2381314/ https://www.magyaridok.hu/belfold/balog-zoltan-lenyegesen-javultak-gyermekes-csaladok-eletkorulmenyei-2-2482585/	media_hivatkozas	src	NEW
18296	<0_MDESC_img alt=@alt class=@STYLE @imageNUM height=@STYLE sizes=@STYLE src=@LINK srcset=@LINK width=@STYLE>	0.0	0.0	0.0	https://www.magyaridok.hu/gazdasag/afacsokkentes-utan-emelnek-a-fizeteseket-a-vendeglatosok-678202/ https://www.magyaridok.hu/belfold/varga-mihaly-a-svabok-is-a-magyar-nemzet-reszei-3891929/ https://www.magyaridok.hu/kulfold/mult-idobe-helyeztek-rendteremto-amerikat-2812458/ https://www.magyaridok.hu/belfold/orban-brusszelt-meg-kell-allitani-1490050/ https://www.magyaridok.hu/gazdasag/kipukkadt-japan-takata-lufi-de-miskolci-uzem-nincs-veszelyben-1873453/	media_hivatkozas	src	NEW
8565	<0_MDESC_img alt=@alt class=@STYLE @imageNUM height=@STYLE src=@LINK width=@STYLE>	0.0	0.0	0.0	https://www.magyaridok.hu/kulfold/exit-poll-ujravalasztjak-michael-d-higgins-ir-elnokot-3615383/ https://www.magyaridok.hu/sport/regi-stilus-uj-ragozas-3459989/ https://www.magyaridok.hu/sport/elozott-a-mol-vidi-a-tabellan-3705068/ https://www.magyaridok.hu/gazdasag/jok-az-epitesgazdasag-idei-kilatasai-3812534/ https://www.magyaridok.hu/kulfold/boszniaban-az-elszakadas-a-fo-kampanytema-3549365/	media_hivatkozas	src	NEW
1	<0_MDESC_img alt=@alt class=@STYLE @imageNUM with-source @STYLE height=@STYLE sizes=@STYLE src=@LINK srcset=@LINK width=@STYLE>	0.0	0.0	0.0	https://www.magyaridok.hu/kulfold/orban-viktor-az-egysegben-valoban-ero-van-1249528/	media_hivatkozas	src	NEW
1	<0_MDESC_img alt=@alt class=@STYLE @STYLE @imageNUM height=@STYLE sizes=@STYLE src=@LINK srcset=@LINK width=@STYLE>	0.0	0.0	0.0	https://www.magyaridok.hu/belfold/nyilvanossagra-hozta-bkk-metrofelujitas-idejen-ervenyes-forgalmi-rendet-2301595/	media_hivatkozas	src	NEW
1	<0_MDESC_img alt=@alt class=@STYLE @STYLE @imageNUM height=@STYLE src=@LINK width=@STYLE>	0.0	0.0	0.0	https://www.magyaridok.hu/gazdasag/tovabb-csokkent-az-allaskeresok-szama-2241940/	media_hivatkozas	src	NEW
5	<0_MDESC_img class=@imageNUM @STYLE height=@STYLE sizes=@STYLE src=@LINK srcset=@LINK width=@STYLE>	0.0	0.0	0.0	https://www.magyaridok.hu/gazdasag/varga-mihaly-magyar-gazdasag-jo-novekedesi-palyan-van-1359028/ https://www.magyaridok.hu/kulfold/csavaros-otleteinkben-bizunk-1337206/ https://www.magyaridok.hu/belfold/lazar-elengedhetetlenul-szukseges-az-alaptorveny-modositasa-1092772/ https://www.magyaridok.hu/belfold/busztragedia-meg-tart-magyar-nyomozas-1378708/ https://www.magyaridok.hu/kultura/klasszikusok-elmenykent-talalva-1366363/	media_hivatkozas	src	NEW
5	<0_MDESC_img class=@imageNUM @STYLE src=@LINK wp-caption-text=>	0.0	0.0	0.0	https://www.magyaridok.hu/belfold/milliardok-ii-keruleti-fejlesztesekre-353854/ https://www.magyaridok.hu/belfold/katonaink-legjobbak-kozott-vannak-354688/ https://www.magyaridok.hu/kultura/az-avantgard-meghalt-a-rajongoi-visszatertek-380452/ https://www.magyaridok.hu/belfold/igazsagszolgaltatast-kovetelnek-karosultak-355762/ https://www.magyaridok.hu/kultura/termeszetben-es-pixelekben-megmutatott-ember-353899/	media_hivatkozas	src	NEW
17	<0_MDESC_img class=@imageNUM @STYLE>	0.0	0.0	0.0	https://www.magyaridok.hu/lugas/szovegkornyezet-239773/ https://www.magyaridok.hu/lugas/posa-kinaja-289561/ https://www.magyaridok.hu/belfold/kozel-negyven-milliard-forintot-kap-a-klik-416236/ https://www.magyaridok.hu/lugas/289750-289750/ https://www.magyaridok.hu/lugas/bitcoin-233602/	null	default	NEW
1	<0_MDESC_img class=@STYLE @imageNUM src=@LINK wp-caption-text=>	0.0	0.0	0.0	https://www.magyaridok.hu/gazdasag/kubai-embargo-veget-varjak-befektetok-344698/	media_hivatkozas	src	NEW
189	<0_MDESC_img class=@STYLE @imageNUM>	0.0	0.0	0.0	https://www.magyaridok.hu/lugas/ezust-vagy-olom-245098/ https://www.magyaridok.hu/lugas/hatvanket-ember-384646/ https://www.magyaridok.hu/lugas/amerikabol-jottek-310924/ https://www.magyaridok.hu/kulfold/gyakran-jart-helyszinen-az-orlandoi-merenylo-750079/ https://www.magyaridok.hu/lugas/statisztak-a-volannal-307564/	null	default	NEW
1612	<0_MDESC_img src=@LINK>	0.0	0.0	0.0	https://www.magyaridok.hu/sport/atvettek-jol-megerdemelt-aranyermeket-phjongcsangi-hoseink-2830524/ https://www.magyaridok.hu/belfold/orban-viktor-magyarorszag-egy-teljes-evig-finanszirozza-harom-sziriai-korhaz-mukodeset-3875879/ https://www.magyaridok.hu/sport/euforia-kobon-koszonjuk-2827539/ https://www.magyaridok.hu/kulfold/orban-viktor-is-reszt-vett-erdogan-beiktatasan-kepgaleria-3278873/ https://www.magyaridok.hu/kultura/hataron-tuli-magyar-boraszt-valasztottak-az-ev-bortermelojenek-2018-ban-3736928/	media_hivatkozas	src	NEW
1612	<0_MDESC_li data-thumb=@LINK>	0.0	1.5	0.0	https://www.magyaridok.hu/lugas/gigantikus-metropolisz-3230872/ https://www.magyaridok.hu/sport/15-masodpercen-mulott-a-feljutas-3048232/ https://www.magyaridok.hu/sport/kupagyozelmet-ert-a-fehervari-visszavagas-3879734/ https://www.magyaridok.hu/belfold/kampanya-ujabb-allomasan-jart-orban-viktor-2824521/ https://www.magyaridok.hu/kulfold/kolozsvarra-erkeztek-a-csiksomlyoi-zarandokvonatok-fotogaleria-3112291/	media_tartalom	default	OK
14	<0_MDESC_source src=@LINK type=@videoNUM>	0.0	0.0	0.0	https://www.magyaridok.hu/kulfold/csak-hogy-bajor-belugyminiszter-megertse-867082/ https://www.magyaridok.hu/belfold/orban-viktor-a-keresztenyseg-nemcsak-hitbeli-hanem-kulturalis-kerdes-is-2949649/ https://www.magyaridok.hu/sport/videon-az-olimpia-egyik-legmeghatobb-pillanata-927019/ https://www.magyaridok.hu/belfold/sorosek-tobb-millio-dollart-koltottek-magyarorszagon-politikai-befolyasolasra-hangfelvetel-2926555/ https://www.magyaridok.hu/belfold/sorosleaks-romokon-epul-a-halozat-2944531/	null	default	updated_new
9	<0_MDESC_source src=@LINK type=@videoNUM>	0.0	0.0	0.0	https://www.magyaridok.hu/kulfold/csak-hogy-bajor-belugyminiszter-megertse-867082/ https://www.magyaridok.hu/belfold/orban-viktor-a-keresztenyseg-nemcsak-hitbeli-hanem-kulturalis-kerdes-is-2949649/ https://www.magyaridok.hu/sport/videon-az-olimpia-egyik-legmeghatobb-pillanata-927019/ https://www.magyaridok.hu/belfold/sorosek-tobb-millio-dollart-koltottek-magyarorszagon-politikai-befolyasolasra-hangfelvetel-2926555/ https://www.magyaridok.hu/belfold/sorosleaks-romokon-epul-a-halozat-2944531/	null	default	updated_old
252	<0_MDESC_ul class=slides>	0.0	15.992063492063492	0.0	https://www.magyaridok.hu/belfold/ader-janos-nincs-modunk-kozepszerunek-lenni-3401128/ https://www.magyaridok.hu/lugas/a-sarkany-fustje-3706013/ https://www.magyaridok.hu/kulfold/orban-viktor-a-siratofalnal-jart-jeruzsalemben-fotogaleria-3313736/ https://www.magyaridok.hu/belfold/megalakult-az-uj-orszaggyules-3074242/ https://www.magyaridok.hu/lugas/sziget-3389773/	null	default	OK
1	<a id=@hlTargetNUM name=@NUM>	0.0	0.0	0.0	https://www.magyaridok.hu/belfold/hazakat-rongalt-meg-a-heves-esozes-veszprem-megyeben-3450524/	null	default	OK
15	<a name=_GoBack>	0.0	0.0	0.0	https://www.magyaridok.hu/kulfold/holland-tojasmergezes-belga-hallgatas-2057560/ https://www.magyaridok.hu/kulfold/ma-steinmeier-nemet-elnok-putyinnal-targyal-2379859/ https://www.magyaridok.hu/kulfold/valasztasok-elott-sebteben-modositottak-az-olasz-valasztasi-torvenyt-2335708/ https://www.magyaridok.hu/kulfold/cseh-kdnp-s-kepviselo-az-eu-cseh-polgarok-gyomraban-kezdodik-2398852/ https://www.magyaridok.hu/kulfold/brexitesek-rosszabb-lesz-gazdasagilag-nem-baj-csak-menjunk-az-eu-bol-2034235/	null	default	OK
1	<a name=:kk>	0.0	0.0	0.0	https://www.magyaridok.hu/lugas/hajonaplo-duna-partrol-nezve-fovaros-megtelt-2080114/	null	default	OK
1	<a name=@DdeLinkNUM>	0.0	0.0	0.0	https://www.magyaridok.hu/belfold/szigorodik-az-adatvedelmi-birsagolasi-gyakorlat-471139/	null	default	OK
1	<a name=@GoBackNUM>	0.0	0.0	0.0	https://www.magyaridok.hu/belfold/szakmai-segitseg-nemzetisegi-oktatasnak-241141/	null	default	OK
3	<a name=@lbBodyNUM>	0.0	0.0	0.0	https://www.magyaridok.hu/belfold/bizalomvesztes-migracio-es-valsag-miatt-az-eu-ban-119773/ https://www.magyaridok.hu/belfold/174532-174532/ https://www.magyaridok.hu/gazdasag/194668-194668/	null	default	OK
3	<a name=@lbLeadNUM>	0.0	0.0	0.0	https://www.magyaridok.hu/gazdasag/eltunt-panik-maradt-az-ovatossag-piacokon-272833/ https://www.magyaridok.hu/belfold/megujul-a-szocialis-ellatorendszer-499105/ https://www.magyaridok.hu/belfold/fidesz-1956-szelleme-fundamentum-mindenki-szamara-2417335/	null	default	OK
1	<a name=@NUM>	0.0	0.0	0.0	https://www.magyaridok.hu/belfold/dk-sok-provokaltak-augusztus-20-an-509320/	null	default	OK
1	<a name=text>	0.0	0.0	0.0	https://www.magyaridok.hu/belfold/dk-sok-provokaltak-augusztus-20-an-509320/	null	default	OK
10	<a>	0.0	1.0	0.0	https://www.magyaridok.hu/lugas/ki-az-gregory-peck-306403/ https://www.magyaridok.hu/lugas/angyaljaras-234091/ https://www.magyaridok.hu/gazdasag/kamionok-nyomaban-epulnek-gyorsforgalmi-utak-328069/ https://www.magyaridok.hu/lugas/megfejteni-apamat-209518/ https://www.magyaridok.hu/lugas/szemoldokgerenda-270940/	null	default	OK
1	<article class=MediaCard MediaCard--mediaForward customisable-border dir=ltr>	0.0	4.0	0.0	https://www.magyaridok.hu/kulfold/sajat-keszitesu-falat-huztak-fel-migransok-ellen-2000659/	null	default	OK
1	<br style=@STYLE>	0.0	0.0	0.0	https://www.magyaridok.hu/belfold/a-fidesz-elutasitja-a-konzultacios-plakatok-megrongalasat-484243/	null	default	OK
87122	<br>	0.0	0.0	0.0	https://www.magyaridok.hu/ahelyzet/torok-mese-vezer-844087/ https://www.magyaridok.hu/belfold/balliberalis-kormanyok-idejeben-mindenhol-jelen-volt-korrupcio-2803734/ https://www.magyaridok.hu/belfold/ok-nyertek-meg-vasarnap-a-valasztokeruletuket-3001585/ https://www.magyaridok.hu/sport/formula-1-hamilton-hatodszor-gyozott-montrealban-1813870/ https://www.magyaridok.hu/sport/vegyes-elojelekkel-varja-a-hazai-vb-t-a-magyar-jegkorong-valogatott-3021850/	null	default	OK
110	<col width=@STYLE>	0.0	0.0	0.0	https://www.magyaridok.hu/sport/ez-tortent-az-eb-n-eredmenyek-tabellak-753676/ https://www.magyaridok.hu/sport/casoni-robbant-burcsa-kivar-506752/ https://www.magyaridok.hu/sport/ez-tortent-az-eb-n-eredmenyek-tabellak-753676/ https://www.magyaridok.hu/sport/ez-tortent-az-eb-n-eredmenyek-tabellak-753676/ https://www.magyaridok.hu/sport/ferencvarosi-gyogyir-499876/	null	default	OK
9	<colgroup span=@NUM width=@STYLE>	0.0	0.0	0.0	https://www.magyaridok.hu/gazdasag/porog-a-hitelprogram-503722/ https://www.magyaridok.hu/gazdasag/ket-eve-meg-csokkent-a-hazai-elelmiszer-fogyasztas-499237/ https://www.magyaridok.hu/belfold/juliustol-ujabb-valtozasok-johetnek-a-kozmunkaban-475747/ https://www.magyaridok.hu/gazdasag/szorta-a-magyar-kotvenyeket-a-templeton-az-ev-elejen-472345/ https://www.magyaridok.hu/gazdasag/hazi-palinka-veget-ert-a-berfozdek-aranykora-488503/	null	default	OK
11	<colgroup width=@STYLE>	0.0	0.0	0.0	https://www.magyaridok.hu/gazdasag/szorta-a-magyar-kotvenyeket-a-templeton-az-ev-elejen-472345/ https://www.magyaridok.hu/gazdasag/ket-eve-meg-csokkent-a-hazai-elelmiszer-fogyasztas-499237/ https://www.magyaridok.hu/napi_gazdasag_archiv/a-modern-stadionokban-szurkolni-is-dragabb-472324/ https://www.magyaridok.hu/gazdasag/csak-egy-nagybank-okozott-csalodast-a-wall-streeten-471283/ https://www.magyaridok.hu/gazdasag/nagy-elteresek-a-bereknel-493039/	null	default	OK
19	<colgroup>	0.0	5.7894736842105265	0.0	https://www.magyaridok.hu/sport/hihetetlen-fehervari-forditas-502411/ https://www.magyaridok.hu/gazdasag/legfeljebb-junius-vegeig-dragulhat-meg-a-benzin-483742/ https://www.magyaridok.hu/sport/ez-tortent-az-eb-n-eredmenyek-tabellak-753676/ https://www.magyaridok.hu/sport/megallithatatlan-ftc-hat-fordulo-hat-gyozelem-508807/ https://www.magyaridok.hu/sport/ez-tortent-az-eb-n-eredmenyek-tabellak-753676/	null	default	OK
1	<div aria-label=@LONG class=ajR data-tooltip=@LONG id=:ip role=button tabindex=@NUM>	0.0	1.0	0.0	https://www.magyaridok.hu/gazdasag/osszeverekedtek-vasarlok-gyongyosi-tesconal-2193181/	null	default	OK
1	<div aria-label=@LONG class=ajR data-tooltip=@LONG id=:lp role=button tabindex=@NUM>	0.0	0.0	0.0	https://www.magyaridok.hu/belfold/most-eloszor-szolaltak-meg-s-abel-szulei-3447962/	null	default	OK
1	<div aria-label=@LONG class=ajR data-tooltip=@LONG id=@NUM role=button tabindex=@NUM>	0.0	1.0	0.0	https://www.magyaridok.hu/kulfold/peticioban-tiltakoznak-a-sargentini-jelentes-ellen-3449423/	null	default	OK
2	<div class=@LONG enews-article-no-bg>	0.0	0.0	0.0	https://www.magyaridok.hu/napi-terror/napi-terror-08-023-3358505/ https://www.magyaridok.hu/napi-terror/napi-terror-08-023-3358505/	null	default	OK
1	<div class=@STYLE js-cspForcedStyle>	0.0	1.0	0.0	https://www.magyaridok.hu/kulfold/sajat-keszitesu-falat-huztak-fel-migransok-ellen-2000659/	null	default	OK
6	<div class=aframe-half>	0.0	0.3333333333333333	0.0	https://www.magyaridok.hu/belfold/tobb-hangfelvetel-van-a-hatosagnal-3037126/ https://www.magyaridok.hu/belfold/tobb-hangfelvetel-van-a-hatosagnal-3037126/ https://www.magyaridok.hu/sport/roman-vadak-a-szekelyfoldi-foci-magyar-finanszirozasarol-3676052/ https://www.magyaridok.hu/kulfold/elhunyt-helmut-schmidt-volt-nemet-kancellar-111988/ https://www.magyaridok.hu/kulfold/ki-dronon-szall-folebe-annak-terkep-e-taj-32735/	null	default	OK
1	<div class=ajR id=:jl>	0.0	1.0	0.0	https://www.magyaridok.hu/gazdasag/klimavaltozast-turo-agrotechnologiak-1336288/	null	default	OK
1	<div class=ajx>	0.0	0.0	0.0	https://www.magyaridok.hu/belfold/julius-16-17-en-tartja-kongresszusat-az-lmp-738526/	null	default	OK
1	<div class=approve>	0.0	3.0	0.0	https://www.magyaridok.hu/belfold/nemeth-szilard-gyurcsany-es-brusszel-2006-os-valasztast-kozosen-csalta-el-2882748/	null	default	OK
2	<div class=articleSocial>	0.0	3.0	0.0	https://www.magyaridok.hu/belfold/magyar-nemek-soros-terv-beteljesulesenek-utjaban-2622502/ https://www.magyaridok.hu/kultura/indul-honfoglalo-cimu-musor-duna-tv-n-2613478/	null	default	OK
2	<div class=articleSocialInner>	0.0	2.0	0.0	https://www.magyaridok.hu/belfold/magyar-nemek-soros-terv-beteljesulesenek-utjaban-2622502/ https://www.magyaridok.hu/kultura/indul-honfoglalo-cimu-musor-duna-tv-n-2613478/	null	default	OK
1	<div class=articleVideo id=@NUM>	0.0	0.0	0.0	https://www.magyaridok.hu/belfold/kerites-epul-a-magyar-roman-hataron-is-554686/	null	default	OK
1	<div class=block block-print clearfix id=block-print-print-links>	0.0	1.0	0.0	https://www.magyaridok.hu/belfold/vademeles-a-tuneziai-embercsempesz-ellen-494587/	null	default	OK
1	<div class=block block-social-share clearfix id=@LONG>	0.0	0.0	0.0	https://www.magyaridok.hu/belfold/orfk-nyugalom-van-kossuth-teren-1547326/	null	default	OK
1	<div class=block block-system clearfix id=block-system-main>	0.0	0.0	0.0	https://www.magyaridok.hu/belfold/orfk-nyugalom-van-kossuth-teren-1547326/	null	default	OK
1	<div class=button close>	0.0	2.0	0.0	https://www.magyaridok.hu/belfold/nemeth-szilard-gyurcsany-es-brusszel-2006-os-valasztast-kozosen-csalta-el-2882748/	null	default	OK
4	<div class=buttonWrapper>	0.0	3.0	0.0	https://www.magyaridok.hu/elofizetoi-aszf/ https://www.magyaridok.hu/elofizetoi-aszf/ https://www.magyaridok.hu/adatvedelem/ https://www.magyaridok.hu/impresszum/	null	default	OK
1	<div class=clearfix style=@STYLE>	0.0	0.0	0.0	https://www.magyaridok.hu/impresszum/	null	default	OK
1	<div class=code-block @blockNUM data-ai=@WzEsMFNUM>	0.0	0.0	0.0	https://www.magyaridok.hu/kulfold/francia-edesanya-penzelhette-az-isis-t-2285134/	null	default	OK
1	<div class=copy-paste-block>	0.0	0.0	0.0	https://www.magyaridok.hu/kulfold/meg-soha-nem-fenyegette-parizst-ennyire-a-terror-476881/	null	default	OK
1	<div class=cross-a>	0.0	0.0	0.0	https://www.magyaridok.hu/belfold/nemeth-szilard-gyurcsany-es-brusszel-2006-os-valasztast-kozosen-csalta-el-2882748/	null	default	OK
1	<div class=cross-b>	0.0	0.0	0.0	https://www.magyaridok.hu/belfold/nemeth-szilard-gyurcsany-es-brusszel-2006-os-valasztast-kozosen-csalta-el-2882748/	null	default	OK
1	<div class=embed-container>	0.0	2.0	0.0	https://www.magyaridok.hu/kulfold/taktikat-valtottak-terroristak-videon-mesel-egy-ongyilkos-merenylo-1474477/	null	default	OK
1	<div class=EmbeddedTweet EmbeddedTweet--edge EmbeddedTweet--mediaForward media-forward js-clickToOpenTarget js-tweetIdInfo @LONG id=@twitterNUM lang=en>	0.0	5.0	0.0	https://www.magyaridok.hu/kulfold/sajat-keszitesu-falat-huztak-fel-migransok-ellen-2000659/	null	default	OK
126	<div class=en_gallery_slider id=gallery_slider>	0.0	20.19047619047619	0.0	https://www.magyaridok.hu/kulfold/orban-viktor-es-benjamin-netanjahu-egyetert-a-biztonsag-a-legfontosabb-kerdes-3309422/ https://www.magyaridok.hu/belfold/mentelmi-joga-miatt-megszuntette-az-ugyeszseg-czegledy-csaba-elozetes-letartoztatasat-2850531/ https://www.magyaridok.hu/kultura/felavattak-gyurkovics-tibor-emlektablajat-az-i-keruletben-3678323/ https://www.magyaridok.hu/belfold/atadtak-az-europai-polgar-dijakat-budapesten-3504701/ https://www.magyaridok.hu/kulfold/potapi-arpad-janos-mind-a-magyarsagot-mind-a-szekelyseget-a-magyar-anyak-tartottak-meg-3272528/	galeria	default	OK
2	<div class=et_pb_article_offerer et_pb_module @articleNUM et_pb_no_bg>	0.0	0.0	0.0	https://www.magyaridok.hu/kulfold/schengen-egysegenek-megorzese-mellett-alltak-ki-az-unios-belugyminiszterek-205390/ https://www.magyaridok.hu/kulfold/schengen-egysegenek-megorzese-mellett-alltak-ki-az-unios-belugyminiszterek-205390/	null	default	OK
1	<div class=et_pb_row_inner>	0.0	0.0	0.0	https://www.magyaridok.hu/belfold/nemeth-szilard-gyurcsany-es-brusszel-2006-os-valasztast-kozosen-csalta-el-2882748/	null	default	OK
2	<div class=fb-like fb_iframe_widget data-action=like data-href=@LINK data-layout=button data-share=true data-show-faces=@STYLE data-width=@STYLE>	0.0	0.0	0.0	https://www.magyaridok.hu/belfold/magyar-nemek-soros-terv-beteljesulesenek-utjaban-2622502/ https://www.magyaridok.hu/kultura/indul-honfoglalo-cimu-musor-duna-tv-n-2613478/	null	default	OK
2	<div class=fb-like fb_iframe_widget data-action=recommend data-href=@LINK data-layout=standard data-share=true data-show-faces=@STYLE>	0.0	0.0	0.0	https://www.magyaridok.hu/napi-terror/napi-terror-10-02-3540281/ https://www.magyaridok.hu/napi-terror/napi-terror-10-21-3598478/	null	default	OK
2	<div class=fb>	0.0	1.0	0.0	https://www.magyaridok.hu/belfold/magyar-nemek-soros-terv-beteljesulesenek-utjaban-2622502/ https://www.magyaridok.hu/kultura/indul-honfoglalo-cimu-musor-duna-tv-n-2613478/	null	default	OK
2	<div class=gA gt acV>	0.0	0.0	0.0	https://www.magyaridok.hu/belfold/julius-16-17-en-tartja-kongresszusat-az-lmp-738526/ https://www.magyaridok.hu/belfold/bedrogozva-ir-444-munkatarsa-617011/	null	default	OK
1	<div class=goAdverticum @NUM id=@NUM>	0.0	0.0	0.0	https://www.magyaridok.hu/kulfold/elfogtak-11-embert-a-bejruti-ongyilkos-robbantasok-ugyeben-152005/	null	default	OK
4	<div class=goAdverticum data-zoneid-desktop=@NUM data-zoneid-displayrule=@NUM data-zoneid-mobile=@NUM id=@NUM>	0.0	0.0	0.0	https://www.magyaridok.hu/kulfold/keses-es-lovoldozeses-tamadas-is-tortent-londonban-2958424/ https://www.magyaridok.hu/belfold/havazas-akar-tiz-centis-horeteg-kialakulhat-2706403/ https://www.magyaridok.hu/belfold/175-eve-enekeltek-eloszor-a-megzenesitett-szozatot-3082027/ https://www.magyaridok.hu/belfold/ev-vegen-hirdethet-iteletet-a-vorosiszap-perben-a-gyori-torvenyszek-3558512/	null	default	OK
1	<div class=hi>	0.0	0.0	0.0	https://www.magyaridok.hu/belfold/julius-16-17-en-tartja-kongresszusat-az-lmp-738526/	null	default	OK
1	<div class=hms-banner-wrapper roadblock_cat>	0.0	0.0	0.0	https://www.magyaridok.hu/sport/erzelmes-vallomast-kapott-hosszu-katinka-1996324/	null	default	OK
4	<div class=hms-banner-wrapper roadblock>	0.0	1.0	0.0	https://www.magyaridok.hu/kulfold/keses-es-lovoldozeses-tamadas-is-tortent-londonban-2958424/ https://www.magyaridok.hu/belfold/ev-vegen-hirdethet-iteletet-a-vorosiszap-perben-a-gyori-torvenyszek-3558512/ https://www.magyaridok.hu/belfold/havazas-akar-tiz-centis-horeteg-kialakulhat-2706403/ https://www.magyaridok.hu/belfold/175-eve-enekeltek-eloszor-a-megzenesitett-szozatot-3082027/	null	default	OK
2	<div class=hq gt @NUM id=@NUM>	0.0	0.0	0.0	https://www.magyaridok.hu/belfold/szokatlan-helyrol-kapott-tamogatast-gyurcsany-2116885/ https://www.magyaridok.hu/kulfold/merkelt-gyalazza-charlie-hebdo-1400806/	null	default	OK
3	<div class=interestingRecommended data-group=interesting data-url=@LINK id=@LONG>	0.0	0.6666666666666666	0.0	https://www.magyaridok.hu/belfold/a-stop-soros-abban-segit-hogy-magyarorszag-ne-lehessen-bevandorloorszag-3142276/ https://www.magyaridok.hu/belfold/orban-viktor-a-bevandorlasparti-erok-meg-tesznek-egy-utolso-kiserletet-3699071/ https://www.magyaridok.hu/belfold/tobb-tucat-migranst-fogtak-el-szerdan-2407822/	null	default	OK
46	<div class=mceTemp>	0.0	0.0	0.0	https://www.magyaridok.hu/napi-terror/napi-terror-02-04-3918701/ https://www.magyaridok.hu/sport/ketgolos-gyozelem-az-esztek-ellen-3677474/ https://www.magyaridok.hu/belfold/kijott-bortonbol-gyurcsany-ugyvedje-2851257/ https://www.magyaridok.hu/belfold/osszel-donthetnek-a-kemperben-1644016/ https://www.magyaridok.hu/belfold/milyen-nevet-adjunk-a-gyereknek-a-kiwit-es-a-mazsolat-biztos-nem-3079207/	null	default	OK
1	<div class=MediaCard-media>	0.0	3.0	0.0	https://www.magyaridok.hu/kulfold/sajat-keszitesu-falat-huztak-fel-migransok-ellen-2000659/	null	default	OK
1	<div class=program__description @NUM>	0.0	0.0	0.0	https://www.magyaridok.hu/kultura/uj-dalokkal-keszul-evzaro-bulijara-fabian-juli-1257682/	null	default	OK
4	<div class=reCaptcha data-sitekey=@LONG>	0.0	0.0	0.0	https://www.magyaridok.hu/elofizetoi-aszf/ https://www.magyaridok.hu/adatvedelem/ https://www.magyaridok.hu/elofizetoi-aszf/ https://www.magyaridok.hu/impresszum/	null	default	OK
2	<div class=row row-inc>	0.0	0.0	0.0	https://www.magyaridok.hu/sport/araszol-az-atletico-1596736/ https://www.magyaridok.hu/sport/manchesteri-dontetlen-brusszelben-1583416/	null	default	OK
2	<div class=SandboxRoot @NUM>	0.0	3.0	0.0	https://www.magyaridok.hu/kulfold/raszoktak-heroinra-migrans-gyerekek-1333279/ https://www.magyaridok.hu/kulfold/sajat-keszitesu-falat-huztak-fel-migransok-ellen-2000659/	null	default	OK
1	<div class=scrolled global-nav-collapse id=global-viewport>	0.0	0.0	0.0	https://www.magyaridok.hu/kulfold/kormanyepuletet-foglaltak-el-oregonban-268366/	null	default	OK
2	<div class=separatorPopUp>	0.0	0.0	0.0	https://www.magyaridok.hu/belfold/nemeth-szilard-gyurcsany-es-brusszel-2006-os-valasztast-kozosen-csalta-el-2882748/ https://www.magyaridok.hu/belfold/nemeth-szilard-gyurcsany-es-brusszel-2006-os-valasztast-kozosen-csalta-el-2882748/	null	default	OK
1	<div class=transparentLayer>	0.0	0.0	0.0	https://www.magyaridok.hu/belfold/nemeth-szilard-gyurcsany-es-brusszel-2006-os-valasztast-kozosen-csalta-el-2882748/	null	default	OK
1	<div class=wrap sidebr>	0.0	0.0	0.0	https://www.magyaridok.hu/gazdasag/meghosszabbitjak-az-agrarpalyazatok-kifizeteseit-485248/	null	default	OK
5	<div class=wrapper gridFix id=@wrapperNUM>	0.0	0.0	0.0	https://www.magyaridok.hu/kultura/oscar-dijra-jeloltek-deak-kristof-rovidfilmjet-1353430/ https://www.magyaridok.hu/belfold/nem-enged-szoritasabol-a-tel-egesz-heten-marad-a-hideg-309736/ https://www.magyaridok.hu/kulfold/kemenyen-tamadta-az-orosz-legiero-dzsihadistak-allasait-1914424/ https://www.magyaridok.hu/belfold/papp-karoly-rendoreink-ellen-iranyult-szombati-tamadas-1034527/ https://www.magyaridok.hu/kulfold/betegsege-miatt-hianyzott-karacsonyi-istentiszteletrol-erzsebet-kiralyno-1279744/	null	default	OK
2	<div class=ytp-copytext ytp-no-contextmenu>	0.0	1.0	0.0	https://www.magyaridok.hu/kulfold/tomboltak-es-eroszakoskodtak-a-bevandorlok-ujevkor-270877/ https://www.magyaridok.hu/kulfold/tomboltak-es-eroszakoskodtak-a-bevandorlok-ujevkor-270877/	null	default	OK
1	<div data-tooltip=@LONG id=:kk tabindex=@NUM>	0.0	0.0	0.0	https://www.magyaridok.hu/belfold/bedrotozhattak-a-csepeli-szocialistat-474724/	null	default	OK
7	<div id=__hggasdgjhsagd_once style=@STYLE>	0.0	0.0	0.0	https://www.magyaridok.hu/sport/kozak-danuta-vasarnap-visszavagott-karasznak-484531/ https://www.magyaridok.hu/sport/dardai-kimeletlenul-bekezdett-a-napkoziben-482647/ https://www.magyaridok.hu/sport/lecke-a-braziloknak-489868/ https://www.magyaridok.hu/sport/dardai-kimeletlenul-bekezdett-a-napkoziben-482647/ https://www.magyaridok.hu/sport/csak-a-nyiregyhaza-vallalja-a-bunet-482692/	null	default	OK
6	<div id=__zsc_once>	0.0	0.0	0.0	https://www.magyaridok.hu/sport/lecke-a-braziloknak-489868/ https://www.magyaridok.hu/sport/csak-a-nyiregyhaza-vallalja-a-bunet-482692/ https://www.magyaridok.hu/sport/dardai-kimeletlenul-bekezdett-a-napkoziben-482647/ https://www.magyaridok.hu/sport/kozak-danuta-vasarnap-visszavagott-karasznak-484531/ https://www.magyaridok.hu/sport/dardai-kimeletlenul-bekezdett-a-napkoziben-482647/	null	default	OK
6	<div id=@sdfsdfrkjahiuyiNUM style=@STYLE>	0.0	0.0	0.0	https://www.magyaridok.hu/sport/lecke-a-braziloknak-489868/ https://www.magyaridok.hu/sport/csak-a-nyiregyhaza-vallalja-a-bunet-482692/ https://www.magyaridok.hu/sport/dardai-kimeletlenul-bekezdett-a-napkoziben-482647/ https://www.magyaridok.hu/sport/dardai-kimeletlenul-bekezdett-a-napkoziben-482647/ https://www.magyaridok.hu/sport/kozak-danuta-vasarnap-visszavagott-karasznak-484531/	null	default	OK
6	<div id=@sdfsdfruhNUM style=@STYLE>	0.0	0.0	0.0	https://www.magyaridok.hu/sport/dardai-kimeletlenul-bekezdett-a-napkoziben-482647/ https://www.magyaridok.hu/sport/csak-a-nyiregyhaza-vallalja-a-bunet-482692/ https://www.magyaridok.hu/sport/dardai-kimeletlenul-bekezdett-a-napkoziben-482647/ https://www.magyaridok.hu/sport/lecke-a-braziloknak-489868/ https://www.magyaridok.hu/sport/csak-a-nyiregyhaza-vallalja-a-bunet-482692/	null	default	OK
1	<div id=epaperPromoBox>	0.0	0.0	0.0	https://www.magyaridok.hu/sport/golparadet-rendezve-jutott-tovabb-a-loki-499009/	null	default	OK
1	<div id=et-boc>	0.0	0.0	0.0	https://www.magyaridok.hu/napi-terror/napi-terror-07-29-3341675/	null	default	OK
1	<div id=footer-search>	0.0	3.0	0.0	https://www.magyaridok.hu/belfold/nemeth-szilard-gyurcsany-es-brusszel-2006-os-valasztast-kozosen-csalta-el-2882748/	null	default	OK
1	<div id=left-area>	0.0	1.0	0.0	https://www.magyaridok.hu/napi-terror/napi-terror-07-29-3341675/	null	default	OK
1	<div id=sidebar>	0.0	0.0	0.0	https://www.magyaridok.hu/belfold/nemeth-szilard-gyurcsany-es-brusszel-2006-os-valasztast-kozosen-csalta-el-2882748/	null	default	OK
7	<div id=ustream_embed>	0.0	0.0	0.0	https://www.magyaridok.hu/belfold/benko-tibor-a-magyar-emberek-biztonsaga-penzben-nem-merheto-3173494/ https://www.magyaridok.hu/belfold/sajtoklub-gatlastalan-es-ocsmany-hazudozas-folyik-2938867/ https://www.magyaridok.hu/belfold/folytatodni-fognak-a-magyar-politikusok-elleni-tamadasok-3258092/ https://www.magyaridok.hu/belfold/nemeth-szilard-gyurcsany-es-brusszel-2006-os-valasztast-kozosen-csalta-el-2882748/ https://www.magyaridok.hu/gazdasag/domokos-laszlo-tartalekokra-es-rugalmasabb-koltsegvetesi-politikara-van-szukseg-3242609/	null	default	OK
1	<footer>	0.0	0.0	0.0	https://www.magyaridok.hu/belfold/vigyazzunk-a-gyermekekre-nyaron-is-3185758/	null	default	OK
1	<form action=@LINK class=en-search-form method=get role=search>	0.0	2.0	0.0	https://www.magyaridok.hu/belfold/nemeth-szilard-gyurcsany-es-brusszel-2006-os-valasztast-kozosen-csalta-el-2882748/	null	default	OK
2	<form action=@LINK id=@NUM method=post name=@NUM>	0.0	0.0	0.0	https://www.magyaridok.hu/kulfold/ehinseg-pusztit-etiopiaban-300268/ https://www.magyaridok.hu/kulfold/harommillio-migrans-jonne-708532/	null	default	OK
1	<g fill=#000000 transform=@LONG>	0.0	2.0	0.0	https://www.magyaridok.hu/kulfold/az-ifjabb-soros-szemelyesen-felugyelhette-a-migransparti-eroket-marokkoban-3756143/	null	default	OK
1	<g fill=none fill-rule=evenodd stroke=none stroke-width=@STYLE>	0.0	3.0	0.0	https://www.magyaridok.hu/kulfold/az-ifjabb-soros-szemelyesen-felugyelhette-a-migransparti-eroket-marokkoban-3756143/	null	default	OK
1	<g>	0.0	1.0	0.0	https://www.magyaridok.hu/kulfold/az-ifjabb-soros-szemelyesen-felugyelhette-a-migransparti-eroket-marokkoban-3756143/	null	default	OK
1	<header class=hdr_bkwrapper>	0.0	0.0	0.0	https://www.magyaridok.hu/kulfold/salvini-vege-az-illegalis-migransok-aranyeletenek-3159085/	null	default	OK
68	<hr>	0.0	0.0	0.0	https://www.magyaridok.hu/sport/negy-ezust-es-negy-magyar-bronzerem-felidoben-999211/ https://www.magyaridok.hu/sport/ricciardo-volt-leggyorsabb-az-elso-szabadedzesen-2013694/ https://www.magyaridok.hu/sport/serena-williams-immar-egyedul-az-orokranglista-elen-977683/ https://www.magyaridok.hu/sport/felforgatja-bl-rendjet-az-uefa-nagy-klubok-jarnak-jol-950848/ https://www.magyaridok.hu/sport/europai-focikorkep-tovabbra-veretlen-mourinhoval-united-953365/	null	default	OK
32	<iframe allow=@LONG allowfullscreen= frameborder=@NUM height=@STYLE src=@LINK width=@STYLE>	0.0	0.0	0.0	https://www.magyaridok.hu/kulfold/ilyen-volt-belulrol-a-tiz-evvel-ezelotti-magyarveres-dunaszerdahelyen-3628550/ https://www.magyaridok.hu/sport/rendori-vedelmet-kapott-halalosan-fenyegettek-korabban-a-fradi-csatart-3745943/ https://www.magyaridok.hu/belfold/viragkoszorus-fakereszt-csikkarcfalvaig-3721679/ https://www.magyaridok.hu/gazdasag/lentner-csaba-most-vagyunk-a-novekedesi-ciklus-csucsan-3674195/ https://www.magyaridok.hu/belfold/fulop-attila-a-hajlektalanszallok-felkeszultek-a-teli-idoszakra-3674963/	beagyazott_tartalom	src	OK
116	<iframe allow=autoplay; encrypted-media allowfullscreen= frameborder=@NUM height=@STYLE src=@LINK width=@STYLE>	0.0	0.0	0.0	https://www.magyaridok.hu/belfold/lazar-janos-az-volt-az-erzesem-hogy-nem-becsiek-iranyitanak-mar-2882709/ https://www.magyaridok.hu/belfold/vona-gabor-hitet-tett-allah-mellett-megdobbento-felvetel-2723890/ https://www.magyaridok.hu/belfold/vagy-vona-hazudik-vagy-matrai-eromu-tajekoztat-felre-2815104/ https://www.magyaridok.hu/belfold/ponty-es-garda-3562592/ https://www.magyaridok.hu/belfold/balog-zoltan-feladatunknak-tekintjuk-a-magyar-videk-megerositeset-2929984/	beagyazott_tartalom	src	OK
17	<iframe allow=encrypted-media allowfullscreen= frameborder=@NUM gesture=media height=@STYLE src=@LINK width=@STYLE>	0.0	0.0	0.0	https://www.magyaridok.hu/sport/brutalis-verekedes-utan-vizsgazhat-belgradi-kamerarendszer-2585929/ https://www.magyaridok.hu/belfold/folytatodik-havas-botrany-2659219/ https://www.magyaridok.hu/kulfold/harom-volt-boszniai-horvat-vezeto-iteletet-megerositette-hagai-torvenyszek-2514025/ https://www.magyaridok.hu/belfold/csak-lestek-ballibek-kormanyfoi-valaszt-hallva-2576011/ https://www.magyaridok.hu/belfold/balos-velemenyvezer-hazudott-simicska-tevejeben-2532787/	beagyazott_tartalom	src	OK
14	<iframe allowfullscreen= frameborder=@NUM gesture=media height=@STYLE src=@LINK width=@STYLE>	0.0	0.0	0.0	https://www.magyaridok.hu/kultura/eltemettek-malcolm-youngot-az-acdc-alapito-gitarosat-2508979/ https://www.magyaridok.hu/kulfold/macron-franciaorszaga-leparancsolt-kereszt-ii-janos-pal-papa-emlekmuverol-2384164/ https://www.magyaridok.hu/sport/hatartalan-szenvedely-sikere-2416270/ https://www.magyaridok.hu/belfold/szegyen-2485462/ https://www.magyaridok.hu/belfold/mandiner-mirkoczki-adam-hazudik-2459746/	beagyazott_tartalom	src	OK
1	<iframe allowfullscreen= frameborder=@NUM height=@STYLE mozallowfullscreen= src=@LINK title=@LONG webkitallowfullscreen= width=@STYLE>	0.0	0.0	0.0	https://www.magyaridok.hu/kulfold/azt-hittuk-szabad-orszag-totalis-szegregaciot-ugyesen-titkoltak-360301/	beagyazott_tartalom	src	OK
1	<iframe allowfullscreen= frameborder=@NUM height=@STYLE mozallowfullscreen= src=@LINK title=Ãkos Biritz - Aerial Straps webkitallowfullscreen= width=@STYLE>	0.0	0.0	0.0	https://www.magyaridok.hu/kultura/nagy-sikert-ert-el-kulfoldon-egy-magyar-artista-826501/	beagyazott_tartalom	src	OK
419	<iframe allowfullscreen= frameborder=@NUM height=@STYLE src=@LINK width=@STYLE>	0.0	0.0	0.0	https://www.magyaridok.hu/belfold/havas-tanar-ur-egyre-erzekenyebb-1297711/ https://www.magyaridok.hu/c-pont/a-bevandorlasrol-oszinten-a-szigeten-2-505876/ https://www.magyaridok.hu/kulfold/videok-new-york-robbanasrol-1011034/ https://www.magyaridok.hu/kulfold/london-kostolgatja-milyen-az-amikor-soros-belecsap-lecsoba-1011922/ https://www.magyaridok.hu/kulfold/nem-akarmilyen-szervezet-vette-celkeresztbe-magyarorszagot-976873/	beagyazott_tartalom	src	OK
2	<iframe allowfullscreen=allowfullscreen data-mce-fragment=@NUM frameborder=@NUM height=@STYLE src=@LINK width=@STYLE>	0.0	0.0	0.0	https://www.magyaridok.hu/kulfold/tobb-mint-szazmillio-forinttal-tamogat-egy-iraki-korhazat-magyar-kormany-2459650/ https://www.magyaridok.hu/belfold/villamoson-tuvel-szurt-keresi-a-rendorseg-videoval-3525911/	beagyazott_tartalom	src	OK
2	<iframe allowfullscreen=allowfullscreen frameborder=@NUM height=@STYLE scrolling=no src=@LINK width=@STYLE>	0.0	0.0	0.0	https://www.magyaridok.hu/belfold/horvat-szelsojobboldali-politikus-tamogathatja-jobbikot-2140846/ https://www.magyaridok.hu/belfold/sze%25c2%25adxista-bot%25c2%25adrany-a-magyar-uszo-szovetsegben-3411217/	beagyazott_tartalom	src	NEW
4	<iframe allowfullscreen=allowfullscreen id=@videoplayerNUM src=@LINK style=@STYLE>	0.0	0.0	0.0	https://www.magyaridok.hu/belfold/az-amerikaiak-buktattak-le-a-ceu-t-hanganyaggal-3648464/ https://www.magyaridok.hu/belfold/hir-tv-hadhazyt-es-szelt-eltavolitottak-az-mtva-szekhazabol-3775940/ https://www.magyaridok.hu/belfold/allitolag-leutott-egy-zsido-not-a-jobbikos-3713258/ https://www.magyaridok.hu/belfold/hir-tv-hadhazyt-es-szelt-eltavolitottak-az-mtva-szekhazabol-3775940/	beagyazott_tartalom	src	OK
1	<iframe allowfullscreen=true frameborder=@NUM src=@LINK style=@STYLE>	0.0	0.0	0.0	https://www.magyaridok.hu/belfold/a-jobbik-szerint-deportalni-kellene-a-ciganyokat-472420/	beagyazott_tartalom	src	OK
1	<iframe class=wp-embedded-content data-secret=@EQNyzlcnNUM frameborder=@NUM height=@STYLE sandbox=allow-scripts scrolling=no security=restricted src=@LINK width=@STYLE>	0.0	0.0	0.0	https://www.magyaridok.hu/kulfold/hidak-es-talalkozasok-3129475/	beagyazott_tartalom	src	OK
1	<iframe class=wp-embedded-content data-secret=@GvRCYCNUM frameborder=@NUM height=@STYLE sandbox=allow-scripts scrolling=no security=restricted src=@LINK width=@STYLE>	0.0	0.0	0.0	https://www.magyaridok.hu/kulfold/szent-istvan-kapuja-9-nap-3148267/	beagyazott_tartalom	src	OK
1	<iframe class=wp-embedded-content data-secret=@ItcXsNUM frameborder=@NUM height=@STYLE marginheight=@STYLE marginwidth=@STYLE sandbox=allow-scripts scrolling=no security=restricted src=@LINK style=@STYLE title=@LONG width=@STYLE>	0.0	0.0	0.0	https://www.magyaridok.hu/poszt-trauma/az-afrikai-biboros-az-europai-szelsoliberalisoknak-uzent-1640692/	beagyazott_tartalom	src	OK
1	<iframe class=wp-embedded-content data-secret=@KWmZgNUM frameborder=@NUM height=@STYLE marginheight=@STYLE marginwidth=@STYLE sandbox=allow-scripts scrolling=no security=restricted src=@LINK style=@STYLE title=@LONG width=@STYLE>	0.0	0.0	0.0	https://www.magyaridok.hu/kulfold/amerikai-nehezbombazok-repultek-eszak-korea-partjai-menten-2255461/	beagyazott_tartalom	src	OK
1	<iframe class=wp-embedded-content data-secret=@miPkVNUM frameborder=@NUM height=@STYLE sandbox=allow-scripts scrolling=no security=restricted src=@LINK width=@STYLE>	0.0	0.0	0.0	https://www.magyaridok.hu/kulfold/lankak-5-nap-3133981/	beagyazott_tartalom	src	OK
1	<iframe class=wp-embedded-content data-secret=@NUM frameborder=@NUM height=@STYLE marginheight=@STYLE marginwidth=@STYLE sandbox=allow-scripts scrolling=no security=restricted src=@LINK style=@STYLE title=@LONG width=@STYLE>	0.0	0.0	0.0	https://www.magyaridok.hu/belfold/szakerto-nem-sok-konkretum-volt-theresa-may-firenzei-beszedeben-2254327/ https://www.magyaridok.hu/poszt-trauma/az-afrikai-biboros-az-europai-szelsoliberalisoknak-uzent-1640692/	beagyazott_tartalom	src	OK
1	<iframe class=wp-embedded-content data-secret=@NUM frameborder=@NUM height=@STYLE sandbox=allow-scripts scrolling=no security=restricted src=@LINK width=@STYLE>	0.0	0.0	0.0	https://www.magyaridok.hu/kulfold/szent-istvan-kapuja-9-nap-3148267/ https://www.magyaridok.hu/kulfold/dombozas-3122149/ https://www.magyaridok.hu/kulfold/egyedul-3125383/ https://www.magyaridok.hu/kulfold/macskauzes-8-nap-3144082/	beagyazott_tartalom	src	OK
1	<iframe class=wp-embedded-content data-secret=@oWRRejNUM frameborder=@NUM height=@STYLE marginheight=@STYLE marginwidth=@STYLE sandbox=allow-scripts scrolling=no security=restricted src=@LINK style=@STYLE title=@LONG width=@STYLE>	0.0	0.0	0.0	https://www.magyaridok.hu/sport/gyaszszunettel-kezdodnek-a-hetvegi-focimeccsek-szepesi-gyorgy-emlekere-3331583/	beagyazott_tartalom	src	OK
1	<iframe class=wp-embedded-content data-secret=@pHODswpNUM frameborder=@NUM height=@STYLE sandbox=allow-scripts scrolling=no security=restricted src=@LINK width=@STYLE>	0.0	0.0	0.0	https://www.magyaridok.hu/kulfold/egyedul-3125383/	beagyazott_tartalom	src	OK
1	<iframe class=wp-embedded-content data-secret=@qKvXyvLJaNUM frameborder=@NUM height=@STYLE sandbox=allow-scripts scrolling=no security=restricted src=@LINK width=@STYLE>	0.0	0.0	0.0	https://www.magyaridok.hu/kulfold/a-semmi-6-7-nap-3135037/	beagyazott_tartalom	src	OK
1	<iframe class=wp-embedded-content data-secret=@RzWRqQNUM frameborder=@NUM height=@STYLE sandbox=allow-scripts scrolling=no security=restricted src=@LINK width=@STYLE>	0.0	0.0	0.0	https://www.magyaridok.hu/kulfold/dombozas-3122149/	beagyazott_tartalom	src	OK
1	<iframe class=wp-embedded-content data-secret=@sFjCrDNUM frameborder=@NUM height=@STYLE marginheight=@STYLE marginwidth=@STYLE sandbox=allow-scripts scrolling=no security=restricted src=@LINK style=@STYLE title=@LONG width=@STYLE>	0.0	0.0	0.0	https://www.magyaridok.hu/belfold/karc-fm-uttoro-magyar-szerep-az-europai-reformokban-3090823/	beagyazott_tartalom	src	OK
1	<iframe class=wp-embedded-content data-secret=@TyHXAkjoNUM frameborder=@NUM height=@STYLE sandbox=allow-scripts security=restricted src=@LINK width=@STYLE>	0.0	0.0	0.0	https://www.magyaridok.hu/belfold/videon-az-agressziven-viselkedo-444-es-ujsagiro-1684657/	beagyazott_tartalom	src	NEW
1	<iframe class=wp-embedded-content data-secret=@WMhGPNUM frameborder=@NUM height=@STYLE sandbox=allow-scripts security=restricted src=@LINK width=@STYLE>	0.0	0.0	0.0	https://www.magyaridok.hu/belfold/csak-szokasos-ballib-aljassag-1682272/	beagyazott_tartalom	src	NEW
1	<iframe class=wp-embedded-content data-secret=@ZPouQqNUM frameborder=@NUM height=@STYLE sandbox=allow-scripts scrolling=no security=restricted src=@LINK width=@STYLE>	0.0	0.0	0.0	https://www.magyaridok.hu/kulfold/lankak-5-nap-3133981/	beagyazott_tartalom	src	OK
1	<iframe class=wp-embedded-content data-secret=AnaxftFtUv frameborder=@NUM height=@STYLE sandbox=allow-scripts scrolling=no security=restricted src=@LINK width=@STYLE>	0.0	0.0	0.0	https://www.magyaridok.hu/sport/sallai-roland-gollal-mutatkozott-be-a-bundesligaban-video-3508028/	beagyazott_tartalom	src	OK
1	<iframe class=wp-embedded-content data-secret=gPLTRiuLED frameborder=@NUM height=@STYLE marginheight=@STYLE marginwidth=@STYLE sandbox=allow-scripts scrolling=no security=restricted src=@LINK style=@STYLE title=@LONG width=@STYLE>	0.0	0.0	0.0	https://www.magyaridok.hu/belfold/volner-pal-kormany-minden-eszkozzel-harcol-soros-fele-migransbiznisz-ellen-2238826/	beagyazott_tartalom	src	OK
1	<iframe class=wp-embedded-content data-secret=KHbYvFRLgS frameborder=@NUM height=@STYLE sandbox=allow-scripts scrolling=no security=restricted src=@LINK width=@STYLE>	0.0	0.0	0.0	https://www.magyaridok.hu/kulfold/az-ut-vege-11-nap-3154747/	beagyazott_tartalom	src	OK
1	<iframe class=wp-embedded-content data-secret=mnPTPEvbkd frameborder=@NUM height=@STYLE sandbox=allow-scripts scrolling=no security=restricted src=@LINK width=@STYLE>	0.0	0.0	0.0	https://www.magyaridok.hu/kulfold/az-elso-lepes-3118036/	beagyazott_tartalom	src	OK
1	<iframe class=wp-embedded-content data-secret=yQvkfAThZI frameborder=@NUM height=@STYLE sandbox=allow-scripts scrolling=no security=restricted src=@LINK width=@STYLE>	0.0	0.0	0.0	https://www.magyaridok.hu/kulfold/a-semmi-6-7-nap-3135037/	beagyazott_tartalom	src	OK
28	<iframe frameborder=@NUM height=@STYLE scrolling=no src=@LINK style=@STYLE width=@STYLE>	0.0	0.03571428571428571	0.0	https://www.magyaridok.hu/kulfold/mick-mulvaney-lesz-donald-trump-uj-kabinetfonoke-3773174/ https://www.magyaridok.hu/belfold/volner-janosek-nem-adjak-vissza-mandatumukat-3552224/ https://www.magyaridok.hu/belfold/orban-viktor-eleg-egy-rossz-dontes-es-budapestre-nem-fogunk-raismerni-2962132/ https://www.magyaridok.hu/belfold/orban-viktor-folytatjuk-a-kozmunkaprogramot-2959963/ https://www.magyaridok.hu/belfold/magyarorszag-jovoje-a-gyermekekben-van-3128878/	beagyazott_tartalom	src	OK
1	<iframe frameborder=@NUM height=@STYLE src=@LINK style=@STYLE width=@STYLE>	0.0	0.0	0.0	https://www.magyaridok.hu/belfold/orban-viktor-baratkent-es-harcostarskent-bucsuzott-kerenyi-imretol-3437753/	beagyazott_tartalom	src	OK
85	<iframe frameborder=@NUM height=@STYLE src=@LINK width=@STYLE>	0.0	0.0	0.0	https://www.magyaridok.hu/belfold/novak-katalin-a-cel-hogy-a-leheto-legjobban-segitsenek-a-csaladoknak-3569783/ https://www.magyaridok.hu/belfold/minden-aron-kvotat-akarnak-a-svedek-3374632/ https://www.magyaridok.hu/belfold/lassan-halad-a-hos-utca-15-kiuritese-3620369/ https://www.magyaridok.hu/belfold/a-karc-fm-hallgatoi-csaladot-kepeznek-a-radio-mogott-3581417/ https://www.magyaridok.hu/kulfold/feher-karszalagok-kolozsvaron-3471620/	beagyazott_tartalom	src	OK
11	<iframe frameborder=no height=@STYLE scrolling=no src=@LINK width=@STYLE>	0.0	0.0	0.0	https://www.magyaridok.hu/belfold/vihar-a-jobbikban-toroczkai-mirkoczki-lemondasat-kovetelte-hangfelvetel-2948641/ https://www.magyaridok.hu/belfold/vona-gabor-hatrahagyta-volna-az-eu-t-2744482/ https://www.magyaridok.hu/belfold/sziberiaba-kuldte-volna-a-bunozo-ciganyokat-a-jobbik-2959501/ https://www.magyaridok.hu/belfold/sziberiaba-kuldte-volna-a-bunozo-ciganyokat-a-jobbik-2959501/ https://www.magyaridok.hu/belfold/sziberiaba-kuldte-volna-a-bunozo-ciganyokat-a-jobbik-2959501/	beagyazott_tartalom	src	OK
1	<img a= alt=@alt az= class=@STYLE el= fin= height=@STYLE meazza_= olasz= src=@LINK v= width=@STYLE wp-image-3141265_= z=>	0.0	0.0	0.0	https://www.magyaridok.hu/sport/amikor-a-dontosok-hoztak-a-sajat-labdajukat-3135058/	media_hivatkozas	src	NEW
1	<img a= alt=@alt class=@STYLE gy= hasonl= height=@STYLE hozz= j= kell= majd= priusb= src=@LINK toyota= villamos= width=@STYLE wp-image-3141250_=>	0.0	0.0	0.0	https://www.magyaridok.hu/gazdasag/a-hibridautok-piaci-attoreset-a-draga-benzin-kora-hozhatja-el-3131023/	media_hivatkozas	src	NEW
1	<img alt=@alt az= belv= beruh= class=@STYLE finansz= height=@STYLE k= ker= src=@LINK tervezett= v.= width=@STYLE wp-image-3141190_=>	0.0	0.0	0.0	https://www.magyaridok.hu/belfold/megujulo-forgalmas-terek-3140029/	media_hivatkozas	src	NEW
5	<img alt=@alt border=@NUM src=@LINK>	0.0	0.0	0.0	https://www.magyaridok.hu/belfold/felbecsulhetetlen-kincset-rejtett-pesti-ferences-templom-padlastere-995968/ https://www.magyaridok.hu/belfold/felbecsulhetetlen-kincset-rejtett-pesti-ferences-templom-padlastere-995968/ https://www.magyaridok.hu/belfold/felbecsulhetetlen-kincset-rejtett-pesti-ferences-templom-padlastere-995968/ https://www.magyaridok.hu/belfold/felbecsulhetetlen-kincset-rejtett-pesti-ferences-templom-padlastere-995968/ https://www.magyaridok.hu/belfold/felbecsulhetetlen-kincset-rejtett-pesti-ferences-templom-padlastere-995968/	media_hivatkozas	src	NEW
1	<img alt=@alt budapesti= class=@STYLE height=@STYLE izraeli= j= korm= magyar= netanjahu= orb= src=@LINK tal= viktor= width=@STYLE wp-image-1973089_=>	0.0	0.0	0.0	https://www.magyaridok.hu/belfold/a-zsidosag-szamara-magyarorszag-a-legbiztonsagosabb-orszag-3150253/	media_hivatkozas	src	NEW
1	<img alt=@alt class=@imageNUM @STYLE @STYLE height=@STYLE sizes=@STYLE src=@LINK srcset=@LINK width=@STYLE>	0.0	0.0	0.0	https://www.magyaridok.hu/pr/ertekek-es-elmenyek-kobe-20-szuletesnapjan-x-1006771/	media_hivatkozas	src	NEW
92	<img alt=@alt class=@imageNUM @STYLE height=@STYLE sizes=@STYLE src=@LINK srcset=@LINK width=@STYLE>	0.0	0.0	0.0	https://www.magyaridok.hu/belfold/a-kormany-dontesek-sorat-hozta-meg-a-schengeni-hatar-megvedeseert-2266378/ https://www.magyaridok.hu/belfold/nepszavazas/nemmel-szavaznak-1028779/ https://www.magyaridok.hu/sport/kiutotte-liverpool-az-arsenalt-2136265/ https://www.magyaridok.hu/belfold/hazai-ossztermek-2-szazalekat-forditjuk-vedelmi-kiadasokra-2241304/ https://www.magyaridok.hu/pr/otkukas-jatekok-soran-sportot-uztek-a-gyerekek-a-szelektiv-hulladekgyujtesbol-x-3138874/	media_hivatkozas	src	NEW
30	<img alt=@alt class=@imageNUM @STYLE height=@STYLE src=@LINK width=@STYLE>	0.0	0.0	0.0	https://www.magyaridok.hu/belfold/erkeznek-az-iskolakba-az-uj-tankonyvek-2129095/ https://www.magyaridok.hu/belfold/a-fidesz-keszen-all-2670256/ https://www.magyaridok.hu/kulfold/nogradi-europa-vezeto-hatalmat-nem-vezetheti-valaki-8-altalanossal-2080156/ https://www.magyaridok.hu/belfold/nepszavazas/nemmel-szavaznak-1028779/ https://www.magyaridok.hu/kulfold/robbanas-tortent-kijevben-2124265/	media_hivatkozas	src	NEW
4	<img alt=@alt class=@imageNUM @STYLE>	0.0	0.0	0.0	https://www.magyaridok.hu/belfold/bevalt-az-uj-magyar-kornyezetbarat-talalmany-379129/ https://www.magyaridok.hu/gazdasag/tavalyihoz-kepest-iden-mar-negyezerrel-tobb-lakas-epulhet-408820/ https://www.magyaridok.hu/kulfold/kamionhaboru-kezdodott-kijev-es-moszkva-kozott-383029/ https://www.magyaridok.hu/gazdasag/sok-erdeklodobol-egyre-tobb-lesz-csokos-382585/	null	default	NEW
7	<img alt=@alt class=@imageNUM height=@STYLE sizes=@STYLE src=@LINK srcset=@LINK width=@STYLE>	0.0	0.0	0.0	https://www.magyaridok.hu/gazdasag/kiemelkedo-ingatlanfejleszteseket-mutat-magyarorszag-muncheni-szakvasaron-2199751/ https://www.magyaridok.hu/belfold/simicskaek-plakatokkal-rontottak-ra-kormanyra-1539286/ https://www.magyaridok.hu/gazdasag/az-idegenforgalom-4-szazalekos-novekedeserol-beszamolt-ksh-1681096/ https://www.magyaridok.hu/kulfold/teljes-nemet-sajto-helmut-kohlt-gyaszolja-1839265/ https://www.magyaridok.hu/belfold/nepszavazas/nemmel-szavaznak-1028779/	media_hivatkozas	src	NEW
2	<img alt=@alt class=@imageNUM height=@STYLE src=@LINK width=@STYLE>	0.0	0.0	0.0	https://www.magyaridok.hu/belfold/retvari-bence-az-egeszseges-menzak-az-egeszseges-eletmod-kialakitasahoz-segitenek-1475791/ https://www.magyaridok.hu/gazdasag/az-epitoiparbol-jon-tevereklamok-zome-2251924/	media_hivatkozas	src	NEW
1	<img alt=@alt class=@STYLE @imageNUM @STYLE height=@STYLE sizes=@STYLE src=@LINK srcset=@LINK style=@STYLE width=@STYLE>	0.0	0.0	0.0	https://www.magyaridok.hu/impresszum/	media_hivatkozas	src	NEW
1893	<img alt=@alt class=@STYLE @imageNUM @STYLE height=@STYLE sizes=@STYLE src=@LINK srcset=@LINK width=@STYLE>	0.0	0.0	0.0	https://www.magyaridok.hu/gazdasag/tizmilliardokkal-konnyitette-meg-hivatal-az-adofizetok-helyzetet-1906990/ https://www.magyaridok.hu/kulfold/vigyazat-titkositott-tavirat-erkezik-1975531/ https://www.magyaridok.hu/lugas/oreg-huliganok-2863566/ https://www.magyaridok.hu/kulfold/orizetbe-vettek-egy-23-eves-ferfit-manchesteri-merenylettel-kapcsolatban-1735228/ https://www.magyaridok.hu/belfold/balog-zoltan-kormany-tobb-eszkozzel-segiti-az-uldozott-keresztenyeket-2482342/	media_hivatkozas	src	NEW
528	<img alt=@alt class=@STYLE @imageNUM @STYLE height=@STYLE src=@LINK width=@STYLE>	0.0	0.0	0.0	https://www.magyaridok.hu/kulfold/a-kemenyvonalasok-nem-eresztik-aszija-bibit-3635513/ https://www.magyaridok.hu/gazdasag/csucson-a-lakossagi-fogyasztas-a-bovules-egesz-evben-folyamatos-3357101/ https://www.magyaridok.hu/lugas/lugas-karikatura/halasz-geza-show-17-3325400/ https://www.magyaridok.hu/kultura/tabuk-nelkul-a-ciganysagrol-3448484/ https://www.magyaridok.hu/gazdasag/az-elemzok-mar-evek-ota-rosszul-teljesitenek-3861290/	media_hivatkozas	src	NEW
1	<img alt=@alt class=@STYLE @imageNUM @STYLE src=@LINK>	0.0	0.0	0.0	https://www.magyaridok.hu/kulfold/uzletemberbol-eselyes-elnokjelolt-donald-trump-340480/	media_hivatkozas	src	NEW
8	<img alt=@alt class=@STYLE @imageNUM @STYLE>	0.0	0.0	0.0	https://www.magyaridok.hu/gazdasag/az-mnb-ez-ev-vegen-bevonja-regi-huszezreseket-612946/ https://www.magyaridok.hu/belfold/kubatov-gabor-ne-legyunk-ebben-naivak-451282/ https://www.magyaridok.hu/gazdasag/ujabb-termofoldeket-hirdetett-meg-az-allam-349105/ https://www.magyaridok.hu/kulfold/gyoztek-a-nacionalistak-skociaban-647515/ https://www.magyaridok.hu/belfold/nemzetkozi-botrany-foszereploje-lett-magyar-baloldal-621325/	null	default	NEW
1002	<img alt=@alt class=@STYLE @imageNUM height=@STYLE sizes=@STYLE src=@LINK srcset=@LINK width=@STYLE>	0.0	0.0	0.0	https://www.magyaridok.hu/belfold/szivvel-es-jozan-paraszti-esszel-1641592/ https://www.magyaridok.hu/kulfold/kaliforniaban-elo-magyarokkal-unnepelt-kosa-lajos-2370490/ https://www.magyaridok.hu/belfold/lazar-magyarorszag-elkuldi-javaslatait-szlovak-eu-elnoksegnek-1146130/ https://www.magyaridok.hu/belfold/orban-balazs-az-olasz-hatosagok-celja-az-ngo-k-mukodesenek-nehezitese-2052532/ https://www.magyaridok.hu/gazdasag/akk-jovore-tovabb-csokken-az-allamadossag-2616772/	media_hivatkozas	src	NEW
143	<img alt=@alt class=@STYLE @imageNUM height=@STYLE src=@LINK width=@STYLE>	0.0	0.0	0.0	https://www.magyaridok.hu/kultura/szamuzott-kiraly-visszater-varosaba-2034250/ https://www.magyaridok.hu/napi-terror/napi-terror-01-01-2631928/ https://www.magyaridok.hu/belfold/hortobagyi-robbanas-simicsko-istvan-nem-tortent-mulasztas-vetseg-1000153/ https://www.magyaridok.hu/kulfold/horst-seehofer-uj-korszak-kezdodik-bajor-csu-torteneteben-2586346/ https://www.magyaridok.hu/gazdasag/tehetos-kozeposztaly-koltozik-lakoparkokba-1622938/	media_hivatkozas	src	NEW
43	<img alt=@alt class=@STYLE @imageNUM>	0.0	0.0	0.0	https://www.magyaridok.hu/belfold/kozelednek-jelentkezesi-hataridok-357223/ https://www.magyaridok.hu/gazdasag/mintagazdasag-epul-426724/ https://www.magyaridok.hu/belfold/egyre-tobb-felvetelizo-fiatal-jelentkezik-tanari-palyara-650413/ https://www.magyaridok.hu/velemeny/mezitlab-a-csatateren-421036/ https://www.magyaridok.hu/lugas/harminc-ev-alatt-az-alfa-centaurira-590812/	null	default	NEW
12	<img alt=@alt class=@STYLE @STYLE @imageNUM @STYLE height=@STYLE sizes=@STYLE src=@LINK srcset=@LINK width=@STYLE>	0.0	0.0	0.0	https://www.magyaridok.hu/lugas/gyoker-es-gyumolcs-2773294/ https://www.magyaridok.hu/sport/budapesten-lesz-az-elso-shaolin-kungfu-europa-bajnoksag-2838462/ https://www.magyaridok.hu/belfold/aktivizalodott-fidesz-kdnp-tabor-hodmezovasarhely-utan-2849082/ https://www.magyaridok.hu/pr/otkukas-jatekok-soran-sportot-uztek-a-gyerekek-a-szelektiv-hulladekgyujtesbol-x-3138874/ https://www.magyaridok.hu/lugas/gyoker-es-gyumolcs-2773294/	media_hivatkozas	src	NEW
3	<img alt=@alt class=@STYLE @STYLE @imageNUM @STYLE height=@STYLE src=@LINK width=@STYLE>	0.0	0.0	0.0	https://www.magyaridok.hu/lugas/futyulo-pribekek-2810817/ https://www.magyaridok.hu/lugas/kidobott-tudas-2760634/ https://www.magyaridok.hu/belfold/szijjarto-peter-stop-sorost-biralok-magyar-emberek-jogat-kerdojelezik-meg-2818379/	media_hivatkozas	src	NEW
6159	<img alt=@alt class=@STYLE @STYLE @imageNUM height=@STYLE sizes=@STYLE src=@LINK srcset=@LINK width=@STYLE>	0.0	0.0	0.0	https://www.magyaridok.hu/gazdasag/paks-ii-eseteben-nincs-helye-politikai-jatszmaknak-3281528/ https://www.magyaridok.hu/belfold/igy-fonjak-at-soros-polipjanak-csapjai-a-ballib-mediat-6-1693126/ https://www.magyaridok.hu/kulfold/eltaktikazta-magat-may-1806334/ https://www.magyaridok.hu/belfold/kormanyzati-tajekoztatasi-kozpont-az-europai-parlament-vedelmebe-vette-soros-tervet-2434744/ https://www.magyaridok.hu/lugas/kameradok-2588380/	media_hivatkozas	src	NEW
1	<img alt=@alt class=@STYLE @STYLE @imageNUM height=@STYLE sizes=@STYLE src=@LINK srcset=@LINK>	0.0	0.0	0.0	https://www.magyaridok.hu/kulfold/venezuela-jarhat-jol-keystone-xl-ejtesevel-106039/	media_hivatkozas	src	NEW
1432	<img alt=@alt class=@STYLE @STYLE @imageNUM height=@STYLE src=@LINK width=@STYLE>	0.0	0.0	0.0	https://www.magyaridok.hu/kultura/14-janikovszky-eva-meseiro-palyazat-2959180/ https://www.magyaridok.hu/lugas/halasz-geza-show-11-3581156/ https://www.magyaridok.hu/kulfold/tudose-elveti-magyar-autonomiatorekveseket-2669251/ https://www.magyaridok.hu/gazdasag/tallai-andras-2016-ban-tobb-mint-11-millio-szulo-csokkentette-az-adojat-csokkal-2195365/ https://www.magyaridok.hu/gazdasag/mersekelt-dragulasra-van-kilatas-az-iden-2779798/	media_hivatkozas	src	NEW
1	<img alt=@alt class=@STYLE @STYLE @imageNUM sizes=@STYLE src=@LINK srcset=@LINK width=@STYLE>	0.0	0.0	0.0	https://www.magyaridok.hu/gazdasag/nem-jarunk-ugy-mint-2002-ben-7827/	media_hivatkozas	src	NEW
2	<img alt=@alt class=@STYLE @STYLE @imageNUM src=@LINK>	0.0	0.0	0.0	https://www.magyaridok.hu/kulfold/larry-flynt-tizmillio-dollart-igert-trumpot-kompromittalo-informaciokert-2344672/ https://www.magyaridok.hu/sport/utjukat-allta-nagy-fal-1695508/	media_hivatkozas	src	NEW
8	<img alt=@alt class=@STYLE @STYLE @imageNUM>	0.0	0.0	0.0	https://www.magyaridok.hu/belfold/kormany-vasarnapi-pihenonap-visszavonasat-javasolja-573514/ https://www.magyaridok.hu/belfold/szemelyeskedo-vadak-kormanyfo-ellen-519478/ https://www.magyaridok.hu/lugas/valaszut-590995/ https://www.magyaridok.hu/belfold/az-rtl-ujabb-civil-host-talalt-441799/ https://www.magyaridok.hu/gazdasag/zala-megyei-nagypaliban-biogazeromu-es-sportkozpont-epul-461434/	null	default	NEW
1	<img alt=@alt class=@STYLE height=@STYLE katalin= mag= marad= nem= senki= src=@LINK szerint= width=@STYLE wp-image-3141175_=>	0.0	0.0	0.0	https://www.magyaridok.hu/belfold/egyszulos-csaladokat-segito-kozpont-nyilt-3138805/	media_hivatkozas	src	NEW
4	<img alt=@alt class=@STYLE height=@STYLE src=@LINK width=@STYLE>	0.0	0.0	0.0	https://www.magyaridok.hu/sport/munkatarsainkat-dijaztak-3140707/ https://www.magyaridok.hu/belfold/sokat-segitenek-a-magyar-befektetok-3135424/ https://www.magyaridok.hu/kulfold/politikai-valsag-romaban-3140806/ https://www.magyaridok.hu/kultura/a-kepzelet-tengere-fele-3138877/	media_hivatkozas	src	NEW
5	<img alt=@alt class=@STYLE src=@LINK>	0.0	0.0	0.0	https://www.magyaridok.hu/kulfold/tizenhet-eve-erte-amerikat-tortenetenek-legsulyosabb-terrortamadasa-3467843/ https://www.magyaridok.hu/kulfold/felidos-valasztasokra-keszul-az-egyesult-allamok-orszagismerteto-3638006/ https://www.magyaridok.hu/gazdasag/nagy-istvan-ossze-kell-fogni-a-magyar-mezert-3655166/ https://www.magyaridok.hu/gazdasag/ksh-csaknem-600-millio-euro-volt-az-exporttobblet-majusban-3352211/ https://www.magyaridok.hu/kulfold/tizenhet-eve-erte-amerikat-tortenetenek-legsulyosabb-terrortamadasa-3467843/	media_hivatkozas	src	NEW
2	<img alt=@alt class=ajT src=@LINK>	0.0	0.0	0.0	https://www.magyaridok.hu/kulfold/szlovenia-megfizettetheti-a-migransokkal-a-szolgaltatasokat-327466/ https://www.magyaridok.hu/kultura/ott-van-helyuk-nemzeti-kanonban-433033/	media_hivatkozas	src	NEW
15	<img alt=@alt class=ga_img id=@NUM src=@LINK>	0.0	0.0	0.0	https://www.magyaridok.hu/kulfold/merkelt-egyre-nehezebb-kovetni-43652/ https://www.magyaridok.hu/kulfold/a-svedek-sulyos-penzeket-fizetnek-erte-a-migransoknak-derogal-78745/ https://www.magyaridok.hu/kulfold/a-bevandorlas-partiak-ezt-biztos-nem-olvassak-kar-43052/ https://www.magyaridok.hu/kulfold/190042-190042/ https://www.magyaridok.hu/kulfold/ennel-melyebbr-a-baloldaliak-162688/	media_hivatkozas	src	NEW
1	<img alt=@alt class=mainImage accessible nofocus src=@LINK title=@title>	0.0	0.0	0.0	https://www.magyaridok.hu/kultura/kozos-koncertet-ad-al-di-meola-es-szarka-tamas-1075636/	media_hivatkozas	src	NEW
1	<img alt=@alt class=wp-caption-dd height=@STYLE src=@LINK width=@STYLE>	0.0	0.0	0.0	https://www.magyaridok.hu/kulfold/letszamlefaragasra-keszul-boeing-repulogepgyar-546352/	media_hivatkozas	src	NEW
36	<img alt=@alt height=@STYLE src=@LINK width=@STYLE>	0.0	0.0	0.0	https://www.magyaridok.hu/sport/dardai-csapata-kikapott-hamburgban-441049/ https://www.magyaridok.hu/sport/dardai-csapata-kikapott-hamburgban-441049/ https://www.magyaridok.hu/sport/dardai-csapata-kikapott-hamburgban-441049/ https://www.magyaridok.hu/sport/dardai-csapata-kikapott-hamburgban-441049/ https://www.magyaridok.hu/sport/dardai-csapata-kikapott-hamburgban-441049/	media_hivatkozas	src	NEW
1	<img alt=@alt height=@STYLE src=@LINK>	0.0	0.0	0.0	https://www.magyaridok.hu/kulfold/letarolta-kubat-az-irma-florida-fele-tart-2195032/	media_hivatkozas	src	NEW
1	<img alt=@alt id=@NUM src=@LINK>	0.0	0.0	0.0	https://www.magyaridok.hu/kulfold/robert-fico-minden-muszlimot-megfigyelunk-159031/	media_hivatkozas	src	NEW
1	<img alt=@alt src=@LINK width=@STYLE>	0.0	0.0	0.0	https://www.magyaridok.hu/belfold/az-aktivistak-most-dobbennek-ra-kiket-is-segitettek-23726/	media_hivatkozas	src	NEW
2	<img alt=@alt src=@LINK>	0.0	0.0	0.0	https://www.magyaridok.hu/kulfold/hatpercenket-olnek-keresztenyeket-foldon-1294732/ https://www.magyaridok.hu/sport/kajak-kenu-vb-ezustermes-ferfi-kajaknegyes-1000-meteren-2134261/	media_hivatkozas	src	NEW
3	<img class= height=@STYLE src=@LINK width=@STYLE>	0.0	0.0	0.0	https://www.magyaridok.hu/kultura/vilaghiru-operaenekesek-leptek-fel-maga-zoltan-9-ujevi-koncertjen-1296235/ https://www.magyaridok.hu/kultura/vilagon-eloszor-100-gitaros-egy-szinpadon-1212277/ https://www.magyaridok.hu/kultura/diotoro-decemberben-az-arenaban-1174201/	media_hivatkozas	src	NEW
1	<img class=@imageNUM @STYLE @STYLE height=@STYLE src=@LINK width=@STYLE>	0.0	0.0	0.0	https://www.magyaridok.hu/napi-terror/napi-terror-11-03-1147507/	media_hivatkozas	src	NEW
1	<img class=@imageNUM @STYLE height=@STYLE sizes=@STYLE src=@LINK srcset=@LINK width=@STYLE>	0.0	0.0	0.0	https://www.magyaridok.hu/pr/meg-szerethetobb-es-elhetobb-lesz-varosliget-x-770641/	media_hivatkozas	src	NEW
6	<img class=@STYLE @imageNUM @STYLE height=@STYLE sizes=@STYLE src=@LINK srcset=@LINK width=@STYLE>	0.0	0.0	0.0	https://www.magyaridok.hu/gloriett/romer-floris-terv-egy-karpat-medencei-epuletmento-program-757963/ https://www.magyaridok.hu/napi-terror/napi-terror-12-11-1245373/ https://www.magyaridok.hu/kultura/dal-2017-papai-joci-nyert-az-origo-cimu-dallal-1423081/ https://www.magyaridok.hu/pr/az-europai-bizottsag-tisztazza-megosztasalapu-gazdasag-szabalyait-x-717496/ https://www.magyaridok.hu/napi-terror/napi-terror-2016-09-19-1015654/	media_hivatkozas	src	NEW
1	<img class=@STYLE @imageNUM @STYLE height=@STYLE src=@LINK width=@STYLE>	0.0	0.0	0.0	https://www.magyaridok.hu/belfold/momentum-balliberalis-oldal-utolso-bastyajat-rombolja-1421059/	media_hivatkozas	src	NEW
31	<img class=@STYLE @imageNUM @STYLE>	0.0	0.0	0.0	https://www.magyaridok.hu/kultura/atadtak-az-ev-muzeuma-es-az-ev-kiallitasa-dijakat-686353/ https://www.magyaridok.hu/kulfold/jackson-elnokot-eluldoztek-huszdollaros-bankorol-604312/ https://www.magyaridok.hu/velemeny/husz-szazalek-nyolcvan-elleneben-602917/ https://www.magyaridok.hu/sport/hianyzok-a-szerbeknel-718324/ https://www.magyaridok.hu/belfold/kitelepitesindulohanthy-673690/	null	default	NEW
1	<img class=@STYLE @imageNUM height=@STYLE sizes=@STYLE src=@LINK srcset=@LINK width=@STYLE>	0.0	0.0	0.0	https://www.magyaridok.hu/pr/budai-campus-egyutt-elve-gyakorlattal-x-877006/	media_hivatkozas	src	NEW
15	<img class=@STYLE @imageNUM>	0.0	0.0	0.0	https://www.magyaridok.hu/belfold/nem-csak-hogy-mindent-tagad-az-mszp-s-meg-vissza-vag-695449/ https://www.magyaridok.hu/belfold/felfedeztek-az-otodik-erot-704095/ https://www.magyaridok.hu/sport/ha-belgak-nem-balgak-683434/ https://www.magyaridok.hu/gazdasag/millios-karok-ket-pofa-sorert-692437/ https://www.magyaridok.hu/kulfold/uridojarast-mer-radcube-695353/	null	default	NEW
55	<img class=@STYLE @STYLE @imageNUM>	0.0	0.0	0.0	https://www.magyaridok.hu/lugas/casablanca-kaktuszai-417484/ https://www.magyaridok.hu/sport/ronaldo-es-tarsai-684340/ https://www.magyaridok.hu/kulfold/nem-engedi-mekkaba-az-iraniakat-szaud-arabia-667468/ https://www.magyaridok.hu/lugas/ki-az-gregory-peck-306403/ https://www.magyaridok.hu/lugas/fokossal-ostorral-457660/	null	default	NEW
7	<img class=@STYLE src=@LINK>	0.0	0.0	0.0	https://www.magyaridok.hu/kulfold/a-nato-es-az-eu-onmersekletre-intette-oroszorszagot-es-ukrajnat-3705680/ https://www.magyaridok.hu/gazdasag/nem-valtoztatott-a-jegybank-az-alapkamaton-es-a-kamatfolyoson-sem-3581651/ https://www.magyaridok.hu/gazdasag/tobb-mint-20-szazalekkal-nohet-az-epitoipar-teljesitmenye-3799658/ https://www.magyaridok.hu/gazdasag/ksh-45-millio-fole-nott-a-foglalkoztatottak-szama-3713456/ https://www.magyaridok.hu/napi-terror/napi-terror-12-05-2539252/	media_hivatkozas	src	NEW
4	<img class=ajT src=@LINK>	0.0	0.0	0.0	https://www.magyaridok.hu/kulfold/peticioban-tiltakoznak-a-sargentini-jelentes-ellen-3449423/ https://www.magyaridok.hu/gazdasag/osszeverekedtek-vasarlok-gyongyosi-tesconal-2193181/ https://www.magyaridok.hu/gazdasag/klimavaltozast-turo-agrotechnologiak-1336288/ https://www.magyaridok.hu/kultura/sortuz-nem-valogat-1234000/	media_hivatkozas	src	NEW
8	<img class=ga_img id=@NUM src=@LINK>	0.0	0.0	0.0	https://www.magyaridok.hu/belfold/igy-segitenek-migransoknak-europaba-jutni-2879709/ https://www.magyaridok.hu/kulfold/nemet-feminista-szilveszteri-tamadasokrol-ez-terrorizmus-csak-okollel-1304779/ https://www.magyaridok.hu/kulfold/nemet-feminista-szilveszteri-tamadasokrol-ez-terrorizmus-csak-okollel-1304779/ https://www.magyaridok.hu/kulfold/szijjarto-higgadtan-kiosztotta-a-cnn-t-3790472/ https://www.magyaridok.hu/belfold/ellenzekiek-elalltak-az-elnoki-emelveny-feljaratat-3760667/	media_hivatkozas	src	NEW
11	<img src=@LINK>	0.0	0.0	0.0	https://www.magyaridok.hu/kultura/serult-embereknek-titokzatos-erejuk-van-1250218/ https://www.magyaridok.hu/kultura/hatalmas-sikerrel-es-tapsviharral-folytatodott-maga-zoltan-ujevi-galaestje-becsben-1241683/ https://www.magyaridok.hu/belfold/szakerto-mindenhol-toronymagasan-vezet-fidesz-1563220/ https://www.magyaridok.hu/kultura/februarban-budapestre-erkezik-zenevonat-szuper-koncert-sorozat-1313926/ https://www.magyaridok.hu/kultura/eloadassal-kedveskedik-hatranyos-helyzetu-csaladoknak-az-ivancsics-ilona-es-szintarsai-alkotomuhely-1265392/	media_hivatkozas	src	NEW
4	<input autocomplete=new-password maxlength=@NUM name=replyAddress placeholder=Email cÃ­m required= type=email>	0.0	0.0	0.0	https://www.magyaridok.hu/elofizetoi-aszf/ https://www.magyaridok.hu/adatvedelem/ https://www.magyaridok.hu/impresszum/ https://www.magyaridok.hu/elofizetoi-aszf/	null	default	OK
1	<input class=en-search-field id=footerSearch name=s placeholder=KeresÃ©s â€¦ title=KeresÃ©s erre: type=search value=>	0.0	0.0	0.0	https://www.magyaridok.hu/belfold/nemeth-szilard-gyurcsany-es-brusszel-2006-os-valasztast-kozosen-csalta-el-2882748/	null	default	OK
1	<input class=en-search-form-button type=submit>	0.0	0.0	0.0	https://www.magyaridok.hu/belfold/nemeth-szilard-gyurcsany-es-brusszel-2006-os-valasztast-kozosen-csalta-el-2882748/	null	default	OK
4	<input class=text-uppercase button submitMail disabled= type=submit value=KÃ¼ldÃ©s>	0.0	0.0	0.0	https://www.magyaridok.hu/elofizetoi-aszf/ https://www.magyaridok.hu/impresszum/ https://www.magyaridok.hu/adatvedelem/ https://www.magyaridok.hu/elofizetoi-aszf/	null	default	OK
4	<input name=id type=hidden value=@NUM>	0.0	0.0	0.0	https://www.magyaridok.hu/impresszum/ https://www.magyaridok.hu/elofizetoi-aszf/ https://www.magyaridok.hu/adatvedelem/ https://www.magyaridok.hu/elofizetoi-aszf/	null	default	OK
1	<path d=@LONG>	0.0	0.0	0.0	https://www.magyaridok.hu/kulfold/az-ifjabb-soros-szemelyesen-felugyelhette-a-migransparti-eroket-marokkoban-3756143/	null	default	OK
22	<source src=@LINK type=audio/mpeg>	0.0	0.0	0.0	https://www.magyaridok.hu/belfold/az-amerikaiak-buktattak-le-a-ceu-t-hanganyaggal-3648464/ https://www.magyaridok.hu/belfold/lehull-lepel-soros-halozatrol-leleplezo-hanganyagok-2912208/ https://www.magyaridok.hu/belfold/az-amerikaiak-buktattak-le-a-ceu-t-hanganyaggal-3648464/ https://www.magyaridok.hu/belfold/az-amerikaiak-buktattak-le-a-ceu-t-hanganyaggal-3648464/ https://www.magyaridok.hu/belfold/lehull-lepel-soros-halozatrol-leleplezo-hanganyagok-2912208/	null	default	updated_new
11	<source src=@LINK type=audio/wav>	0.0	0.0	0.0	https://www.magyaridok.hu/belfold/lehull-lepel-soros-halozatrol-leleplezo-hanganyagok-2912208/ https://www.magyaridok.hu/belfold/lehull-lepel-soros-halozatrol-leleplezo-hanganyagok-2912208/ https://www.magyaridok.hu/belfold/sorosek-tobb-millio-dollart-koltottek-magyarorszagon-politikai-befolyasolasra-hangfelvetel-2926555/ https://www.magyaridok.hu/belfold/lehull-lepel-soros-halozatrol-leleplezo-hanganyagok-2912208/ https://www.magyaridok.hu/belfold/lehull-lepel-soros-halozatrol-leleplezo-hanganyagok-2912208/	null	default	updated_new
2	<span class=apple-converted-space>	0.0	0.5	0.0	https://www.magyaridok.hu/kulfold/kozel-ezer-aldozatot-szedett-mar-a-tombolo-hoseg-480730/ https://www.magyaridok.hu/belfold/balog-zoltan-ceu-nak-sem-jarnak-elojogok-1549219/	null	default	OK
1	<span class=f>	0.0	0.0	0.0	https://www.magyaridok.hu/belfold/hatosag-nepszava-az-egeszsegugyben-dolgozok-valos-eredmenyeit-tamadja-nemtelenul-2760604/	null	default	OK
1	<span id=@lbBodyNUM style=@STYLE>	0.0	0.0	0.0	https://www.magyaridok.hu/napi_gazdasag_archiv/digitalis-megoldasok-az-uzletben-474784/	null	default	OK
1	<style type=text/css>	0.0	0.0	178.0	https://www.magyaridok.hu/belfold/nemeth-szilard-gyurcsany-es-brusszel-2006-os-valasztast-kozosen-csalta-el-2882748/	null	default	OK
1	<sup class=reference id=@EliadeNUM>	0.0	0.0	0.0	https://www.magyaridok.hu/kulfold/nem-tartanak-szaudi-irani-haborutol-269932/	null	default	OK
1	<svg height=@STYLE version=1.1 viewbox=0 0 60 60 width=@STYLE xmlns=@LINK xmlns:xlink=@LINK>	0.0	4.0	0.0	https://www.magyaridok.hu/kulfold/az-ifjabb-soros-szemelyesen-felugyelhette-a-migransparti-eroket-marokkoban-3756143/	null	default	OK
1	<table class=plprint id=@tblNewsBottomNUM>	0.0	6.0	0.0	https://www.magyaridok.hu/kulfold/letarolta-kubat-az-irma-florida-fele-tart-2195032/	null	default	OK
1	<td id=@TableCellNUM>	0.0	1.0	0.0	https://www.magyaridok.hu/kulfold/letarolta-kubat-az-irma-florida-fele-tart-2195032/	null	default	OK
4	<textarea maxlength=@NUM name=body required= rows=@NUM title=message>	0.0	0.0	0.0	https://www.magyaridok.hu/impresszum/ https://www.magyaridok.hu/elofizetoi-aszf/ https://www.magyaridok.hu/adatvedelem/ https://www.magyaridok.hu/elofizetoi-aszf/	null	default	OK
1	<tr id=@TableRowNUM>	0.0	4.0	0.0	https://www.magyaridok.hu/kulfold/letarolta-kubat-az-irma-florida-fele-tart-2195032/	null	default	OK
8	<wbr>	0.0	0.0	0.0	https://www.magyaridok.hu/napi-terror/napi-terror-08-07-3367864/ https://www.magyaridok.hu/belfold/kineveztek-a-magyarsagkutato-intezet-foigazgatojat-3817934/ https://www.magyaridok.hu/kultura/quincy-jones-budapesten-koncertezik-3070807/ https://www.magyaridok.hu/belfold/lukacsi-hangjan-szolalt-meg-beer-3776252/ https://www.magyaridok.hu/kultura/nemzeti-onbecsulesunket-erosito-filmrol-almodunk-3533051/	null	default	OK