487	<a data-fancybox=@galleryNUM href=@LINK rel=gallery-nr title=@title>	0.0	1.0	0.0	https://utazomajom.hu/olvasoi-elmenybeszamolo-bakurol/ https://utazomajom.hu/sri-lanka-egy-utazomajom-szemevel/ https://utazomajom.hu/legkulonlegesebb-hotelek-ahol-megszalltunk/ https://utazomajom.hu/francia-polinezia-tahiti-legszebb-latnivaloi/ https://utazomajom.hu/las-vegas-latnivalok/	null	default
1	<a name=@LONG>	0.0	0.0	0.0	https://utazomajom.hu/telbol-nyarba-irany-curacao/	null	default
37	<br>	0.0	0.0	0.0	https://utazomajom.hu/elmenybeszamolo-kinai-nepkoztarsasag/ https://utazomajom.hu/vendegposzt-4-nap-barcelona/ https://utazomajom.hu/las-vegas-latnivalok/ https://utazomajom.hu/fulop-szigetek-elmenybeszamolo-bohol/ https://utazomajom.hu/elmenybeszamolo-egy-varos-a-szomszedban-utazas-kijevbe/	null	default
41	<div class=gallery slick @galleryidNUM @galleryNUM @STYLE id=@galleryNUM>	0.0	23.75609756097561	0.0	https://utazomajom.hu/vendegposzt-4-nap-barcelona/ https://utazomajom.hu/elindulni-12-szer-olvasonk-irta/ https://utazomajom.hu/olvasoi-elmenybeszamolo-bakurol/ https://utazomajom.hu/francia-polinezia-tahiti-legszebb-latnivaloi/ https://utazomajom.hu/elmenybeszamolo-egy-varos-a-szomszedban-utazas-kijevbe/	galeria	default
1	<div class=ose-youtube @LONG ose-embedpress-responsive style=@STYLE>	0.0	1.0	0.0	https://utazomajom.hu/teherhajoval-az-amazonason-csirkek-kozott/	null	default
5	<div dir=auto>	0.0	1.0	0.0	https://utazomajom.hu/hogyan-eljunk-egy-csodaszigeten-kambodzsaban-egy-honapig-ketten-osszesen-26-000-forintbol/	null	default
1	<h2>	0.0	1.0	0.0	https://utazomajom.hu/teherhajoval-az-amazonason-csirkek-kozott/	null	default
13	<hr>	0.0	0.0	0.0	https://utazomajom.hu/telbol-nyarba-irany-curacao/ https://utazomajom.hu/india-ezer-arca/ https://utazomajom.hu/elindulni-12-szer-olvasonk-irta-2-resz/ https://utazomajom.hu/elindulni-12-szer-olvasonk-irta/ https://utazomajom.hu/praktikus-informaciok-new-yorkba-keszuloknek/	null	default
1	<iframe allow=@LONG allowfullscreen= frameborder=@NUM height=@STYLE src=@LINK title=@LONG width=@STYLE>	0.0	0.0	0.0	https://utazomajom.hu/teherhajoval-az-amazonason-csirkek-kozott/	beagyazott_tartalom	src
1	<iframe height=@STYLE src=@LINK width=@STYLE>	0.0	0.0	0.0	https://utazomajom.hu/veseko-es-dengue-laz-az-egyik-nepalban-masik-indoneziaban-hogyan-eld-tul/	beagyazott_tartalom	src
1	<img alt=@alt class=@imageNUM @STYLE @STYLE data-lazy-sizes=@STYLE data-lazy-src=@LINK data-lazy-srcset=@LINK height=@STYLE loading=lazy src=@LINK width=@STYLE>	0.0	0.0	0.0	https://utazomajom.hu/osztrak-alpesi-paradicsom-ingyenes-extrakkal-letezik/	media_hivatkozas	src
16	<img alt=@alt class=@imageNUM @STYLE data-lazy-sizes=@STYLE data-lazy-src=@LINK data-lazy-srcset=@LINK height=@STYLE loading=lazy src=@LINK width=@STYLE>	0.0	0.0	0.0	https://utazomajom.hu/francia-polinezia-tahiti-legszebb-latnivaloi/ https://utazomajom.hu/hajo-vege-elet-egy-oceanjaron/ https://utazomajom.hu/szeszelyes-idojaras-es-a-vulkanok-big-island-2-resz/ https://utazomajom.hu/milyen-az-elet-egy-magyar-lanynak-mexikoban/ https://utazomajom.hu/osztrak-alpesi-paradicsom-ingyenes-extrakkal-letezik/	media_hivatkozas	src
1	<img alt=@alt class=@imageNUM @STYLE data-lazy-src=@LINK height=@STYLE loading=lazy src=@LINK width=@STYLE>	0.0	0.0	0.0	https://utazomajom.hu/fulop-szigetek-elmenybeszamolo-bohol/	media_hivatkozas	src
33	<img alt=@alt class=@STYLE @imageNUM @STYLE data-lazy-sizes=@STYLE data-lazy-src=@LINK data-lazy-srcset=@LINK height=@STYLE loading=lazy src=@LINK width=@STYLE>	0.0	0.0	0.0	https://utazomajom.hu/utazas-autostoppal/ https://utazomajom.hu/elmenybeszamolo-egy-varos-a-szomszedban-utazas-kijevbe/ https://utazomajom.hu/hogyan-eljunk-egy-csodaszigeten-kambodzsaban-egy-honapig-ketten-osszesen-26-000-forintbol/ https://utazomajom.hu/praktikus-informaciok-new-yorkba-keszuloknek/ https://utazomajom.hu/7-ok-hogy-miert-jo-kutyaval-utazni-europaban/	media_hivatkozas	src
51	<img alt=@alt class=@STYLE @imageNUM data-lazy-sizes=@STYLE data-lazy-src=@LINK data-lazy-srcset=@LINK height=@STYLE loading=lazy src=@LINK width=@STYLE>	0.0	0.0	0.0	https://utazomajom.hu/szeszelyes-idojaras-es-a-vulkanok-big-island-2-resz/ https://utazomajom.hu/francia-polinezia-tahiti-legszebb-latnivaloi/ https://utazomajom.hu/milyen-az-elet-egy-magyar-lanynak-mexikoban/ https://utazomajom.hu/osztrak-alpesi-paradicsom-ingyenes-extrakkal-letezik/ https://utazomajom.hu/egy-ejszakam-az-orosz-vadonban/	media_hivatkozas	src
3	<img alt=@alt class=@STYLE @imageNUM data-lazy-src=@LINK height=@STYLE loading=lazy src=@LINK width=@STYLE>	0.0	0.0	0.0	https://utazomajom.hu/a-tbiliszi-alom/ https://utazomajom.hu/fulop-szigetek-elmenybeszamolo-bohol/	media_hivatkozas	src
227	<img alt=@alt class=@STYLE @STYLE @imageNUM data-lazy-sizes=@STYLE data-lazy-src=@LINK data-lazy-srcset=@LINK height=@STYLE loading=lazy src=@LINK width=@STYLE>	0.0	0.0	0.0	https://utazomajom.hu/a-kulonleges-japan-elmenybeszamolo/ https://utazomajom.hu/elmenybeszamolo-kinai-nepkoztarsasag/ https://utazomajom.hu/b-terv-costa-rica/ https://utazomajom.hu/tiz-emlekezetes-hely-otletek-kozeli-es-tavoli-utazasokra/ https://utazomajom.hu/22-kihagyhatatlan-latnivalo-erdelyben/	media_hivatkozas	src
12	<img alt=@alt class=@STYLE @STYLE @imageNUM data-lazy-src=@LINK height=@STYLE loading=lazy src=@LINK width=@STYLE>	0.0	0.0	0.0	https://utazomajom.hu/tenerife-elmenybeszamolo/ https://utazomajom.hu/a-tbiliszi-alom/ https://utazomajom.hu/vendegposzt-10-kedvenc-helyem-backpacker-hu/	media_hivatkozas	src
3	<img alt=@alt class=@STYLE data-lazy-src=@LINK height=@STYLE loading=lazy src=@LINK width=@STYLE>	0.0	0.0	0.0	https://utazomajom.hu/fulop-szigetek-elmenybeszamolo-boracay/	media_hivatkozas	src
487	<img alt=@alt class=attachment-large @STYLE data-no-lazy=data-no-lazy height=@STYLE loading=lazy sizes=@STYLE src=@LINK srcset=@LINK width=@STYLE>	0.0	0.0	0.0	https://utazomajom.hu/eszak-korea-az-elzart-vilag/ https://utazomajom.hu/elindulni-12-szer-olvasonk-irta-2-resz/ https://utazomajom.hu/az-elso-elmenyunk-lakoautoval-4-orszag-5-nap-alatt/ https://utazomajom.hu/8-fo-2-auto-1-het-4-orszag-7-hataratlepes-balkan-trip/ https://utazomajom.hu/azori-szigetek-az-europai-hawaii/	media_hivatkozas	src
1	<img alt=@alt class=CToWUd data-lazy-src=@LINK height=@STYLE loading=lazy src=@LINK width=@STYLE>	0.0	0.0	0.0	https://utazomajom.hu/azori-szigetek-az-europai-hawaii/	media_hivatkozas	src
2	<img class=@imageNUM @STYLE data-lazy-sizes=@STYLE data-lazy-src=@LINK data-lazy-srcset=@LINK height=@STYLE loading=lazy src=@LINK width=@STYLE>	0.0	0.0	0.0	https://utazomajom.hu/vendegposzt-hajostoppal-atszelni-az-atlanti-oceant/	media_hivatkozas	src
1	<img data-lazy-src=@LINK loading=lazy src=@LINK>	0.0	0.0	0.0	https://utazomajom.hu/legkulonlegesebb-hotelek-ahol-megszalltunk/	media_hivatkozas	src
44	<span id=@NUM>	0.0	0.0	0.0	https://utazomajom.hu/8-fo-2-auto-1-het-4-orszag-7-hataratlepes-balkan-trip/ https://utazomajom.hu/vendegposzt-hajostoppal-atszelni-az-atlanti-oceant/ https://utazomajom.hu/mennyibe-kerul-egy-vilagkoruli-ut/ https://utazomajom.hu/buvarkodas-krokodilokkal-mexikoban/ https://utazomajom.hu/praktikus-informaciok-new-yorkba-keszuloknek/	null	default
1	<wbr>	0.0	0.0	0.0	https://utazomajom.hu/azori-szigetek-az-europai-hawaii/	null	default